,LIGAND_ENTRY,TOTAL_SCORE,SCORE_RB_PEN,SCORE_NORM_HEVATOMS,SCORE_NORM_CRT_HEVATOMS,SCORE_NORM_WEIGHT,SCORE_NORM_CRT_WEIGHT,SCORE_RB_PEN_NORM_CRT_HEVATOMS,SCORE_NORM_CONTACT,EVAL,TIME
368,ZINC000101361998_entry_00369_conf_01,-86.1547,-62.1547,-2.97085,-28.0422,-0.213561,-11.6599,-20.2306,-2.61075,3886977,17.3519
158,2733335_entry_00159_conf_01,-81.4698,-63.4698,-4.5261,-31.0866,-0.306004,-12.6641,-24.2183,-3.3945800000000004,1897838,6.53136
36,52944904_entry_00037_conf_01,-78.6695,-50.6695,-2.2477,-24.0501,-0.163011,-10.0294,-15.4902,-2.01717,5031968,25.9234
71,44630437_entry_00072_conf_01,-78.5639,-62.5639,-4.91024,-31.1781,-0.33397899999999997,-12.7269,-24.8285,-3.5710900000000003,1558149,4.7983199999999995
292,ZINC000003956714_entry_00293_conf_01,-77.9832,-59.9832,-3.54469,-27.8309,-0.250486,-11.5061,-21.406999999999996,-2.99935,2272344,8.00033
107,12600646_entry_00108_conf_01,-77.8985,-59.8985,-3.8949300000000004,-28.6981,-0.248323,-11.4646,-22.0668,-3.11594,1955150,6.90021
352,ZINC000100815672_entry_00353_conf_01,-76.7933,-56.7933,-3.07173,-26.2629,-0.210218,-10.7425,-19.423,-2.64804,2693588,10.5198
261,82313_entry_00262_conf_01,-76.4892,-64.4892,-5.09928,-31.0148,-0.34577600000000003,-12.6473,-26.1491,-3.8244599999999997,990777,2.8434
65,45266822_entry_00066_conf_01,-76.3007,-54.3007,-3.05203,-26.0945,-0.197498,-10.4763,-18.5706,-2.6310599999999997,3308567,13.1529
169,447448_entry_00170_conf_01,-75.7599,-57.7599,-4.4564699999999995,-29.4639,-0.303937,-12.038,-22.4635,-3.44363,1912367,6.21571
153,2733787_entry_00154_conf_01,-75.5739,-59.5739,-2.79903,-25.1913,-0.199215,-10.4397,-19.858,-2.43787,2140976,8.23455
351,ZINC000100815672_entry_00352_conf_01,-75.5013,-57.5013,-3.02005,-25.8211,-0.206681,-10.5618,-19.6652,-2.6034900000000003,2406227,9.07215
37,52944904_entry_00038_conf_01,-75.3675,-47.3675,-2.1533599999999997,-23.0406,-0.156495,-9.61515,-14.4807,-1.98335,4933460,25.4409
121,7067772_entry_00122_conf_01,-75.3351,-57.3351,-4.1852800000000006,-28.7457,-0.282962,-11.7105,-21.8774,-3.13896,2001348,6.87573
404,ZINC000252694384_entry_00405_conf_01,-75.1656,-47.1656,-3.2680700000000003,-26.4308,-0.22544,-10.8398,-16.585,-2.7839099999999997,4456763,17.7974
274,24139_entry_00275_conf_01,-74.9572,-62.9572,-4.99715,-30.3937,-0.338851,-12.394,-25.5279,-3.7478599999999997,985073,2.80992
361,ZINC000101136391_entry_00362_conf_01,-74.8822,-58.8822,-3.9411699999999996,-28.0626,-0.277034,-11.5815,-22.0665,-3.25575,1706360,5.719869999999999
273,24139_entry_00274_conf_01,-74.8778,-62.8778,-4.99185,-30.3615,-0.338492,-12.3809,-25.4957,-3.74389,971128,2.77323
154,2733787_entry_00155_conf_01,-74.8598,-60.8598,-2.77259,-24.9533,-0.19733299999999998,-10.3411,-20.2866,-2.41483,1813646,6.818569999999999
353,ZINC000100815672_entry_00354_conf_01,-74.8147,-56.8147,-2.9925900000000003,-25.5863,-0.204801,-10.4657,-19.4304,-2.5798200000000002,2301266,8.74187
150,2801971_entry_00151_conf_01,-74.69800000000001,-58.698,-3.3953599999999997,-26.6584,-0.239934,-11.0214,-20.9483,-2.873,1845925,6.38591
141,5284365_entry_00142_conf_01,-74.4267,-52.4267,-3.72134,-27.419,-0.237256,-10.9536,-19.3142,-3.10111,2672343,9.99349
312,ZINC000015205946_entry_00313_conf_01,-74.275,-58.275,-3.09479,-25.7497,-0.216986,-10.6179,-20.2028,-2.65268,2004002,7.48575
68,45266741_entry_00069_conf_01,-74.2511,-62.2511,-6.18759,-32.4321,-0.41208900000000004,-13.1462,-27.1907,-4.36771,869945,2.35506
350,ZINC000100656214_entry_00351_conf_01,-74.2104,-56.2104,-3.3732,-26.4844,-0.238367,-10.9494,-20.0605,-2.8542400000000003,2182204,7.63718
367,ZINC000101361998_entry_00368_conf_01,-74.1951,-52.1951,-2.55845,-24.1496,-0.18391500000000002,-10.0413,-16.9888,-2.47317,3358738,14.2945
175,445621_entry_00176_conf_01,-74.1539,-62.1539,-6.17949,-32.3897,-0.41155,-13.129000000000001,-27.1482,-4.3619900000000005,849447,2.39601
48,49802606_entry_00049_conf_01,-74.0702,-58.0702,-4.11501,-28.2631,-0.269164,-11.3877,-22.1579,-3.22045,1505581,4.76227
241,112106_entry_00242_conf_01,-74.0678,-58.0678,-2.96271,-25.3308,-0.213232,-10.5367,-19.8589,-2.5540599999999998,1908706,7.05417
264,35717_entry_00265_conf_01,-74.0199,-62.0199,-4.93466,-30.0136,-0.33461399999999997,-12.239,-25.1479,-3.701,1009571,2.8947700000000003
348,ZINC000100656214_entry_00349_conf_01,-73.9535,-57.9535,-3.3615199999999996,-26.3927,-0.237542,-10.9115,-20.6826,-2.84436,2004895,6.83558
255,84265_entry_00256_conf_01,-73.8885,-61.8885,-4.9259,-29.9603,-0.33402,-12.2173,-25.0946,-3.69443,973526,2.76972
35,52948856_entry_00036_conf_01,-73.8213,-43.8213,-2.05059,-22.357,-0.148947,-9.32821,-13.2714,-1.99517,5234484,27.7141
293,ZINC000003956714_entry_00294_conf_01,-73.8018,-57.8018,-3.3546300000000002,-26.3386,-0.23705500000000002,-10.8892,-20.6285,-2.83853,1982527,6.880510000000001
366,ZINC000101361998_entry_00367_conf_01,-73.4892,-49.4892,-2.5341099999999996,-23.9198,-0.18216500000000002,-9.94575,-16.1081,-2.2965400000000002,3829502,17.2079
244,102416_entry_00245_conf_01,-73.3307,-57.3307,-3.05544,-25.4223,-0.214227,-10.4829,-19.8754,-2.61895,2079775,7.64915
41,52944903_entry_00042_conf_01,-73.33,-47.33,-2.15676,-22.6354,-0.156832,-9.44784,-14.6098,-1.9297400000000002,4450962,21.6723
256,84265_entry_00257_conf_01,-73.2901,-61.2901,-4.88601,-29.7177,-0.331315,-12.1184,-24.8519,-3.66451,996158,2.83192
44,51351654_entry_00045_conf_01,-73.1884,-59.1884,-4.574269999999999,-29.0448,-0.283428,-11.4932,-23.4889,-3.48516,1253417,3.8762800000000004
95,24779679_entry_00096_conf_01,-73.1123,-53.1123,-3.4815400000000003,-26.5003,-0.238683,-10.8459,-19.2511,-2.92449,2612270,9.250169999999999
143,5284365_entry_00144_conf_01,-73.0441,-51.0441,-3.6522099999999997,-26.9097,-0.23210300000000003,-10.7387,-18.8048,-2.92176,2811395,10.7811
402,ZINC000252694384_entry_00403_conf_01,-73.0125,-47.0125,-3.17446,-25.6737,-0.218982,-10.5293,-16.5312,-2.80817,4387018,17.0425
67,45266741_entry_00068_conf_01,-72.952,-60.952,-6.079330000000001,-31.8647,-0.40488,-12.9162,-26.6232,-4.29129,866186,2.35059
49,49802606_entry_00050_conf_01,-72.9333,-56.9333,-4.05185,-27.8293,-0.265033,-11.2129,-21.7241,-3.17101,1603752,5.01978
291,ZINC000003956714_entry_00292_conf_01,-72.9012,-56.9012,-3.3136900000000002,-26.0172,-0.23416199999999998,-10.7563,-20.3071,-2.80389,1995751,6.82615
151,2801971_entry_00152_conf_01,-72.8565,-56.8565,-3.31166,-26.0012,-0.23401799999999998,-10.7497,-20.2911,-2.8021700000000003,2018740,6.77462
259,82398_entry_00260_conf_01,-72.845,-56.845,-3.0352099999999997,-25.254,-0.212808,-10.4135,-19.7071,-2.60161,2059264,7.57353
242,112106_entry_00243_conf_01,-72.6829,-56.6829,-2.90732,-24.8572,-0.209245,-10.3397,-19.3853,-2.50631,1897041,7.073910000000001
240,112106_entry_00241_conf_01,-72.676,-58.676,-2.9070400000000003,-24.8548,-0.209225,-10.3387,-20.0669,-2.5060700000000002,1657876,5.88852
22,57339292_entry_00023_conf_01,-72.6657,-52.6657,-3.63329,-26.7703,-0.246962,-10.9252,-19.4022,-2.90663,2486670,8.97457
455,ZINC000616583702_entry_00456_conf_01,-72.6522,-50.6522,-3.6326099999999997,-26.7653,-0.249373,-10.9593,-18.6604,-3.02718,2846204,10.1444
84,25243963_entry_00085_conf_01,-72.615,-58.615,-3.8218400000000003,-27.2129,-0.24272,-10.8572,-21.9663,-3.1571700000000003,1510488,4.7596300000000005
144,4282259_entry_00145_conf_01,-72.5487,-58.5487,-3.4547,-26.296,-0.244024,-10.87,-21.2216,-3.0228599999999997,1609133,5.16611
439,ZINC000575124647_entry_00440_conf_01,-72.4694,-54.4694,-4.02608,-27.6523,-0.275248,-11.3069,-20.784000000000002,-3.29406,1927125,6.20713
27,54758653_entry_00028_conf_01,-72.3902,-58.3902,-3.8100099999999997,-27.1287,-0.24196900000000002,-10.8236,-21.8821,-3.1474,1485515,4.6710400000000005
168,447448_entry_00169_conf_01,-72.342,-54.342,-4.2554099999999995,-28.1346,-0.290225,-11.4949,-21.1342,-3.28827,1788573,5.7599599999999995
58,45933887_entry_00059_conf_01,-72.3006,-60.3006,-6.02505,-31.5802,-0.401264,-12.8008,-26.3387,-4.2529699999999995,872405,2.32688
122,7067772_entry_00123_conf_01,-72.225,-54.225,-4.0125,-27.559,-0.27128,-11.227,-20.6907,-3.1402200000000002,1959507,6.7517
203,439174_entry_00204_conf_01,-72.1278,-58.1278,-4.80852,-29.2464,-0.326061,-11.9262,-23.5697,-3.7962,1193252,3.51813
318,ZINC000015205956_entry_00319_conf_01,-72.1038,-58.1038,-3.43351,-26.1347,-0.242527,-10.8034,-21.0603,-2.88415,1575400,5.15367
453,ZINC000616583702_entry_00454_conf_01,-72.041,-52.041000000000004,-3.60205,-26.5401,-0.247275,-10.8671,-19.1721,-3.0017099999999997,2640855,9.09361
276,18897_entry_00277_conf_01,-71.9719,-59.9719,-5.99766,-31.4366,-0.401688,-12.7665,-26.1952,-3.99844,886699,2.48722
376,ZINC000102974493_entry_00377_conf_01,-71.8946,-55.8946,-3.2679400000000003,-25.658,-0.21671700000000002,-10.3855,-19.9478,-2.87578,1817859,6.26074
69,44630437_entry_00070_conf_01,-71.8649,-55.8649,-4.49156,-28.5196,-0.305501,-11.6417,-22.17,-3.42214,1454506,4.40909
388,ZINC000106382957_entry_00389_conf_01,-71.8188,-55.8188,-3.12256,-25.2539,-0.220769,-10.4425,-19.6278,-2.65996,1916285,6.891039999999999
225,193108_entry_00226_conf_01,-71.8094,-57.8094,-4.488090000000001,-28.4976,-0.239283,-10.7257,-22.9417,-3.4195,1258804,3.7095
200,439213_entry_00201_conf_01,-71.793,-59.793,-5.98275,-31.3585,-0.398447,-12.710999999999999,-26.116999999999997,-3.9885,844403,2.36344
272,24154_entry_00273_conf_01,-71.712,-59.711999999999996,-5.976,-31.3231,-0.397998,-12.6966,-26.0816,-4.21836,851725,2.4073
360,ZINC000101136391_entry_00361_conf_01,-71.7033,-55.7033,-3.77386,-26.8713,-0.266266,-11.1036,-20.8752,-3.11754,1778039,5.80012
78,44119773_entry_00079_conf_01,-71.7027,-59.7027,-4.7801800000000005,-29.074,-0.324139,-11.8559,-24.2082,-3.5851300000000004,1015469,2.8195099999999997
442,ZINC000616582453_entry_00443_conf_01,-71.6851,-47.6851,-3.4135800000000005,-25.983,-0.23475100000000002,-10.6452,-17.2839,-2.8674,3162282,11.8188
267,29327_entry_00268_conf_01,-71.643,-57.643,-3.9801699999999998,-27.3369,-0.270117,-11.1506,-21.9949,-3.11491,1277058,4.231380000000001
237,118328_entry_00238_conf_01,-71.6161,-55.6161,-2.65245,-23.872,-0.188782,-9.89299,-18.5387,-2.3102,1969026,7.62148
199,439213_entry_00200_conf_01,-71.5483,-59.5483,-5.962359999999999,-31.2516,-0.399323,-12.6913,-26.0101,-4.20872,834474,2.27395
275,24139_entry_00276_conf_01,-71.545,-57.545,-4.76966,-29.0101,-0.32342600000000005,-11.8298,-23.3333,-3.57725,1116663,3.3010300000000004
315,ZINC000015205949_entry_00316_conf_01,-71.5315,-55.5315,-2.98048,-24.7986,-0.208971,-10.2257,-19.2517,-2.5547,2065923,7.63616
202,439174_entry_00203_conf_01,-71.5237,-57.5237,-4.76825,-29.0014,-0.32333,-11.8263,-23.3247,-3.57619,1174957,3.51309
450,ZINC000616582904_entry_00451_conf_01,-71.4857,-53.4857,-3.9714300000000002,-27.2769,-0.27573400000000003,-11.210999999999999,-20.4086,-3.24935,1879747,6.0612699999999995
39,52944903_entry_00040_conf_01,-71.4233,-45.4233,-2.10068,-22.0469,-0.153084,-9.20881,-14.0212,-1.9303599999999999,4606815,22.1998
4,129878031_entry_00005_conf_01,-71.4021,-53.4021,-4.20012,-27.7691,-0.286454,-11.3456,-20.7687,-3.1044400000000003,1962266,6.27027
307,ZINC000015205814_entry_00308_conf_01,-71.257,-53.257,-2.96904,-24.7034,-0.208169,-10.1865,-18.4632,-2.54489,2372292,9.017000000000001
38,52944904_entry_00039_conf_01,-71.1777,-43.1777,-2.03365,-21.7598,-0.14748699999999998,-9.07431,-13.1999,-1.92372,4885600,24.5897
105,12600646_entry_00106_conf_01,-71.1611,-53.1611,-3.55805,-26.215999999999998,-0.226846,-10.472999999999999,-19.5847,-2.8464400000000003,1941816,6.8042300000000004
403,ZINC000252694384_entry_00404_conf_01,-71.0634,-45.0634,-3.0897099999999997,-24.9883,-0.21313600000000002,-10.2483,-15.8458,-2.63198,4265552,16.5666
258,82398_entry_00259_conf_01,-71.0552,-55.0552,-2.96063,-24.6334,-0.20757899999999999,-10.1576,-19.0866,-2.63167,2052072,7.57397
92,24847493_entry_00093_conf_01,-71.0225,-53.0225,-3.55113,-26.1649,-0.226404,-10.4526,-19.5337,-2.95927,1964756,6.77995
109,12302999_entry_00110_conf_01,-70.9684,-58.9684,-5.91403,-30.9983,-0.393871,-12.565,-25.7568,-3.9426900000000002,873323,2.38633
3,129878031_entry_00004_conf_01,-70.9031,-54.9031,-4.17077,-27.575,-0.284452,-11.2663,-21.3524,-3.22287,1679811,5.03441
385,ZINC000106382931_entry_00386_conf_01,-70.8975,-54.8975,-3.22261,-25.3021,-0.22486199999999998,-10.4166,-19.592,-2.72683,1807953,6.21858
309,ZINC000015205840_entry_00310_conf_01,-70.888,-52.888000000000005,-2.9536700000000002,-24.5755,-0.207091,-10.1337,-18.3353,-2.62548,2251802,8.54718
390,ZINC000106382965_entry_00391_conf_01,-70.8598,-52.8598,-3.08086,-24.9167,-0.21782100000000001,-10.3031,-18.5873,-2.72538,2169116,7.88775
456,ZINC000616583781_entry_00457_conf_01,-70.7719,-52.7719,-3.72484,-26.5222,-0.255205,-10.8527,-19.7766,-3.07704,2127057,6.92019
440,ZINC000575124647_entry_00441_conf_01,-70.7045,-52.7045,-3.92803,-26.9788,-0.268545,-11.0316,-20.1105,-3.2138400000000003,1919803,6.06725
393,ZINC000106384102_entry_00394_conf_01,-70.648,-54.648,-3.2112700000000003,-25.2131,-0.226925,-10.4238,-19.503,-2.71723,1647638,5.8498
377,ZINC000102974493_entry_00378_conf_01,-70.6134,-54.6134,-3.2097,-25.2007,-0.21285500000000002,-10.2005,-19.4906,-2.7159,1862275,6.4209
288,ZINC000001471333_entry_00289_conf_01,-70.5507,-54.5507,-3.20685,-25.1783,-0.22661199999999998,-10.4095,-19.4682,-2.82203,1871559,6.48966
113,11908605_entry_00114_conf_01,-70.5327,-56.5327,-4.70218,-28.5996,-0.318849,-11.6624,-22.9229,-3.5266300000000004,1154303,3.40191
392,ZINC000106382965_entry_00393_conf_01,-70.5126,-52.5126,-3.06576,-24.7946,-0.216754,-10.2526,-18.4652,-2.71202,2226068,8.181239999999999
159,644170_entry_00160_conf_01,-70.5065,-58.5065,-4.70044,-28.589000000000002,-0.318731,-11.6581,-23.7232,-3.5253300000000003,1046537,2.91807
170,447448_entry_00171_conf_01,-70.4356,-52.4356,-4.143269999999999,-27.3932,-0.282577,-11.192,-20.3928,-3.35408,1753310,5.66336
268,29327_entry_00269_conf_01,-70.361,-56.361000000000004,-3.9089400000000003,-26.8477,-0.265283,-10.9511,-21.5057,-3.19823,1391273,4.5524
444,ZINC000616582683_entry_00445_conf_01,-70.3075,-52.3075,-3.9059699999999995,-26.8273,-0.269097,-10.9978,-19.959,-3.19579,2006233,6.46256
306,ZINC000015205814_entry_00307_conf_01,-70.2584,-54.2584,-2.9274299999999998,-24.3572,-0.205252,-10.0437,-18.8103,-2.50923,2126179,7.815360000000001
289,ZINC000001471333_entry_00290_conf_01,-70.2559,-54.2559,-3.19345,-25.0731,-0.225665,-10.366,-19.363,-2.81023,1834938,6.3470699999999995
325,ZINC000019898298_entry_00326_conf_01,-70.212,-54.211999999999996,-3.34343,-25.449,-0.23616399999999999,-10.5199,-19.6497,-2.80848,1802473,6.00622
441,ZINC000616582453_entry_00442_conf_01,-70.1861,-48.1861,-3.3422,-25.4397,-0.229843,-10.4226,-17.4655,-2.80744,3009507,10.7416
34,52948856_entry_00035_conf_01,-70.1829,-40.1829,-1.94953,-21.2551,-0.14160599999999998,-8.86845,-12.1695,-1.8469200000000001,4400154,23.0447
443,ZINC000616582453_entry_00444_conf_01,-70.164,-46.163999999999994,-3.34114,-25.4317,-0.22976999999999997,-10.4194,-16.7326,-2.9235,3251869,12.0369
2,134695375_entry_00003_conf_01,-70.1333,-52.1333,-3.89629,-26.7609,-0.264425,-10.9157,-19.8926,-3.18788,1860687,6.10709
66,45266741_entry_00067_conf_01,-70.0899,-58.0899,-5.84083,-30.6146,-0.39118400000000003,-12.4327,-25.3731,-4.12294,835801,2.22934
362,ZINC000101136391_entry_00363_conf_01,-70.0585,-54.0585,-3.68729,-26.2548,-0.260158,-10.8489,-20.2587,-3.04602,1749308,5.67101
389,ZINC000106382957_entry_00390_conf_01,-70.0546,-52.0546,-3.04585,-24.6336,-0.215346,-10.186,-18.3042,-2.59461,2138313,7.805039999999999
128,6713972_entry_00129_conf_01,-70.0194,-56.0194,-3.88997,-26.7174,-0.262996,-10.8842,-21.3754,-3.04432,1316035,4.3009
152,2801971_entry_00153_conf_01,-70.0006,-52.0006,-3.1818400000000002,-24.982,-0.224845,-10.3283,-18.5581,-2.69233,2296741,8.003960000000001
142,5284365_entry_00143_conf_01,-69.9689,-51.9689,-3.49844,-25.7767,-0.222331,-10.2866,-19.1455,-2.9153700000000002,1982998,7.047280000000001
70,44630437_entry_00071_conf_01,-69.9563,-53.9563,-4.372269999999999,-27.7622,-0.297388,-11.3325,-21.4126,-3.49781,1440904,4.41224
193,440049_entry_00194_conf_01,-69.9112,-57.9112,-5.8259300000000005,-30.5365,-0.38800300000000004,-12.3778,-25.295,-3.8839599999999996,896911,2.5274099999999997
422,ZINC000307008534_entry_00423_conf_01,-69.8898,-57.8898,-4.99213,-28.9982,-0.335631,-11.7913,-24.0192,-3.67841,1041371,2.78816
313,ZINC000015205946_entry_00314_conf_01,-69.76899999999999,-53.769,-2.9070400000000003,-24.1876,-0.203822,-9.97375,-18.6407,-2.49175,2053992,7.66333
131,6420074_entry_00132_conf_01,-69.7654,-51.7654,-3.87585,-26.6205,-0.26303699999999997,-10.8584,-19.7522,-3.03328,1871865,6.3205
0,134695375_entry_00001_conf_01,-69.7567,-55.7567,-3.8753699999999998,-26.6172,-0.262009,-10.8433,-21.2752,-3.0329,1291636,4.03431
451,ZINC000616582904_entry_00452_conf_01,-69.7208,-53.7208,-3.8733800000000005,-26.6035,-0.26892699999999997,-10.9342,-20.4983,-3.32004,1616554,5.0361
33,52948856_entry_00034_conf_01,-69.7087,-39.7087,-1.93635,-21.1115,-0.14093599999999998,-8.81451,-12.0259,-1.88402,5201791,27.1064
205,433580_entry_00206_conf_01,-69.6723,-53.6723,-4.09837,-27.0963,-0.277318,-11.0416,-20.8738,-3.3177300000000005,1667720,5.3642199999999995
181,441038_entry_00182_conf_01,-69.6304,-53.6304,-4.09591,-27.0801,-0.277152,-11.035,-20.8575,-3.3157400000000004,1655830,5.22026
333,ZINC000044021353_entry_00334_conf_01,-69.575,-53.575,-3.3130900000000003,-25.2182,-0.234021,-10.4245,-19.4188,-2.783,1680000,5.54788
413,ZINC000257346903_entry_00414_conf_01,-69.5469,-49.5469,-2.67488,-23.4758,-0.194616,-9.800419999999999,-16.7247,-2.39817,2605475,10.4306
454,ZINC000616583702_entry_00455_conf_01,-69.5151,-47.5151,-3.47575,-25.6096,-0.238605,-10.4861,-17.5047,-2.89646,2808568,10.0352
359,ZINC000101135603_entry_00360_conf_01,-69.5149,-47.5149,-2.3970700000000003,-22.6262,-0.17316099999999998,-9.42328,-15.4655,-2.17234,3487595,14.7837
21,57339292_entry_00022_conf_01,-69.4612,-49.4612,-3.47306,-25.5897,-0.23688299999999998,-10.4554,-18.2217,-2.77845,2458146,8.768180000000001
279,5300_entry_00280_conf_01,-69.4585,-51.4585,-3.8588,-26.5034,-0.26188,-10.8106,-19.6351,-3.01993,1848052,6.3429199999999994
31,54758613_entry_00032_conf_01,-69.4552,-53.4552,-3.6555400000000002,-26.0288,-0.23131500000000002,-10.3722,-20.0327,-3.01979,1694983,5.43885
57,45933887_entry_00058_conf_01,-69.4121,-57.4121,-5.78434,-30.3185,-0.3874,-12.3124,-25.076999999999998,-4.08306,865831,2.27378
375,ZINC000102974493_entry_00376_conf_01,-69.4035,-55.4035,-3.1547,-24.7689,-0.209208,-10.0257,-19.7725,-2.7761400000000003,1576014,5.3515
91,24847493_entry_00092_conf_01,-69.4033,-51.4033,-3.47016,-25.5684,-0.221242,-10.2143,-18.9371,-2.7761299999999998,2132086,7.2708
23,57339292_entry_00024_conf_01,-69.3965,-49.3965,-3.4698300000000004,-25.5659,-0.236663,-10.4456,-18.1978,-2.7758599999999998,2449943,8.73904
299,ZINC000004027859_entry_00300_conf_01,-69.3745,-59.3745,-3.1533900000000004,-24.7586,-0.224287,-10.2581,-21.1898,-2.77498,1037702,3.18255
108,12302999_entry_00109_conf_01,-69.3727,-57.3727,-5.78106,-30.3013,-0.387181,-12.3054,-25.0598,-4.08075,864613,2.32132
185,440552_entry_00186_conf_01,-69.317,-55.317,-4.6211400000000005,-28.1067,-0.313354,-11.4614,-22.43,-3.46585,1137115,3.35291
384,ZINC000106382931_entry_00385_conf_01,-69.2971,-55.2971,-3.14987,-24.7309,-0.219786,-10.1815,-19.7346,-2.66527,1535383,5.19951
271,24154_entry_00272_conf_01,-69.2879,-57.2879,-5.77399,-30.2643,-0.384544,-12.2674,-25.0228,-4.07576,822526,2.3098799999999997
5,129878031_entry_00006_conf_01,-69.2489,-51.2489,-4.0734699999999995,-26.9317,-0.277816,-11.0034,-19.9313,-3.14768,1860534,5.92033
391,ZINC000106382965_entry_00392_conf_01,-69.2401,-53.2401,-3.01044,-24.3472,-0.212842,-10.0676,-18.721,-2.66308,1965619,6.939369999999999
59,45933887_entry_00060_conf_01,-69.2372,-57.2372,-5.769769999999999,-30.2421,-0.386425,-12.2814,-25.0006,-4.072780000000001,839701,2.21216
61,45357367_entry_00062_conf_01,-69.2307,-55.2307,-3.84615,-26.4165,-0.260033,-10.7616,-21.0745,-2.88461,1405494,4.47969
280,5300_entry_00281_conf_01,-69.2221,-51.2221,-3.8456699999999997,-26.4132,-0.26098899999999997,-10.7738,-19.5449,-3.00966,1807791,6.22054
163,449462_entry_00164_conf_01,-69.1893,-57.1893,-5.76578,-30.2212,-0.383997,-12.25,-24.9797,-4.06996,880319,2.40151
179,441477_entry_00180_conf_01,-69.167,-57.167,-5.76391,-30.2115,-0.38603200000000004,-12.2689,-24.97,-3.8426099999999996,844858,2.3062099999999996
1,134695375_entry_00002_conf_01,-69.165,-51.165,-3.8425,-26.3914,-0.260774,-10.7649,-19.5231,-3.1438599999999997,1811257,6.1005
72,44341508_entry_00073_conf_01,-69.1608,-51.1608,-2.5615099999999997,-23.0536,-0.183264,-9.57044,-17.0536,-2.30536,2319512,9.01366
162,449462_entry_00163_conf_01,-69.1293,-57.1293,-5.76077,-30.195,-0.385822,-12.2623,-24.9535,-3.8405099999999996,843706,2.29913
290,ZINC000001471333_entry_00291_conf_01,-69.1241,-55.1241,-3.14201,-24.6692,-0.22203,-10.199,-19.6729,-2.65862,1533561,5.17164
395,ZINC000106384102_entry_00396_conf_01,-69.0401,-55.0401,-3.1381799999999997,-24.6392,-0.22175999999999998,-10.1866,-19.6429,-2.65539,1476645,4.96531
30,54758613_entry_00031_conf_01,-68.9916,-52.9916,-3.6311400000000003,-25.855,-0.229771,-10.302999999999999,-19.8589,-2.9996400000000003,1725370,5.49348
176,445621_entry_00177_conf_01,-68.98,-56.98,-5.74834,-30.1298,-0.38498899999999997,-12.2358,-24.8883,-4.05765,909654,2.46614
73,44341508_entry_00074_conf_01,-68.9629,-52.9629,-2.55418,-22.9876,-0.182739,-9.54306,-17.6543,-2.37803,2105294,7.8671
74,44341508_entry_00075_conf_01,-68.95,-50.95,-2.5537,-22.9833,-0.182705,-9.54128,-16.9833,-2.29833,2276805,8.7744
145,4282259_entry_00146_conf_01,-68.9498,-52.9498,-3.28332,-24.9915,-0.23191799999999999,-10.3308,-19.1922,-2.87291,1790496,5.92086
270,24154_entry_00271_conf_01,-68.9263,-56.9263,-5.74386,-30.1064,-0.38469000000000003,-12.2263,-24.8649,-3.82924,861041,2.42372
234,122253_entry_00235_conf_01,-68.8912,-52.8912,-3.13142,-24.5861,-0.221282,-10.1646,-18.875999999999998,-2.64966,1876936,6.38897
357,ZINC000101135603_entry_00358_conf_01,-68.8539,-46.8539,-2.37427,-22.4111,-0.171515,-9.33367,-15.2503,-2.2210900000000002,3596349,15.2525
425,ZINC000307565252_entry_00426_conf_01,-68.85,-54.85,-2.99348,-24.21,-0.21230100000000002,-10.0212,-19.2871,-2.55,1490750,5.09271
349,ZINC000100656214_entry_00350_conf_01,-68.8334,-50.8334,-3.12879,-24.5654,-0.22109600000000001,-10.1561,-18.1416,-2.64744,2189349,7.77198
354,ZINC000101073479_entry_00355_conf_01,-68.7543,-52.7543,-3.2740099999999996,-24.9207,-0.23126100000000002,-10.3015,-19.1213,-2.7501700000000002,1948987,6.66728
186,440271_entry_00187_conf_01,-68.6765,-54.6765,-3.61455,-25.7369,-0.22872199999999998,-10.2559,-20.4903,-2.9859299999999998,1474596,4.64542
438,ZINC000575124647_entry_00439_conf_01,-68.675,-52.675,-3.8152800000000004,-26.2044,-0.260836,-10.7149,-20.0993,-3.2702400000000003,1693435,5.21269
386,ZINC000106382931_entry_00387_conf_01,-68.6087,-52.6087,-3.11858,-24.4853,-0.217602,-10.0803,-18.7751,-2.74435,1747986,6.05808
298,ZINC000004027859_entry_00299_conf_01,-68.6081,-58.6081,-3.11855,-24.4851,-0.221809,-10.1448,-20.9162,-2.74432,1064371,3.3376900000000003
447,ZINC000616582813_entry_00448_conf_01,-68.5612,-52.5612,-4.03301,-26.6642,-0.275057,-10.8941,-20.4416,-3.2648200000000003,1536257,4.7262
111,11908605_entry_00112_conf_01,-68.5431,-56.5431,-4.56954,-27.7929,-0.309855,-11.3334,-22.9271,-3.42715,1037945,2.87232
198,439213_entry_00199_conf_01,-68.5158,-56.5158,-5.70965,-29.927,-0.382398,-12.1534,-24.6856,-4.03034,869249,2.36999
177,441477_entry_00178_conf_01,-68.5158,-56.5158,-5.70965,-29.927,-0.382398,-12.1534,-24.6855,-4.03034,887455,2.39608
355,ZINC000101073479_entry_00356_conf_01,-68.495,-52.495,-3.26167,-24.8267,-0.23038899999999998,-10.2626,-19.0273,-2.7398,1981838,6.7268300000000005
381,ZINC000106381125_entry_00382_conf_01,-68.4848,-52.4848,-3.42424,-25.23,-0.23506799999999997,-10.3306,-19.3356,-2.85353,1760293,5.6247300000000005
82,42612215_entry_00083_conf_01,-68.4293,-50.4293,-3.8016300000000003,-26.1107,-0.26095,-10.6909,-19.2424,-2.85122,2018277,6.83643
257,84265_entry_00258_conf_01,-68.4225,-54.4225,-4.5615,-27.744,-0.30931,-11.3135,-22.0672,-3.6011800000000003,1226598,3.54829
174,445621_entry_00175_conf_01,-68.4119,-56.4119,-5.7010000000000005,-29.8817,-0.381819,-12.135,-24.6402,-3.8006599999999997,853026,2.39613
79,44119773_entry_00080_conf_01,-68.3417,-54.3417,-4.55612,-27.7112,-0.30894499999999997,-11.3002,-22.0345,-3.41709,1126704,3.31829
324,ZINC000019898298_entry_00325_conf_01,-68.3395,-54.3395,-3.25426,-24.7704,-0.229866,-10.2394,-19.6959,-2.73358,1580186,5.11532
40,52944903_entry_00041_conf_01,-68.3225,-42.3225,-2.00949,-21.0897,-0.146438,-8.80902,-13.0641,-1.89785,4036291,19.0628
97,22833605_entry_00098_conf_01,-68.3224,-52.3224,-4.01896,-26.5713,-0.271945,-10.8277,-20.3487,-3.1055599999999997,1744841,5.45549
310,ZINC000015205840_entry_00311_conf_01,-68.2937,-52.2937,-2.84557,-23.6761,-0.199512,-9.76285,-18.1292,-2.43906,1874177,6.98675
286,739_entry_00287_conf_01,-68.2265,-56.2265,-5.6855400000000005,-29.8007,-0.380784,-12.1021,-24.5592,-4.013319999999999,844113,2.32038
80,44119773_entry_00081_conf_01,-68.2043,-54.2043,-4.5469599999999994,-27.6555,-0.308324,-11.2774,-21.9788,-3.41022,1193010,3.45831
394,ZINC000106384102_entry_00395_conf_01,-68.1934,-52.1934,-3.0997,-24.3371,-0.21904,-10.0617,-18.6269,-2.7277400000000003,1768297,6.13854
187,440271_entry_00188_conf_01,-68.186,-52.18600000000001,-3.58874,-25.5531,-0.227088,-10.1827,-19.557000000000002,-2.96461,1748109,5.71246
42,51351654_entry_00043_conf_01,-68.1843,-54.1843,-4.26152,-27.0589,-0.264049,-10.7074,-21.503,-3.24687,1294304,3.8641099999999997
98,22833605_entry_00099_conf_01,-68.1662,-52.1662,-4.00978,-26.5106,-0.27132399999999995,-10.8029,-20.288,-3.24601,1721403,5.38622
87,25243937_entry_00088_conf_01,-68.1649,-54.1649,-3.5876300000000003,-25.5452,-0.227845,-10.1919,-20.2986,-2.96369,1390120,4.44718
120,7067772_entry_00121_conf_01,-68.1635,-50.1635,-3.78686,-26.0092,-0.256025,-10.5957,-19.141,-2.9636299999999998,2005720,6.832210000000001
147,3052142_entry_00148_conf_01,-68.1561,-44.1561,-2.43415,-22.4449,-0.160823,-9.07373,-14.5413,-2.3502099999999997,3854447,15.5708
119,9816401_entry_00120_conf_01,-68.1176,-52.1176,-4.00692,-26.4917,-0.27222199999999996,-10.8097,-20.2691,-3.2437,1704978,5.37113
235,122253_entry_00236_conf_01,-68.0915,-50.0915,-3.09507,-24.3007,-0.21871300000000002,-10.0466,-17.8768,-2.6189,2179561,7.629169999999999
245,102416_entry_00246_conf_01,-68.0793,-50.0793,-2.83664,-23.6018,-0.19888499999999998,-9.7322,-17.3615,-2.52146,2220501,8.42113
221,198515_entry_00222_conf_01,-68.0557,-44.0557,-2.43056,-22.4119,-0.145342,-8.76408,-14.5083,-2.34675,3735071,15.288
62,45357367_entry_00063_conf_01,-67.9617,-49.9617,-3.77565,-25.9323,-0.256237,-10.5777,-19.064,-2.95486,1885634,6.28902
85,25243963_entry_00086_conf_01,-67.9502,-51.9502,-3.5763300000000005,-25.4648,-0.227127,-10.1598,-19.4687,-3.0886400000000003,1807783,5.83775
305,ZINC000013545464_entry_00306_conf_01,-67.9182,-53.9182,-3.2342,-24.6176,-0.228448,-10.1762,-19.5432,-2.71673,1432341,4.68409
284,899_entry_00285_conf_01,-67.8605,-53.8605,-4.524030000000001,-27.5161,-0.30677,-11.2206,-21.8394,-3.5716099999999997,1207929,3.56645
127,6713972_entry_00128_conf_01,-67.8551,-53.8551,-3.7697300000000005,-25.8916,-0.254866,-10.5477,-20.5496,-3.08432,1239379,4.06888
334,ZINC000044021353_entry_00335_conf_01,-67.8278,-51.8278,-3.2299,-24.5849,-0.228145,-10.1627,-18.7855,-2.82616,1856025,6.25626
146,4282259_entry_00147_conf_01,-67.8094,-53.8094,-3.2290200000000002,-24.5782,-0.22808299999999998,-10.1599,-19.5038,-2.82539,1420267,4.5659
110,12302999_entry_00111_conf_01,-67.8022,-55.8022,-5.650180000000001,-29.6153,-0.376298,-12.0044,-24.3738,-3.9883599999999997,858126,2.3066400000000002
139,5317448_entry_00140_conf_01,-67.8001,-55.8001,-5.65001,-29.6144,-0.376287,-12.004000000000001,-24.3729,-3.7666699999999995,884760,2.40865
398,ZINC000164373873_entry_00399_conf_01,-67.7762,-55.7762,-5.21355,-28.8245,-0.350808,-11.724,-23.7211,-3.76534,913443,2.43529
317,ZINC000015205949_entry_00318_conf_01,-67.7653,-49.7653,-2.82355,-23.4929,-0.197968,-9.68732,-17.2527,-2.50983,2262986,8.43876
423,ZINC000307565252_entry_00424_conf_01,-67.7647,-55.7647,-2.9462900000000003,-23.8284,-0.209606,-9.87347,-19.6087,-2.60633,1305552,4.20824
314,ZINC000015205946_entry_00315_conf_01,-67.6783,-49.6783,-2.81993,-23.4628,-0.197714,-9.67488,-17.2225,-2.5066,2242684,8.471219999999999
304,ZINC000013545464_entry_00305_conf_01,-67.6406,-51.6406,-3.22098,-24.517,-0.22751500000000002,-10.1346,-18.7177,-2.8183599999999998,1712714,5.6955
9,91820057_entry_00010_conf_01,-67.615,-53.615,-3.5586900000000004,-25.3391,-0.225187,-10.0974,-20.0926,-3.07341,1447144,4.45939
311,ZINC000015205840_entry_00312_conf_01,-67.5782,-51.5782,-2.81576,-23.428,-0.19742200000000001,-9.66057,-17.8812,-2.5029,2003126,7.318060000000001
303,ZINC000013545464_entry_00304_conf_01,-67.5654,-51.5654,-3.2174,-24.4897,-0.227262,-10.1234,-18.6904,-2.70261,1717263,5.7277
192,440049_entry_00193_conf_01,-67.5359,-55.5359,-5.6279900000000005,-29.499000000000002,-0.376929,-11.9796,-24.2575,-3.75199,866156,2.3552400000000002
90,24847493_entry_00091_conf_01,-67.4538,-49.4538,-3.37269,-24.8502,-0.21502800000000002,-9.92741,-18.219,-2.69815,2101422,7.2252
60,45357367_entry_00061_conf_01,-67.3357,-49.3357,-3.7408699999999997,-25.6934,-0.253877,-10.4802,-18.8251,-2.9276400000000002,1879789,6.28333
424,ZINC000307565252_entry_00425_conf_01,-67.2861,-55.2861,-2.92548,-23.6601,-0.207479,-9.79358,-19.4405,-2.58793,1315156,4.35407
411,ZINC000257346903_entry_00412_conf_01,-67.2209,-49.2209,-2.58542,-22.6906,-0.188107,-9.472660000000001,-16.6147,-2.31796,2365968,9.1305
236,122253_entry_00237_conf_01,-67.2045,-49.2045,-3.05475,-23.9842,-0.215864,-9.91576,-17.5603,-2.5847900000000004,2132382,7.5064
94,24779679_entry_00095_conf_01,-67.187,-47.187,-3.19938,-24.3526,-0.21933899999999998,-9.96695,-17.1034,-2.58412,2547391,9.055860000000001
285,739_entry_00286_conf_01,-67.1153,-55.1153,-5.5929400000000005,-29.3153,-0.374582,-11.905,-24.0738,-3.7286300000000003,824989,2.2281400000000002
227,193108_entry_00228_conf_01,-67.1085,-51.1085,-4.19428,-26.631999999999998,-0.223619,-10.0235,-20.2824,-3.3554199999999996,1488578,4.5273900000000005
124,6971258_entry_00125_conf_01,-67.1082,-53.1082,-4.47388,-27.211,-0.303369,-11.0962,-21.5343,-3.35541,1231464,3.5886400000000003
346,ZINC000100342293_entry_00347_conf_01,-67.0591,-51.0591,-3.19329,-24.3063,-0.225559,-10.0475,-18.5069,-2.6823599999999996,1814642,5.94281
232,127132_entry_00233_conf_01,-67.0161,-45.0161,-2.48208,-22.3387,-0.172121,-9.17764,-15.0054,-2.39343,3625247,13.8786
52,46174147_entry_00053_conf_01,-67.0101,-51.0101,-3.72278,-25.5691,-0.253598,-10.4426,-19.464000000000002,-2.91348,1697922,5.47741
295,ZINC000004027857_entry_00296_conf_01,-66.9273,-58.9273,-3.04215,-23.8852,-0.216375,-9.89626,-21.0301,-2.78864,963902,2.85542
266,35717_entry_00267_conf_01,-66.9136,-52.9136,-4.4609,-27.1321,-0.302489,-11.064,-21.4554,-3.34568,1162801,3.43476
371,ZINC000102205030_entry_00372_conf_01,-66.8114,-48.8114,-3.3405699999999996,-24.6135,-0.230159,-10.0904,-17.9823,-2.78381,2109939,7.36022
28,54758653_entry_00029_conf_01,-66.8077,-52.8077,-3.5162,-25.0366,-0.223309,-9.98895,-19.79,-2.90468,1495756,4.63437
126,6713972_entry_00127_conf_01,-66.807,-52.806999999999995,-3.7115,-25.4917,-0.25093000000000004,-10.3848,-20.1497,-2.90465,1421528,4.47313
219,198515_entry_00220_conf_01,-66.7534,-44.7534,-2.38405,-21.983,-0.142561,-8.59638,-14.7381,-2.3018400000000003,3523707,13.7959
129,6420074_entry_00130_conf_01,-66.7494,-52.7494,-3.7083,-25.4697,-0.250713,-10.3759,-20.1277,-2.90215,1234701,4.00969
130,6420074_entry_00131_conf_01,-66.6927,-48.6927,-3.70515,-25.448,-0.251452,-10.3802,-18.5797,-2.89968,1930417,6.42649
115,11096158_entry_00116_conf_01,-66.6377,-52.6377,-4.44252,-27.0203,-0.301242,-11.0184,-21.3436,-3.33189,1281299,3.6795
53,46174147_entry_00054_conf_01,-66.6156,-50.6156,-3.70086,-25.4186,-0.252104,-10.3811,-19.3134,-2.89633,1511955,5.02802
445,ZINC000616582683_entry_00446_conf_01,-66.5387,-50.5387,-3.69659,-25.3893,-0.25467199999999995,-10.4082,-19.2841,-3.16851,1775640,5.5507599999999995
437,ZINC000575124622_entry_00438_conf_01,-66.5307,-56.5307,-2.89264,-23.3944,-0.205762,-9.69326,-19.8781,-2.6612299999999998,1127795,3.5251699999999997
341,ZINC000077269504_entry_00342_conf_01,-66.5056,-56.5056,-3.02298,-23.7347,-0.21501199999999998,-9.833910000000001,-20.1659,-2.66023,1100579,3.43074
29,54758653_entry_00030_conf_01,-66.494,-52.494,-3.49968,-24.919,-0.22225999999999999,-9.942039999999999,-19.6725,-2.8910400000000003,1523312,4.76256
208,408523_entry_00209_conf_01,-66.4906,-46.4906,-2.7704400000000002,-23.051,-0.19144,-9.45913,-16.1174,-2.65962,2889000,10.1757
277,18897_entry_00278_conf_01,-66.477,-54.477,-5.53975,-29.0365,-0.371019,-11.7918,-23.795,-3.69317,877426,2.3749599999999997
339,ZINC000077269504_entry_00340_conf_01,-66.4714,-56.4714,-3.02143,-23.7225,-0.214901,-9.82885,-20.1537,-2.65886,1132647,3.53479
358,ZINC000101135603_entry_00359_conf_01,-66.4654,-46.4654,-2.2919099999999997,-21.6336,-0.16556500000000002,-9.009889999999999,-15.1239,-2.14404,3109102,12.9243
383,ZINC000106381125_entry_00384_conf_01,-66.4432,-48.4432,-3.32216,-24.4779,-0.228061,-10.0227,-17.8466,-2.76847,2066396,6.90384
269,29327_entry_00270_conf_01,-66.3694,-52.3694,-3.68719,-25.3247,-0.250234,-10.3298,-19.9827,-3.0167900000000003,1421081,4.56387
155,2733787_entry_00156_conf_01,-66.3617,-52.3617,-2.45784,-22.1206,-0.174932,-9.16715,-17.4539,-2.1407,1872414,7.03262
197,439281_entry_00198_conf_01,-66.3483,-52.3483,-4.42322,-26.9029,-0.29993400000000003,-10.9706,-21.2262,-3.31742,1157388,3.4579400000000002
226,193108_entry_00227_conf_01,-66.3273,-50.3273,-4.14546,-26.322,-0.221016,-9.90686,-19.9724,-3.15844,1427988,4.40521
412,ZINC000257346903_entry_00413_conf_01,-66.2978,-48.2978,-2.5499099999999997,-22.379,-0.185524,-9.34256,-16.3031,-2.28613,2316162,8.942910000000001
238,118328_entry_00239_conf_01,-66.2802,-52.2802,-2.4548200000000002,-22.0934,-0.174717,-9.15589,-17.4267,-2.13807,1810110,6.838489999999999
372,ZINC000102863660_entry_00373_conf_01,-66.279,-52.278999999999996,-3.4883699999999997,-24.8384,-0.23900300000000002,-10.1637,-19.5919,-2.8816900000000003,1369574,4.19371
114,11096158_entry_00115_conf_01,-66.2624,-52.2624,-4.41749,-26.8681,-0.299545,-10.9563,-21.1914,-3.3131199999999996,1181325,3.42337
222,198514_entry_00223_conf_01,-66.2377,-42.2377,-2.36563,-21.8132,-0.141459,-8.52996,-13.9096,-2.2840599999999998,4277629,17.3301
76,44229083_entry_00077_conf_01,-66.1575,-50.1575,-3.4819699999999996,-24.7929,-0.221135,-9.89172,-18.7968,-2.87641,1762132,5.73762
457,ZINC000616583781_entry_00458_conf_01,-66.1562,-46.1562,-3.4819,-24.7924,-0.23856100000000002,-10.1449,-17.2973,-2.87636,2263568,7.622839999999999
382,ZINC000106381125_entry_00383_conf_01,-66.0635,-48.0635,-3.3031699999999997,-24.338,-0.22675700000000001,-9.9654,-17.7067,-2.87233,2043489,6.73751
138,5317448_entry_00139_conf_01,-66.0609,-54.0609,-5.50507,-28.8548,-0.368697,-11.718,-23.6133,-3.67005,843240,2.2643400000000002
24,57339290_entry_00025_conf_01,-66.059,-46.059,-2.87213,-23.2286,-0.197035,-9.50902,-16.1959,-2.44663,2699730,10.1592
229,129618_entry_00230_conf_01,-66.0235,-42.0235,-2.35798,-21.7426,-0.155791,-8.789810000000001,-13.839,-2.20078,3864179,15.9496
81,42612215_entry_00082_conf_01,-66.0059,-48.0059,-3.66699,-25.1859,-0.251708,-10.3123,-18.3177,-3.00027,1903198,6.44034
319,ZINC000015205956_entry_00320_conf_01,-65.994,-49.994,-3.14257,-23.9202,-0.22197600000000003,-9.88792,-18.1208,-2.63976,1746534,5.871580000000001
345,ZINC000100342293_entry_00346_conf_01,-65.9653,-49.9653,-3.1412,-23.9098,-0.22188000000000002,-9.88362,-18.1104,-2.74855,1699687,5.496569999999999
458,ZINC000616583781_entry_00459_conf_01,-65.9342,-45.9342,-3.47022,-24.7092,-0.23776,-10.1108,-17.2141,-2.99701,2323908,7.84054
265,35717_entry_00266_conf_01,-65.9322,-53.9322,-4.39548,-26.7342,-0.298053,-10.9017,-21.8684,-3.29661,1053708,2.94769
123,6971258_entry_00124_conf_01,-65.9296,-53.9296,-4.39531,-26.7331,-0.298041,-10.9013,-21.8674,-3.2964800000000003,1021579,2.84337
64,45266822_entry_00065_conf_01,-65.8836,-43.8836,-2.6353400000000002,-22.5319,-0.170534,-9.04598,-15.008,-2.35298,3332337,13.0169
10,91820057_entry_00011_conf_01,-65.8817,-49.8817,-3.46746,-24.6896,-0.219414,-9.838560000000001,-18.6935,-2.86442,1730995,5.39769
20,57376616_entry_00021_conf_01,-65.8574,-51.8574,-4.39049,-26.7038,-0.297714,-10.8894,-21.0271,-3.4661800000000005,1199675,3.41249
195,439281_entry_00196_conf_01,-65.8362,-51.8362,-4.38908,-26.6953,-0.297619,-10.8859,-21.0186,-3.29181,1177733,3.4498300000000004
239,118328_entry_00240_conf_01,-65.8287,-49.8287,-2.4381,-21.9429,-0.173527,-9.09353,-16.6096,-2.12351,2116567,8.2007
417,ZINC000257347639_entry_00418_conf_01,-65.7856,-53.7856,-2.0558,-20.7212,-0.15248299999999998,-8.70617,-16.9414,-1.9935,1474133,5.90859
77,44229083_entry_00078_conf_01,-65.7825,-49.7825,-3.4622300000000004,-24.6524,-0.21988200000000002,-9.83565,-18.6563,-2.8601099999999997,1769877,5.6825
365,ZINC000101178654_entry_00366_conf_01,-65.7606,-49.7606,-3.65337,-25.0924,-0.24976700000000002,-10.2602,-18.9872,-2.98912,1696345,5.25904
160,644170_entry_00161_conf_01,-65.7399,-51.7399,-4.38266,-26.6562,-0.297183,-10.8699,-20.9795,-3.2869900000000003,1222089,3.5463400000000003
364,ZINC000101178654_entry_00365_conf_01,-65.6514,-49.6514,-3.6473,-25.0507,-0.249352,-10.2431,-18.9455,-2.98415,1650839,5.16927
435,ZINC000575124622_entry_00436_conf_01,-65.6406,-55.6406,-2.85394,-23.0815,-0.203009,-9.56358,-19.5651,-2.62562,1170573,3.6424800000000004
32,54758613_entry_00033_conf_01,-65.6312,-49.6312,-3.4542699999999997,-24.5957,-0.21858000000000002,-9.80114,-18.5996,-2.85353,1797301,5.73525
112,11908605_entry_00113_conf_01,-65.5989,-51.5989,-4.37326,-26.5991,-0.296546,-10.8466,-20.9223,-3.27995,1181695,3.4342900000000003
302,ZINC000012364260_entry_00303_conf_01,-65.5943,-57.5943,-2.98156,-23.4095,-0.212065,-9.69915,-20.5544,-2.7330900000000002,904223,2.6588700000000003
51,46174147_entry_00052_conf_01,-65.5708,-49.5708,-3.6428199999999995,-25.0199,-0.248151,-10.2183,-18.9148,-3.12242,1654046,5.31499
316,ZINC000015205949_entry_00317_conf_01,-65.5201,-47.5201,-2.73001,-22.7146,-0.191409,-9.36636,-16.4743,-2.42667,2273951,8.66292
387,ZINC000106382957_entry_00388_conf_01,-65.5112,-49.5112,-2.8483099999999997,-23.0359,-0.20138,-9.52537,-17.4098,-2.42634,1818060,6.42959
207,408523_entry_00208_conf_01,-65.5042,-45.5042,-2.72934,-22.709,-0.188054,-9.30981,-15.7754,-2.62017,2867154,10.1143
243,102416_entry_00244_conf_01,-65.4986,-47.4986,-2.72911,-22.7071,-0.19134600000000002,-9.36328,-16.4668,-2.33924,2299033,8.54473
180,441038_entry_00181_conf_01,-65.4729,-49.4729,-3.85135,-25.4631,-0.261653,-10.39,-19.2406,-2.9760400000000002,1643562,5.2004
220,198515_entry_00221_conf_01,-65.4608,-43.4608,-2.3378799999999997,-21.5573,-0.1398,-8.429910000000001,-14.3124,-2.25727,3464414,13.6554
452,ZINC000616582904_entry_00453_conf_01,-65.4387,-47.4387,-3.6354800000000003,-24.9695,-0.252409,-10.2626,-18.1012,-3.11613,1761823,5.77482
188,440271_entry_00189_conf_01,-65.428,-49.428000000000004,-3.4435800000000003,-24.5195,-0.217903,-9.7708,-18.5234,-2.84469,1721219,5.63877
347,ZINC000100342293_entry_00348_conf_01,-65.3543,-49.3543,-3.11211,-23.6883,-0.219825,-9.79208,-17.889,-2.7231,1850573,6.07989
363,ZINC000101178654_entry_00364_conf_01,-65.3324,-49.3324,-3.6295800000000003,-24.929000000000002,-0.24814099999999997,-10.1934,-18.8238,-3.1110700000000002,1617064,4.99939
397,ZINC000164373873_entry_00398_conf_01,-65.3123,-53.3123,-5.02402,-27.7767,-0.336301,-11.2782,-22.6732,-3.8419,906817,2.45743
96,22833605_entry_00097_conf_01,-65.3068,-49.3068,-3.8415800000000004,-25.3985,-0.26098899999999997,-10.3637,-19.176,-2.96849,1659566,5.25478
338,ZINC000056871016_entry_00339_conf_01,-65.3059,-51.3059,-4.08162,-25.9167,-0.277619,-10.5792,-20.3608,-3.2653,1265080,3.71906
446,ZINC000616582683_entry_00447_conf_01,-65.2845,-47.2845,-3.6269199999999997,-24.9107,-0.24987199999999998,-10.212,-18.0424,-3.10878,1902455,6.088830000000001
278,18897_entry_00279_conf_01,-65.2633,-53.2633,-5.43861,-28.5064,-0.364246,-11.5765,-23.2649,-3.62574,856538,2.33434
93,24779679_entry_00094_conf_01,-65.2359,-45.2359,-3.1064700000000003,-23.6454,-0.212969,-9.67751,-16.3962,-2.60944,2631569,9.347710000000001
369,ZINC000102205030_entry_00370_conf_01,-65.1715,-45.1715,-3.25858,-24.0094,-0.22451,-9.84276,-16.6413,-2.71548,2335193,8.339960000000001
140,5317448_entry_00141_conf_01,-65.1301,-53.1301,-5.42751,-28.4482,-0.363502,-11.5529,-23.2067,-3.8311800000000003,876964,2.34026
320,ZINC000015205956_entry_00321_conf_01,-65.1113,-49.1113,-3.10054,-23.6003,-0.219007,-9.75567,-17.8009,-2.71297,1845769,6.20731
216,202260_entry_00217_conf_01,-65.095,-45.095,-2.7122900000000003,-22.5672,-0.186879,-9.25164,-15.6336,-2.6038,2936832,10.3303
448,ZINC000616582813_entry_00449_conf_01,-65.0567,-51.0567,-3.82686,-25.3013,-0.260997,-10.3373,-19.8565,-3.0979400000000004,1408762,4.18887
223,198514_entry_00224_conf_01,-65.0493,-41.0493,-2.3231900000000003,-21.4218,-0.13892100000000002,-8.37692,-13.5182,-2.24308,3779868,15.3261
196,439281_entry_00197_conf_01,-65.0381,-51.0381,-4.33587,-26.3717,-0.294011,-10.7539,-20.6949,-3.42306,1137896,3.34081
63,45266822_entry_00064_conf_01,-65.0245,-43.0245,-2.60098,-22.2381,-0.168311,-8.92802,-14.7142,-2.4083099999999997,3282462,12.7148
370,ZINC000102205030_entry_00371_conf_01,-64.9711,-44.9711,-3.24855,-23.9355,-0.22381900000000002,-9.81248,-16.5675,-2.82483,2267261,8.02715
19,57376616_entry_00020_conf_01,-64.9336,-50.9336,-4.32891,-26.3293,-0.293538,-10.7366,-20.6526,-3.24668,1283718,3.61473
210,312829_entry_00211_conf_01,-64.9258,-44.9258,-2.40466,-21.6419,-0.16675299999999998,-8.89138,-14.9753,-2.31878,3178608,11.775
260,82398_entry_00261_conf_01,-64.87,-46.87,-2.70292,-22.4892,-0.18950999999999998,-9.27342,-16.2489,-2.40259,2341195,8.85243
321,ZINC000019893747_entry_00322_conf_01,-64.865,-48.865,-2.5946,-22.1835,-0.18893,-9.26348,-16.7116,-2.4024099999999997,1983517,7.20857
166,448882_entry_00167_conf_01,-64.8491,-50.8491,-4.05307,-25.7354,-0.275677,-10.5052,-20.1795,-3.24246,1245497,3.5810699999999995
75,44229083_entry_00076_conf_01,-64.8093,-48.8093,-3.4110099999999997,-24.2877,-0.216629,-9.69014,-18.2916,-2.81779,1772334,5.64371
184,440552_entry_00185_conf_01,-64.8004,-52.8004,-4.32003,-26.2753,-0.29293600000000003,-10.7146,-21.4095,-3.41055,976469,2.77827
249,96523_entry_00250_conf_01,-64.7908,-50.7908,-4.04943,-25.7123,-0.275429,-10.4957,-20.1563,-3.2395400000000003,1371647,3.93876
246,99461_entry_00247_conf_01,-64.7372,-44.7372,-2.39767,-21.5791,-0.166268,-8.86555,-14.9124,-2.31204,3171753,11.9781
253,90220_entry_00254_conf_01,-64.7159,-46.7159,-2.6964900000000003,-22.4357,-0.18905999999999998,-9.251389999999999,-16.1955,-2.39688,2263551,8.55717
190,440235_entry_00191_conf_01,-64.6839,-48.6839,-3.4044199999999996,-24.2407,-0.215425,-9.65969,-18.2446,-2.94018,1767445,5.7660599999999995
189,440235_entry_00190_conf_01,-64.6423,-48.6423,-3.4022300000000003,-24.2251,-0.215286,-9.65347,-18.229,-2.9382900000000003,1799983,5.92211
11,91820057_entry_00012_conf_01,-64.6385,-48.6385,-3.4020300000000003,-24.2237,-0.21527399999999997,-9.6529,-18.2276,-2.8103700000000003,1786182,5.54861
326,ZINC000019898298_entry_00327_conf_01,-64.6182,-48.6182,-3.07706,-23.4215,-0.217349,-9.68179,-17.6222,-2.8094900000000003,1818748,6.03298
50,49802606_entry_00051_conf_01,-64.6164,-48.6164,-3.5898,-24.6558,-0.23481,-9.93422,-18.5506,-2.8094099999999997,1562709,4.8955400000000004
373,ZINC000102863660_entry_00374_conf_01,-64.6066,-48.6066,-3.40035,-24.2117,-0.232973,-9.90725,-18.2156,-2.93666,1702076,5.34004
374,ZINC000102863660_entry_00375_conf_01,-64.6032,-48.6032,-3.4001699999999997,-24.2105,-0.232961,-9.90673,-18.2144,-2.9365099999999997,1686850,5.38365
379,ZINC000105341667_entry_00380_conf_01,-64.5315,-52.5315,-4.96396,-27.4446,-0.334014,-11.1627,-22.3411,-3.5850800000000005,944729,2.5434099999999997
356,ZINC000101073479_entry_00357_conf_01,-64.4687,-48.4687,-3.0699400000000003,-23.3673,-0.216846,-9.65939,-17.567999999999998,-2.6862,1901564,6.3273
161,644170_entry_00162_conf_01,-64.4375,-52.4375,-4.2958300000000005,-26.1281,-0.291296,-10.6546,-21.2624,-3.22187,989597,2.77811
156,2733335_entry_00157_conf_01,-64.3771,-46.3771,-3.5765,-24.5644,-0.242722,-10.0198,-17.6962,-2.92623,2228811,7.435860000000001
262,82313_entry_00263_conf_01,-64.3537,-52.3537,-4.29025,-26.0942,-0.290917,-10.6407,-21.2284,-3.21769,1051050,2.9756099999999996
231,127132_entry_00232_conf_01,-64.3369,-44.3369,-2.38285,-21.4456,-0.16524,-8.81072,-14.779000000000002,-2.29774,3131875,11.6128
194,440049_entry_00195_conf_01,-64.3168,-52.3168,-5.35974,-28.093000000000004,-0.35896300000000003,-11.4086,-22.8515,-3.5731599999999997,859002,2.28785
400,ZINC000196304985_entry_00401_conf_01,-64.3038,-50.3038,-4.0189900000000005,-25.519000000000002,-0.273359,-10.4168,-19.9631,-3.21519,1309805,3.7538099999999996
283,899_entry_00284_conf_01,-64.3008,-50.3008,-4.28672,-26.0727,-0.29067800000000005,-10.632,-20.396,-3.21504,1255064,3.69631
282,899_entry_00283_conf_01,-64.0555,-50.0555,-4.27037,-25.9732,-0.289569,-10.5914,-20.2965,-3.37134,1158721,3.4176300000000004
18,57376616_entry_00019_conf_01,-64.0122,-52.0122,-4.26748,-25.9557,-0.289373,-10.5843,-21.0899,-3.3690599999999997,1017203,2.7473799999999997
164,449462_entry_00165_conf_01,-63.9452,-51.9452,-5.32877,-27.9306,-0.356889,-11.3427,-22.6892,-3.55251,832584,2.2244200000000003
178,441477_entry_00179_conf_01,-63.945,-51.945,-5.32875,-27.9306,-0.35688800000000004,-11.3427,-22.6891,-3.5525,833784,2.25074
254,90220_entry_00255_conf_01,-63.92,-45.92,-2.6633299999999998,-22.1598,-0.18673499999999998,-9.13762,-15.9196,-2.36741,2319686,8.68528
252,90220_entry_00253_conf_01,-63.8165,-45.8165,-2.65902,-22.1239,-0.186432,-9.122810000000001,-15.8837,-2.36357,2301549,8.70223
462,ZINC000616591357_entry_00463_conf_01,-63.7821,-53.7821,-2.77313,-22.4279,-0.197261,-9.2928,-18.9116,-2.5512799999999998,1083954,3.3850800000000003
344,ZINC000082114392_entry_00345_conf_01,-63.7611,-51.7611,-4.9047,-27.116999999999997,-0.330027,-11.0294,-22.0135,-3.75065,931960,2.45991
449,ZINC000616582813_entry_00450_conf_01,-63.678999999999995,-47.678999999999995,-3.7458199999999997,-24.7655,-0.25547,-10.1184,-18.5429,-3.18395,1534726,4.70449
213,254124_entry_00214_conf_01,-63.6247,-51.6247,-3.97655,-25.2495,-0.270472,-10.3068,-20.4873,-3.1812400000000003,1103969,3.0681599999999998
209,408523_entry_00210_conf_01,-63.5021,-43.5021,-2.6459200000000003,-22.015,-0.182307,-9.025260000000001,-15.0813,-2.54008,3028985,10.7125
201,439174_entry_00202_conf_01,-63.4912,-49.4912,-4.23275,-25.7444,-0.287018,-10.4981,-20.0677,-3.34164,1137813,3.3749
410,ZINC000257346492_entry_00411_conf_01,-63.3666,-53.3666,-2.75507,-22.2819,-0.1972,-9.251439999999999,-18.7655,-2.6402799999999997,1136063,3.3923099999999997
125,6971258_entry_00126_conf_01,-63.3323,-51.3323,-4.22215,-25.68,-0.28629899999999997,-10.4719,-20.8142,-3.16661,1080253,3.02141
43,51351654_entry_00044_conf_01,-63.3248,-49.3248,-3.9578,-25.1304,-0.24523000000000003,-9.944289999999999,-19.5745,-3.16624,1255118,3.74278
12,90659182_entry_00013_conf_01,-63.2954,-49.2954,-3.51641,-24.1517,-0.24044200000000002,-9.87609,-18.8097,-3.0140700000000002,1435954,4.1784099999999995
14,90659182_entry_00015_conf_01,-63.2668,-47.2668,-3.51482,-24.1408,-0.240333,-9.87162,-18.0356,-2.8757599999999996,1763578,5.32425
407,ZINC000257346145_entry_00408_conf_01,-63.2512,-53.2512,-2.87505,-22.5733,-0.20449,-9.352689999999999,-19.0044,-2.63547,1068197,3.17365
308,ZINC000015205814_entry_00309_conf_01,-63.2042,-47.2042,-2.63351,-21.9117,-0.184644,-9.03529,-16.3648,-2.3409,2025400,7.3679
106,12600646_entry_00107_conf_01,-63.1187,-45.1187,-3.15593,-23.2531,-0.201209,-9.28939,-16.6219,-2.7442900000000003,2029885,6.80208
250,96523_entry_00251_conf_01,-63.1164,-49.1164,-3.9447699999999997,-25.0477,-0.268311,-10.2245,-19.4918,-3.1558200000000003,1383798,4.0007
224,198514_entry_00225_conf_01,-63.0811,-39.0811,-2.2529,-20.7737,-0.134718,-8.12347,-12.8701,-2.17521,3922037,15.6698
47,49859685_entry_00048_conf_01,-62.9892,-46.9892,-3.3152199999999996,-23.6056,-0.21054499999999998,-9.41801,-17.6095,-2.73866,1604358,5.22361
167,448882_entry_00168_conf_01,-62.8487,-48.8487,-3.92805,-24.9415,-0.267173,-10.1811,-19.3856,-3.14244,1254422,3.61781
408,ZINC000257346492_entry_00409_conf_01,-62.8227,-52.8227,-2.73142,-22.0906,-0.195507,-9.17203,-18.5743,-2.61761,1111158,3.3143800000000003
336,ZINC000056871016_entry_00337_conf_01,-62.7902,-50.7902,-3.92438,-24.9183,-0.266924,-10.1716,-20.1561,-3.3047400000000002,1027344,2.91398
83,42612215_entry_00084_conf_01,-62.6442,-44.6442,-3.48023,-23.9032,-0.238889,-9.78706,-17.035,-2.7236599999999997,1988391,6.8392800000000005
405,ZINC000257346145_entry_00406_conf_01,-62.6373,-52.6373,-2.84715,-22.3542,-0.202505,-9.26192,-18.7854,-2.60989,1115096,3.2763299999999997
294,ZINC000004027857_entry_00295_conf_01,-62.6084,-54.6084,-2.84584,-22.3439,-0.20241199999999998,-9.257639999999999,-19.4888,-2.50434,907475,2.6677400000000002
343,ZINC000082114392_entry_00344_conf_01,-62.6069,-50.6069,-4.815919999999999,-26.6261,-0.324052,-10.8298,-21.5226,-3.47816,908485,2.49092
297,ZINC000004027859_entry_00298_conf_01,-62.6024,-54.6024,-2.84556,-22.3417,-0.20239200000000002,-9.25675,-19.4866,-2.60843,839995,2.49266
183,440552_entry_00184_conf_01,-62.5975,-50.5975,-4.17317,-25.3821,-0.282978,-10.3504,-20.5163,-3.29461,1010356,2.83835
247,99461_entry_00248_conf_01,-62.4594,-40.4594,-2.31331,-20.8198,-0.160418,-8.55361,-13.4865,-2.23069,3751440,14.4344
380,ZINC000105341667_entry_00381_conf_01,-62.443999999999996,-50.443999999999996,-4.80339,-26.5568,-0.323209,-10.8016,-21.4534,-3.6731800000000003,947245,2.51011
463,ZINC000616591357_entry_00464_conf_01,-62.4309,-54.4309,-2.7143900000000003,-21.9528,-0.193082,-9.095930000000001,-19.1397,-2.49724,960552,2.85741
396,ZINC000164373873_entry_00397_conf_01,-62.4225,-50.4225,-4.80173,-26.5477,-0.323098,-10.7979,-21.4442,-3.67191,898304,2.35661
421,ZINC000307008534_entry_00422_conf_01,-62.4148,-50.4148,-4.4582,-25.8967,-0.299734,-10.5302,-20.9178,-3.46749,999562,2.6778
436,ZINC000575124622_entry_00437_conf_01,-62.3985,-54.3985,-2.71298,-21.9414,-0.192982,-9.09122,-19.1284,-2.59994,907681,2.69424
337,ZINC000056871016_entry_00338_conf_01,-62.3796,-48.3796,-3.8987199999999995,-24.7554,-0.265179,-10.1051,-19.1995,-3.11898,1291688,3.68035
399,ZINC000196304985_entry_00400_conf_01,-62.3696,-48.3696,-3.8981,-24.7514,-0.26513600000000004,-10.1035,-19.1955,-3.11848,1178645,3.41236
233,127132_entry_00234_conf_01,-62.3454,-42.3454,-2.3090900000000003,-20.7818,-0.160125,-8.538,-14.1151,-2.3090900000000003,3195146,11.865
13,90659182_entry_00014_conf_01,-62.3097,-46.3097,-3.46165,-23.7756,-0.236698,-9.72228,-17.6704,-2.8322599999999998,1681392,5.04104
263,82313_entry_00264_conf_01,-62.1536,-50.1536,-4.1435699999999995,-25.201999999999998,-0.280971,-10.277000000000001,-20.3363,-3.1076799999999998,941087,2.70322
340,ZINC000077269504_entry_00341_conf_01,-62.1515,-54.1515,-2.82507,-22.1808,-0.200935,-9.19009,-19.3258,-2.4860599999999997,846180,2.49044
25,57339290_entry_00026_conf_01,-62.1434,-40.1434,-2.70189,-21.8517,-0.185356,-8.94538,-14.1158,-2.3016099999999997,2986614,11.5232
287,739_entry_00288_conf_01,-62.1111,-50.1111,-5.17593,-27.1295,-0.34665300000000004,-11.0174,-21.8881,-3.88195,858974,2.33676
206,433580_entry_00207_conf_01,-61.9885,-45.9885,-3.64638,-24.108,-0.24772800000000003,-9.837069999999999,-17.8854,-2.81766,1645891,5.24719
149,3052142_entry_00150_conf_01,-61.9364,-37.9364,-2.21201,-20.3967,-0.146147,-8.24568,-12.4931,-2.06455,3739333,15.2997
230,129618_entry_00231_conf_01,-61.92100000000001,-37.921,-2.2114599999999998,-20.3916,-0.14611,-8.24364,-12.488,-2.13521,4150951,16.5618
86,25243963_entry_00087_conf_01,-61.9147,-45.9147,-3.25867,-23.2029,-0.20695300000000003,-9.25735,-17.2068,-2.8143,1758313,5.67957
157,2733335_entry_00158_conf_01,-61.7805,-43.7805,-3.43225,-23.5737,-0.23293200000000003,-9.61561,-16.7054,-2.6861099999999998,1939697,6.52175
89,25243937_entry_00090_conf_01,-61.7682,-45.7682,-3.25096,-23.148000000000003,-0.20646399999999998,-9.235439999999999,-17.1519,-2.6855700000000002,1668563,5.44223
300,ZINC000012364260_entry_00301_conf_01,-61.6395,-51.6395,-2.8018,-21.9981,-0.19927899999999998,-9.11437,-18.4293,-2.56831,1147918,3.53305
46,49859685_entry_00047_conf_01,-61.5398,-47.5398,-3.23894,-23.0624,-0.2057,-9.2013,-17.8158,-2.7972599999999996,1542500,4.7003
335,ZINC000044021353_entry_00336_conf_01,-61.4726,-45.4726,-2.92727,-22.2814,-0.20676799999999998,-9.21048,-16.482,-2.4589,1889162,6.22203
204,433580_entry_00205_conf_01,-61.4216,-45.4216,-3.61303,-23.8875,-0.24546199999999999,-9.7471,-17.665,-2.79189,1581104,5.05675
56,45934204_entry_00057_conf_01,-61.2995,-43.2995,-3.06497,-22.5829,-0.20974,-9.23702,-15.9517,-2.55415,2154374,7.34305
55,45934204_entry_00056_conf_01,-61.2722,-43.2722,-3.0636099999999997,-22.5729,-0.20964699999999997,-9.2329,-15.9416,-2.6640099999999998,2084117,7.09595
459,ZINC000616589990_entry_00460_conf_01,-61.1071,-49.1071,-4.0738,-24.7777,-0.27624,-10.1039,-19.9119,-3.3948400000000003,1048705,2.95961
148,3052142_entry_00149_conf_01,-61.0993,-37.0993,-2.1821200000000003,-20.121,-0.144171,-8.13424,-12.2174,-2.0366400000000002,3849695,15.8774
26,57339290_entry_00027_conf_01,-61.0854,-41.0854,-2.6558900000000003,-21.4797,-0.1822,-8.79308,-14.447000000000001,-2.26242,2682669,9.92354
116,11096158_entry_00117_conf_01,-61.0784,-49.0784,-4.07189,-24.7661,-0.27610999999999997,-10.0992,-19.9003,-3.05392,1043413,2.86263
118,9816401_entry_00119_conf_01,-60.997,-44.997,-3.58806,-23.7224,-0.24376599999999998,-9.679739999999999,-17.4999,-2.77259,1697253,5.25593
420,ZINC000307008534_entry_00421_conf_01,-60.9885,-48.9885,-4.356319999999999,-25.3049,-0.294309,-10.3062,-20.326,-3.38825,984086,2.58068
212,312829_entry_00213_conf_01,-60.958999999999996,-38.959,-2.25774,-20.3197,-0.156565,-8.348139999999999,-12.9863,-2.17711,3504102,13.4104
88,25243937_entry_00089_conf_01,-60.8556,-44.8556,-3.20293,-22.805999999999997,-0.203413,-9.099,-16.8099,-2.6459,1664719,5.401269999999999
217,202260_entry_00218_conf_01,-60.8252,-40.8252,-2.53438,-21.0869,-0.175128,-8.65316,-14.1533,-2.43301,3022158,10.6009
102,12917651_entry_00103_conf_01,-60.7688,-42.7688,-3.03844,-22.3874,-0.20792399999999997,-9.15705,-15.7562,-2.6421200000000002,2115060,7.17117
211,312829_entry_00212_conf_01,-60.705,-38.705,-2.2483299999999997,-20.235,-0.155912,-8.31335,-12.9017,-2.16804,3741472,14.3541
401,ZINC000196304985_entry_00402_conf_01,-60.5674,-48.5674,-3.78546,-24.0362,-0.257475,-9.811539999999999,-19.274,-3.0283700000000002,1148810,3.23715
214,254124_entry_00215_conf_01,-60.4638,-48.4638,-3.7789900000000003,-23.9951,-0.257035,-9.79477,-19.2329,-3.1823099999999998,1185374,3.24677
332,ZINC000032106889_entry_00333_conf_01,-60.4441,-52.4441,-2.74746,-21.5715,-0.19669,-8.95702,-18.7164,-2.628,862200,2.44244
409,ZINC000257346492_entry_00410_conf_01,-60.3478,-50.3478,-2.6238200000000003,-21.2203,-0.187805,-8.8107,-17.704,-2.5144900000000003,1157594,3.39721
228,129618_entry_00229_conf_01,-60.3142,-38.3142,-2.15408,-19.8625,-0.142319,-8.02973,-12.6175,-2.15408,3724909,14.5363
331,ZINC000032106889_entry_00332_conf_01,-60.1755,-52.1755,-2.73525,-21.4756,-0.19581600000000002,-8.91722,-18.6206,-2.61633,879947,2.52427
103,12917651_entry_00104_conf_01,-60.1446,-42.1446,-3.00723,-22.1575,-0.205789,-9.06299,-15.5262,-2.50602,2046625,6.99005
133,6323218_entry_00134_conf_01,-60.0111,-42.0111,-3.0005599999999997,-22.1083,-0.20533200000000001,-9.04288,-15.477,-2.50046,2054185,6.97692
248,99461_entry_00249_conf_01,-59.9775,-37.9775,-2.22139,-19.9925,-0.15404400000000001,-8.21373,-12.6592,-2.22139,3475921,13.4618
165,448882_entry_00166_conf_01,-59.9466,-47.9466,-3.74666,-23.7898,-0.254836,-9.710980000000001,-19.0276,-2.99733,1126844,3.11605
182,441038_entry_00183_conf_01,-59.8796,-43.8796,-3.52233,-23.2878,-0.2393,-9.502410000000001,-17.0653,-2.7218,1579969,5.06008
101,16738680_entry_00102_conf_01,-59.856,-41.856,-2.9928,-22.0512,-0.204801,-9.01951,-15.4199,-2.494,2090602,7.08265
251,96523_entry_00252_conf_01,-59.8139,-47.8139,-3.7383699999999997,-23.7372,-0.254272,-9.6895,-18.975,-2.9907,1148990,3.19809
342,ZINC000082114392_entry_00343_conf_01,-59.6575,-47.6575,-4.58904,-25.3717,-0.308786,-10.3196,-20.2683,-3.50926,927542,2.44105
281,5300_entry_00282_conf_01,-59.5328,-41.5328,-3.30738,-22.715999999999998,-0.22445700000000002,-9.26578,-15.8477,-2.58838,1999039,6.79252
215,254124_entry_00216_conf_01,-59.5129,-47.5129,-3.71956,-23.6177,-0.25299299999999997,-9.64073,-18.8555,-3.13226,1222453,3.37851
464,ZINC000616591357_entry_00465_conf_01,-59.4922,-49.4922,-2.58662,-20.9195,-0.18399400000000002,-8.66778,-17.4031,-2.47884,1106168,3.4026199999999998
100,16738680_entry_00101_conf_01,-59.4645,-41.4645,-2.97323,-21.9069,-0.20346199999999998,-8.960510000000001,-15.2757,-2.47769,2101354,7.182339999999999
406,ZINC000257346145_entry_00407_conf_01,-59.2676,-51.2676,-2.69398,-21.1516,-0.191611,-8.76365,-18.2965,-2.57685,977488,2.7927299999999997
191,440235_entry_00192_conf_01,-59.1818,-43.1818,-3.11483,-22.1787,-0.1971,-8.83801,-16.1826,-2.69008,1883297,6.03965
218,202260_entry_00219_conf_01,-59.1783,-39.1783,-2.46576,-20.516,-0.17038699999999998,-8.41887,-13.5824,-2.27609,2987612,10.4429
296,ZINC000004027857_entry_00297_conf_01,-59.1768,-49.1768,-2.68986,-21.1192,-0.19131800000000002,-8.75023,-17.5504,-2.4657,1068925,3.23218
104,12917651_entry_00105_conf_01,-59.1291,-43.1291,-2.95645,-21.7833,-0.20231400000000002,-8.90997,-15.8889,-2.46371,1883219,6.10163
134,6323218_entry_00135_conf_01,-58.9816,-42.9816,-2.94908,-21.729,-0.20181,-8.88775,-15.8346,-2.56442,1856879,6.07733
461,ZINC000616589990_entry_00462_conf_01,-58.9418,-46.9418,-3.92945,-23.8997,-0.26767199999999997,-9.76075,-19.034000000000002,-3.27454,979466,2.71916
172,446101_entry_00173_conf_01,-58.7391,-42.7391,-3.09153,-22.0128,-0.195626,-8.7719,-16.0167,-2.6699599999999997,1682947,5.4345099999999995
173,446101_entry_00174_conf_01,-58.7006,-42.7006,-3.0895,-21.9984,-0.195498,-8.76615,-16.0023,-2.5522,1626614,5.3633
132,6323218_entry_00133_conf_01,-58.4392,-42.4392,-2.92196,-21.5292,-0.199953,-8.806000000000001,-15.6347,-2.54083,1876884,6.12579
427,ZINC000383920275_entry_00428_conf_01,-58.2869,-48.2869,-3.88579,-23.6342,-0.265915,-9.667060000000001,-19.5794,-3.2381599999999997,821148,2.10137
378,ZINC000105341667_entry_00379_conf_01,-58.2718,-46.2718,-4.48245,-24.7824,-0.300048,-10.0624,-19.6789,-3.23732,959648,2.58333
301,ZINC000012364260_entry_00302_conf_01,-58.0665,-48.0665,-2.63939,-20.7229,-0.187728,-8.58605,-17.1541,-2.32266,1100814,3.20475
434,ZINC000396869768_entry_00435_conf_01,-57.9758,-45.9758,-3.8650599999999997,-23.5081,-0.262035,-9.58557,-18.6423,-3.41034,1155542,3.01241
330,ZINC000032106889_entry_00331_conf_01,-57.8376,-49.8376,-2.62898,-20.6413,-0.188209,-8.57077,-17.7862,-2.51468,906658,2.58679
414,ZINC000257347638_entry_00415_conf_01,-57.8006,-43.8006,-1.80627,-18.206,-0.133974,-7.649430000000001,-13.7963,-1.75153,1716670,7.319260000000001
45,49859685_entry_00046_conf_01,-57.6687,-43.6687,-3.03519,-21.6117,-0.192761,-8.6225,-16.3651,-2.6213,1404711,4.33366
431,ZINC000394934764_entry_00432_conf_01,-57.6271,-45.6271,-3.8418,-23.3666,-0.262892,-9.55748,-18.5009,-3.2015,1058331,2.83748
99,16738680_entry_00100_conf_01,-57.1487,-41.1487,-2.85744,-21.0538,-0.19553800000000002,-8.61155,-15.1593,-2.48473,1939763,6.37819
137,5462244_entry_00138_conf_01,-57.1039,-41.1039,-2.8552,-21.0373,-0.195385,-8.6048,-15.1428,-2.48278,1797350,5.979369999999999
430,ZINC000394934764_entry_00431_conf_01,-57.0358,-45.0358,-3.80239,-23.1269,-0.26019499999999995,-9.459430000000001,-18.2611,-3.16866,1013608,2.73737
460,ZINC000616589990_entry_00461_conf_01,-56.8371,-44.8371,-3.78914,-23.0463,-0.25811300000000004,-9.4122,-18.1805,-2.99142,987464,2.75743
135,5462244_entry_00136_conf_01,-56.8119,-40.8119,-2.8406,-20.9297,-0.194386,-8.5608,-15.0352,-2.3671599999999997,1716200,5.70068
429,ZINC000394934764_entry_00430_conf_01,-56.7078,-44.7078,-3.7805199999999997,-22.9939,-0.25869899999999996,-9.40503,-18.1281,-3.15044,1023996,2.81908
171,446101_entry_00172_conf_01,-56.6088,-42.6088,-2.9794099999999997,-21.2145,-0.188531,-8.45377,-15.9679,-2.46125,1423397,4.49
322,ZINC000019893747_entry_00323_conf_01,-56.5878,-38.5878,-2.2635099999999997,-19.3528,-0.164821,-8.0814,-13.1968,-2.09584,2339596,8.83342
428,ZINC000383920275_entry_00429_conf_01,-56.4256,-48.4256,-3.76171,-22.8795,-0.257423,-9.358369999999999,-19.6356,-3.13476,727764,1.73728
327,ZINC000032106887_entry_00328_conf_01,-56.232,-48.232,-2.556,-20.0682,-0.18298399999999998,-8.33284,-17.2132,-2.556,877362,2.45835
426,ZINC000383920275_entry_00427_conf_01,-56.2165,-48.2165,-3.74776,-22.7947,-0.256469,-9.32368,-19.5508,-3.1231400000000002,670853,1.60951
418,ZINC000257347639_entry_00419_conf_01,-56.1742,-42.1742,-1.7554400000000001,-17.6938,-0.130205,-7.4341800000000005,-13.284,-1.70225,1515623,6.32106
415,ZINC000257347638_entry_00416_conf_01,-55.9715,-41.9715,-1.74911,-17.6299,-0.129735,-7.407360000000001,-13.2202,-1.6961099999999998,1514809,6.1121300000000005
323,ZINC000019893747_entry_00324_conf_01,-55.8828,-37.8828,-2.2353099999999997,-19.1117,-0.162768,-7.98072,-12.9557,-2.06973,2344838,8.71997
328,ZINC000032106887_entry_00329_conf_01,-55.2247,-47.2247,-2.51021,-19.7088,-0.179706,-8.18357,-16.8537,-2.4010700000000003,885321,2.4708900000000003
117,9816401_entry_00118_conf_01,-55.1685,-39.1685,-3.2452099999999997,-21.4557,-0.220473,-8.7548,-15.2331,-2.6270700000000002,1665385,5.17379
54,45934204_entry_00055_conf_01,-55.0935,-39.0935,-2.75468,-20.2966,-0.188506,-8.301860000000001,-14.4022,-2.29556,1845999,6.019769999999999
136,5462244_entry_00137_conf_01,-55.0348,-39.0348,-2.7517400000000003,-20.275,-0.188305,-8.29301,-14.3805,-2.29312,1841165,6.11345
329,ZINC000032106887_entry_00330_conf_01,-54.6115,-46.6115,-2.48234,-19.4899,-0.17771099999999998,-8.09271,-16.6349,-2.3744099999999997,922053,2.52494
8,118707521_entry_00009_conf_01,-54.2686,-36.2686,-1.55053,-16.5905,-0.11248,-6.919230000000001,-11.0877,-1.46672,2016590,9.7604
433,ZINC000396869768_entry_00434_conf_01,-53.8194,-41.8194,-3.58796,-21.8227,-0.242146,-8.884889999999999,-16.9569,-3.16585,1167114,3.00604
419,ZINC000257347639_entry_00420_conf_01,-52.1888,-38.1888,-1.6309,-16.4384,-0.120967,-6.90675,-12.0287,-1.58148,1854953,7.58713
432,ZINC000396869768_entry_00433_conf_01,-50.8796,-38.8796,-3.3919699999999997,-20.6306,-0.229962,-8.412289999999999,-15.7649,-2.8266400000000003,1224903,3.1482099999999997
416,ZINC000257347638_entry_00417_conf_01,-50.2743,-38.2743,-1.57107,-15.8354,-0.116529,-6.65338,-12.0556,-1.57107,1537484,5.99797
16,76325328_entry_00017_conf_01,-49.2508,-31.2508,-1.40717,-15.0565,-0.10207999999999999,-6.27946,-9.55371,-1.40717,1988024,9.781419999999999
7,118707521_entry_00008_conf_01,-39.3928,-21.3928,-1.12551,-12.0428,-0.0816475,-5.02257,-6.54001,-1.06467,1865327,8.56274
17,76325328_entry_00018_conf_01,17.6281,35.6281,0.50366,5.3891,0.036536900000000004,2.24757,10.8919,0.47643500000000005,1773573,8.10984
15,76325328_entry_00016_conf_01,64.0752,82.0752,1.8307200000000001,19.5885,0.132806,8.16956,25.0913,1.8845599999999998,1699902,7.896539999999999
6,118707521_entry_00007_conf_01,77.1941,95.1941,2.20554,23.5991,0.159996,9.842210000000001,29.1018,2.08633,1673455,7.58455
