SMILES,TotalEnergy,ElectronicEnergy,CoreRepulsion,FinalHeat,IonisationPotential,HomoEnergy,LumoEnergy,DipolPointCharge,DipolHybrid,DipolSum,ElectronNuclear,ElectronElectron,ResonanceEnergy,ExchangeEnergy,ElectronElectronRepulsion,ElectronNuclearAttraction,NuclearNuclearRepulsion,TotalElectrostaticInteraction,PrincipalMomentsInertiaA,PrincipalMomentsInertiaB,PrincipalMomentsInertiaC,CosmoArea,CosmoVolume,NumberFilledLevels,MullikenElectronegativity,AbsoluteHardness:,AbsoluteSoftness:,SchuurmannMOShiftAlpha,TotalElectrophilicDelocalizability,TotalNucleophilicDelocalizability,TotalSelfPolarizability,HomoLumoGap,HomoLumoFraction,Electrophilicity,PolarizabilityAnisotropy
C\[N+](=N/O)C(=O)N[C@H]1[C@@H](O)O[C@@H](CO)[C@@H](O)[C@@H]1O,-3820.0,-25200.0,21300.0,-262.0,8.84,-10.0,-4.52,4.74,0.864,4.31,-5900.0,2510.0,-441.0,-177.0,20800.0,-42000.0,21300.0,185.0,1080.0,3360.0,3900.0,252.0,284.0,52.0,7.27,2.76,0.181,-7.27,-11.5,-5.48,-2.94,5.51,2.64,9.59,0.0042
C\[N+](=N/O)C(=O)N[C@H]1[C@@H](O)O[C@@H](CO)[C@@H](O)[C@@H]1O,-3820.0,-25400.0,21600.0,-253.0,8.11,-9.75,-3.9,6.98,1.33,7.94,-5890.0,2510.0,-441.0,-177.0,21100.0,-42500.0,21600.0,185.0,1110.0,3210.0,3470.0,251.0,286.0,52.0,6.82,2.92,0.171,-6.82,-10.9,-5.59,-2.92,5.85,2.33,7.96,2.14E-4
[2H]CC\C=C(/O)N[C@@H]1[C@@H](O)O[C@H](CO)[C@@H](O)[C@@H]1O,-3440.0,-22500.0,19000.0,-271.0,8.8,-8.8,1.17,1.25,0.995,2.05,-5260.0,2260.0,-449.0,-187.0,18600.0,-37400.0,19000.0,188.0,957.0,3630.0,4050.0,266.0,293.0,50.0,3.81,4.98,0.1,-3.81,-7.24,-6.78,-2.82,9.97,0.765,1.46,0.00247
[2H]CC\C=C(/O)N[C@@H]1[C@H](O)O[C@H](CO)[C@@H](O)[C@@H]1O,-3440.0,-22500.0,19000.0,-270.0,8.52,-8.52,0.988,3.0,0.678,3.54,-5260.0,2260.0,-449.0,-187.0,18600.0,-37400.0,19000.0,187.0,995.0,3610.0,4120.0,267.0,291.0,50.0,3.76,4.75,0.105,-3.76,-7.17,-6.95,-2.83,9.5,0.792,1.49,0.00367
CN1C(=NC(=C1C1=CC=NC=C1)C1=CC=C(F)C=C1)C1=CN(N=N1)[C@H]1[C@H](O)O[C@H](CO)[C@@H](O)[C@@H]1O,-6190.0,-52700.0,46500.0,-121.0,8.72,-8.72,-0.756,4.48,0.896,4.2,-9190.0,3870.0,-874.0,-362.0,45700.0,-91800.0,46500.0,369.0,4030.0,19500.0,22900.0,453.0,526.0,91.0,4.74,3.98,0.126,-4.74,-14.9,-15.4,-6.42,7.97,1.19,2.82,0.0095
CN1C(=NC(=C1C1=CC=NC=C1)C1=CC=C(F)C=C1)C1=CN(N=N1)[C@H]1[C@H](O)O[C@H](CO)[C@@H](O)[C@@H]1O,-6190.0,-52500.0,46300.0,-118.0,8.64,-8.64,-0.672,5.72,0.957,5.55,-9190.0,3860.0,-875.0,-362.0,45500.0,-91500.0,46300.0,370.0,3690.0,20900.0,23000.0,455.0,532.0,91.0,4.65,3.98,0.126,-4.65,-14.8,-15.5,-6.42,7.96,1.17,2.72,0.00836
C\C(O)=N/[C@H]1[C@H](O)O[C@H](CO[S]([O-])(=O)=O)[C@H](O)[C@@H]1O,-4190.0,-26800.0,22600.0,-319.0,14.3,-10.0,-8.83,1.73,2.51,3.3,-6590.0,2840.0,-424.0,-174.0,22000.0,-44400.0,22600.0,154.0,1130.0,5360.0,5500.0,274.0,302.0,55.0,9.44,0.608,0.823,-9.44,-21.0,-8.53,-3.29,1.22,15.5,73.3,0.0
CC(=O)N[C@H]1[C@@H](O)O[C@H](CO[S]([O-])(=O)=O)[C@H](O)[C@@H]1O,-4190.0,-26700.0,22500.0,-329.0,14.3,-9.79,-8.78,4.0,0.398,4.03,-6580.0,2840.0,-428.0,-175.0,21900.0,-44300.0,22500.0,155.0,913.0,5700.0,6140.0,272.0,305.0,55.0,9.28,0.504,0.993,-9.28,-19.6,-9.4,-3.19,1.01,18.4,85.6,0.0
CC(=O)O[C@@H]1[C@@H](CO)O[C@H](O)[C@@H](\N=C(\C)O)[C@H]1O,-3710.0,-25300.0,21600.0,-324.0,10.1,-10.1,0.378,3.99,1.7,4.89,-5720.0,2460.0,-450.0,-185.0,21100.0,-42500.0,21600.0,184.0,1380.0,2660.0,2810.0,254.0,292.0,52.0,4.86,5.23,0.0955,-4.86,-8.36,-6.53,-2.87,10.5,0.928,2.25,8.34E-4
CC(=O)O[C@@H]1[C@@H](CO)O[C@H](O)[C@@H](\N=C(\C)O)[C@H]1O,-3710.0,-24900.0,21200.0,-320.0,10.1,-10.1,0.603,2.98,1.11,3.07,-5720.0,2460.0,-450.0,-186.0,20700.0,-41600.0,21200.0,185.0,1560.0,2630.0,3210.0,263.0,295.0,52.0,4.74,5.34,0.0936,-4.74,-8.28,-6.56,-2.87,10.7,0.887,2.1,4.79E-4
CN1C(=NC(=C1C1=CC=NC=C1)C1=CC=C(F)C=C1)C1=CN(N=N1)[C@H]1[C@@H](O)O[C@H](CO)[C@@H](O)[C@@H]1O,-6190.0,-52800.0,46600.0,-122.0,8.7,-8.7,-0.729,3.63,0.526,3.35,-9190.0,3870.0,-875.0,-362.0,45800.0,-92000.0,46600.0,370.0,3700.0,20200.0,23100.0,452.0,529.0,91.0,4.71,3.99,0.125,-4.71,-14.9,-15.4,-6.39,7.97,1.18,2.79,0.00978
CN1C(=NC(=C1C1=CC=NC=C1)C1=CC=C(F)C=C1)C1=CN(N=N1)[C@H]1[C@@H](O)O[C@H](CO)[C@@H](O)[C@@H]1O,-6190.0,-52700.0,46500.0,-122.0,8.9,-8.9,-0.977,0.666,0.964,1.34,-9190.0,3860.0,-875.0,-362.0,45700.0,-91700.0,46500.0,370.0,3650.0,21000.0,23200.0,455.0,529.0,91.0,4.94,3.96,0.126,-4.94,-15.1,-15.2,-6.37,7.93,1.25,3.08,0.00922
C\C(O)=N/[C@@H]1[C@@H](O)O[C@H](CO)[C@H](O)[C@@H]1O,-3140.0,-19200.0,16000.0,-276.0,10.1,-10.1,0.642,2.06,0.931,2.43,-4850.0,2090.0,-377.0,-156.0,15600.0,-31500.0,16000.0,155.0,805.0,2200.0,2330.0,224.0,247.0,44.0,4.75,5.39,0.0928,-4.75,-7.05,-5.28,-2.4,10.8,0.881,2.09,0.00176
CC(=O)N[C@@H]1[C@H](O)O[C@H](CO)[C@H](O)[C@@H]1O,-3140.0,-19400.0,16200.0,-275.0,9.96,-9.97,0.846,4.88,1.32,4.74,-4850.0,2090.0,-380.0,-156.0,15800.0,-31800.0,16200.0,157.0,1030.0,1820.0,2160.0,224.0,245.0,44.0,4.56,5.41,0.0925,-4.56,-6.85,-5.53,-2.36,10.8,0.843,1.92,5.34E-4
N[C@@H]1[C@@H](O)[C@H](O)[C@@H](CO)O[C@@H]1O[C@@H](CC([O-])=O)C([O-])=O,-4280.0,-27100.0,22900.0,-380.0,10.1,-10.1,0.419,3.22,1.04,4.03,-6630.0,2820.0,-471.0,-193.0,22300.0,-45000.0,22900.0,200.0,2410.0,4450.0,4810.0,298.0,349.0,57.0,4.82,5.24,0.0955,-4.82,-9.1,-7.65,-3.16,10.5,0.92,2.22,0.00228
N[C@@H]1[C@@H](O)[C@H](O)[C@@H](CO)O[C@@H]1O[C@@H](CC([O-])=O)C([O-])=O,-4280.0,-27200.0,22900.0,-379.0,9.42,-9.42,0.34,3.82,1.38,4.77,-6630.0,2820.0,-471.0,-193.0,22400.0,-45100.0,22900.0,200.0,2020.0,4990.0,5150.0,302.0,347.0,57.0,4.54,4.88,0.102,-4.54,-8.92,-7.9,-3.18,9.76,0.93,2.11,6.99E-4
CC(=O)N[C@@H]1[C@@H](O)[C@H](O)[C@@H](CO)O[C@@H]1O[C@@H](CC([O-])=O)C([O-])=O,-4840.0,-33900.0,29100.0,-431.0,9.68,-9.68,0.238,4.18,0.911,3.69,-7500.0,3200.0,-545.0,-224.0,28500.0,-57300.0,29100.0,228.0,3620.0,4450.0,5760.0,330.0,390.0,65.0,4.72,4.96,0.101,-4.72,-10.2,-9.12,-3.68,9.92,0.952,2.25,3.63E-4
C\C(O)=N/[C@@H]1[C@@H](O)[C@H](O)[C@@H](CO)O[C@@H]1O[C@@H](CC([O-])=O)C([O-])=O,-4840.0,-33900.0,29100.0,-419.0,10.0,-10.0,0.139,4.22,1.11,4.53,-7500.0,3200.0,-541.0,-222.0,28500.0,-57300.0,29100.0,227.0,3270.0,4760.0,6040.0,329.0,394.0,65.0,4.93,5.07,0.0987,-4.93,-10.5,-8.81,-3.71,10.1,0.973,2.4,1.7E-4
CC(=O)N[C@@H]1[C@@H](O)O[C@H](CO[P]([O-])([O-])=O)[C@@H](O)[C@@H]1O,-4190.0,-26000.0,21800.0,-401.0,9.77,-9.77,-0.78,3.13,1.05,3.54,-6470.0,2730.0,-476.0,-170.0,21400.0,-43000.0,21800.0,194.0,1120.0,5270.0,5600.0,272.0,301.0,55.0,5.27,4.49,0.111,-5.27,-9.07,-6.51,-3.03,8.99,1.17,3.09,0.00199
CC(=O)N[C@@H]1[C@@H](O)O[C@H](CO[P]([O-])([O-])=O)[C@@H](O)[C@@H]1O,-4190.0,-26500.0,22300.0,-404.0,10.2,-10.2,-0.557,3.86,0.225,3.77,-6470.0,2730.0,-476.0,-170.0,21900.0,-44000.0,22300.0,194.0,1160.0,4680.0,4880.0,267.0,301.0,55.0,5.38,4.82,0.104,-5.38,-9.07,-6.49,-3.07,9.64,1.12,3.0,0.00217
CC(=O)N[C@H]1[C@H](O)O[C@H](CO[S]([O-])(=O)=O)[C@H](O)[C@@H]1O,-4190.0,-26800.0,22600.0,-323.0,14.4,-10.0,-8.86,2.75,0.993,3.17,-6580.0,2840.0,-428.0,-175.0,22100.0,-44500.0,22600.0,155.0,1030.0,5420.0,5590.0,272.0,306.0,55.0,9.46,0.592,0.845,-9.46,-20.1,-8.75,-3.08,1.18,16.0,75.5,0.0
CC(=O)N[C@H]1[C@H](O)O[C@H](CO[S]([O-])(=O)=O)[C@H](O)[C@@H]1O,-4190.0,-26400.0,22200.0,-316.0,14.3,-9.78,-8.9,3.77,0.731,3.74,-6580.0,2830.0,-428.0,-175.0,21700.0,-43700.0,22200.0,157.0,963.0,6000.0,6430.0,279.0,306.0,55.0,9.34,0.44,1.14,-9.34,-20.5,-9.98,-3.25,0.88,21.2,99.2,0.0
COC[C@H]1O[C@H](OCCC2=CC=CC=C2)[C@H]([NH2+]CCCN)[C@H](OCC2=CC=C3C=CC=CC3=C2)[C@@H]1O,0.0,0.0,0.0,0.0,0.0,0.0,0.0,0.0,0.0,0.0,0.0,0.0,0.0,0.0,0.0,0.0,0.0,0.0,0.0,0.0,0.0,0.0,0.0,0.0,0.0,0.0,0.0,0.0,0.0,0.0,0.0,0.0,0.0,0.0,0.0
COC[C@H]1O[C@@H](OCCC2=CC=CC=C2)[C@H]([NH2+]CCCN)[C@H](OCC2=CC=C3C=CC=CC3=C2)[C@@H]1O,0.0,0.0,0.0,0.0,0.0,0.0,0.0,0.0,0.0,0.0,0.0,0.0,0.0,0.0,0.0,0.0,0.0,0.0,0.0,0.0,0.0,0.0,0.0,0.0,0.0,0.0,0.0,0.0,0.0,0.0,0.0,0.0,0.0,0.0,0.0
COC[C@H]1O[C@H](OCCC2=CC=CC=C2)[C@H]([NH2+]CCN)[C@@H](OCC2=CC=C3C=CC=CC3=C2)[C@@H]1O,0.0,0.0,0.0,0.0,0.0,0.0,0.0,0.0,0.0,0.0,0.0,0.0,0.0,0.0,0.0,0.0,0.0,0.0,0.0,0.0,0.0,0.0,0.0,0.0,0.0,0.0,0.0,0.0,0.0,0.0,0.0,0.0,0.0,0.0,0.0
COC[C@H]1O[C@@H](OCCC2=CC=CC=C2)[C@H](NCCN)[C@H](OCC2=CC=C3C=CC=CC3=C2)[C@@H]1O,-5770.0,-58900.0,53100.0,-150.0,8.6,-8.6,-0.711,4.28,1.94,4.91,-8380.0,3580.0,-969.0,-416.0,52400.0,-105000.0,53100.0,410.0,3210.0,15300.0,17300.0,459.0,596.0,94.0,4.65,3.94,0.127,-4.65,-15.8,-14.3,-6.62,7.89,1.18,2.75,0.00275
COC[C@H]1O[C@@H](OCC2=CC=C3C=CC=CC3=C2)[C@H]([NH2+]CCN)[C@@H](OCC2=CC=CC=C2)[C@@H]1O,0.0,0.0,0.0,0.0,0.0,0.0,0.0,0.0,0.0,0.0,0.0,0.0,0.0,0.0,0.0,0.0,0.0,0.0,0.0,0.0,0.0,0.0,0.0,0.0,0.0,0.0,0.0,0.0,0.0,0.0,0.0,0.0,0.0,0.0,0.0
COC[C@H]1O[C@@H](OCC2=CC=C3C=CC=CC3=C2)[C@H]([NH2+]CCN)[C@@H](OCC2=CC=CC=C2)[C@@H]1O,0.0,0.0,0.0,0.0,0.0,0.0,0.0,0.0,0.0,0.0,0.0,0.0,0.0,0.0,0.0,0.0,0.0,0.0,0.0,0.0,0.0,0.0,0.0,0.0,0.0,0.0,0.0,0.0,0.0,0.0,0.0,0.0,0.0,0.0,0.0
OC[C@H]1O[C@@H](O)[C@H](N[S]([O-])(=O)=O)[C@@H](O)[C@@H]1O,-3620.0,-21300.0,17700.0,-306.0,12.2,-11.1,-7.47,3.85,1.37,4.59,-5740.0,2490.0,-355.0,-143.0,17200.0,-34800.0,17700.0,121.0,916.0,3080.0,3630.0,232.0,251.0,47.0,9.29,1.82,0.275,-9.29,-14.4,-5.56,-2.49,3.63,5.12,23.8,0.0
OC[C@H]1O[C@H](O)[C@H](N[S]([O-])(=O)=O)[C@@H](O)[C@@H]1O,-3620.0,-21400.0,17800.0,-309.0,12.2,-11.0,-7.33,3.83,1.1,4.2,-5740.0,2490.0,-355.0,-144.0,17300.0,-35000.0,17800.0,121.0,918.0,3070.0,3630.0,229.0,250.0,47.0,9.16,1.82,0.274,-9.16,-14.3,-5.57,-2.52,3.65,5.02,23.0,0.0
C\C(O)=N\[C@@H]1[C@@H](O)[C@@H](O)[C@@H](CO)O[C@@H]1O[P]([O-])([O-])=O,-4190.0,-26900.0,22700.0,-391.0,10.0,-10.0,-0.7,3.3,1.8,4.3,-6470.0,2730.0,-473.0,-170.0,22300.0,-44800.0,22700.0,195.0,2080.0,2600.0,3980.0,262.0,304.0,55.0,5.35,4.65,0.108,-5.35,-9.27,-6.34,-3.16,9.3,1.15,3.08,7.06E-4
C\C(O)=N/[C@@H]1[C@@H](O)[C@@H](O)[C@@H](CO)O[C@@H]1O[P]([O-])([O-])=O,-4190.0,-27100.0,22900.0,-393.0,9.98,-9.98,-0.961,1.25,0.706,1.37,-6470.0,2730.0,-474.0,-169.0,22500.0,-45200.0,22900.0,195.0,2150.0,2360.0,3920.0,261.0,301.0,55.0,5.47,4.51,0.111,-5.47,-9.27,-6.36,-3.11,9.02,1.21,3.32,3.02E-4
OC[C@H]1O[C@@H](O)[C@H](\N=C(/O)C(F)(F)F)[C@@H](O)[C@H]1O,-4500.0,-25800.0,21300.0,-415.0,10.8,-10.8,-0.199,4.13,1.86,4.52,-7130.0,3000.0,-383.0,-155.0,20800.0,-41900.0,21300.0,162.0,971.0,4160.0,4640.0,250.0,272.0,53.0,5.49,5.3,0.0944,-5.49,-8.51,-5.85,-2.57,10.6,1.04,2.85,0.0022
OC[C@H]1O[C@@H](O)[C@H](\N=C(/O)C(F)(F)F)[C@@H](O)[C@H]1O,-4500.0,-25800.0,21300.0,-415.0,10.8,-10.8,-0.198,4.14,1.87,4.52,-7130.0,3000.0,-383.0,-155.0,20800.0,-41900.0,21300.0,162.0,970.0,4160.0,4640.0,250.0,272.0,53.0,5.49,5.3,0.0944,-5.49,-8.51,-5.85,-2.58,10.6,1.04,2.85,0.00221
CC(=O)N[C@@H]1[C@@H](O)[C@H](O)[C@@H](CO)O[C@@H]1OC(O)=N,-3760.0,-25400.0,21600.0,-301.0,9.99,-9.99,0.516,5.47,1.83,5.25,-5810.0,2490.0,-446.0,-181.0,21100.0,-42600.0,21600.0,182.0,1520.0,2220.0,3100.0,249.0,285.0,52.0,4.74,5.25,0.0952,-4.74,-8.3,-6.62,-2.83,10.5,0.902,2.14,0.00167
CC(=O)N[C@@H]1[C@@H](O)[C@H](O)[C@@H](CO)O[C@@H]1OC(N)=O,-3760.0,-25000.0,21300.0,-321.0,9.94,-9.94,0.396,3.3,1.26,2.88,-5800.0,2490.0,-451.0,-182.0,20700.0,-41800.0,21300.0,184.0,1470.0,2600.0,3250.0,255.0,287.0,52.0,4.77,5.17,0.0968,-4.77,-8.29,-6.58,-2.82,10.3,0.923,2.2,7.99E-4
C[C@H](O[C@H]1[C@H](O)[C@@H](CO)O[C@@H](O)[C@@H]1\N=C(/C)O)C([O-])=O,-4140.0,-27900.0,23700.0,-332.0,8.55,-10.2,-3.98,2.88,0.885,2.56,-6370.0,2720.0,-494.0,-203.0,23200.0,-46700.0,23700.0,207.0,1890.0,4300.0,5290.0,301.0,345.0,57.0,7.08,3.09,0.162,-7.08,-12.0,-6.25,-3.3,6.18,2.29,8.1,5.2E-4
C[C@H](O[C@H]1[C@H](O)[C@@H](CO)O[C@@H](O)[C@@H]1\N=C(\C)O)C([O-])=O,-4140.0,-28300.0,24100.0,-336.0,8.68,-10.3,-4.05,3.17,1.47,3.7,-6380.0,2730.0,-493.0,-203.0,23600.0,-47600.0,24100.0,206.0,1430.0,4310.0,5330.0,289.0,332.0,57.0,7.16,3.11,0.161,-7.16,-12.1,-6.19,-3.28,6.22,2.3,8.24,0.00161
[NH3+][C@@H]1[C@@H](O)O[C@@H](CO)[C@H](O)[C@H]1O,-2590.0,-14700.0,12200.0,-208.0,7.74,-10.1,-3.5,4.65,1.33,5.54,-4010.0,1730.0,-313.0,-127.0,11800.0,-23800.0,12200.0,131.0,696.0,1020.0,1100.0,184.0,200.0,36.0,6.82,3.32,0.151,-6.82,-7.76,-3.56,-1.92,6.63,2.06,7.01,0.00141
N[C@@H]1[C@H](O)O[C@@H](CO)[C@H](O)[C@H]1O,-2580.0,-14400.0,11800.0,-226.0,9.92,-9.92,1.41,3.97,1.09,4.49,-3980.0,1710.0,-307.0,-126.0,11400.0,-23100.0,11800.0,129.0,748.0,946.0,1180.0,184.0,199.0,36.0,4.26,5.67,0.0883,-4.26,-5.44,-4.35,-1.9,11.3,0.751,1.6,1.02E-4
CN(N=O)C(=O)N[C@H]1[C@H](O)O[C@H](CO)[C@@H](O)[C@@H]1O,-3810.0,-24100.0,20300.0,-262.0,10.1,-10.1,-0.576,2.87,0.793,2.26,-5870.0,2490.0,-438.0,-177.0,19800.0,-39900.0,20300.0,184.0,872.0,4230.0,4840.0,259.0,281.0,52.0,5.35,4.77,0.105,-5.35,-8.82,-6.24,-2.87,9.54,1.12,3.0,0.00497
C\[N+](=N\O)C(=O)N[C@H]1[C@H](O)O[C@H](CO)[C@@H](O)[C@@H]1O,-3820.0,-24600.0,20800.0,-253.0,8.65,-10.1,-4.4,3.09,0.705,3.44,-5890.0,2500.0,-441.0,-178.0,20300.0,-40800.0,20800.0,186.0,1020.0,3900.0,4470.0,265.0,291.0,52.0,7.23,2.83,0.177,-7.23,-11.4,-5.5,-2.92,5.66,2.56,9.24,0.00138
CC(=O)N[C@H]1[C@H](O)O[C@H](CO[P@@]([O-])(=O)OCC[N+](C)(C)C)[C@H](O)[C@@H]1O,-5170.0,-42100.0,37000.0,-450.0,8.67,-8.67,-0.5,14.4,1.78,15.9,-7820.0,3320.0,-695.0,-264.0,36400.0,-73000.0,37000.0,288.0,2730.0,6610.0,7830.0,343.0,434.0,74.0,4.59,4.09,0.122,-4.59,-11.9,-9.14,-4.16,8.17,1.12,2.57,7.85E-4
CC(=O)N[C@H]1[C@@H](O)O[C@H](CO[P@]([O-])(=O)OCC[N+](C)(C)C)[C@H](O)[C@@H]1O,-5170.0,-41700.0,36600.0,-457.0,8.63,-8.63,-0.399,15.9,0.637,16.4,-7830.0,3330.0,-695.0,-264.0,36000.0,-72200.0,36600.0,288.0,2540.0,7090.0,8690.0,345.0,432.0,74.0,4.52,4.12,0.121,-4.52,-11.7,-9.21,-4.16,8.23,1.1,2.48,0.0012
N[C@H]1[C@@H](O)O[C@H](CO)[C@@H](O)[C@@H]1O,-2580.0,-14100.0,11500.0,-228.0,10.2,-10.2,1.38,2.23,0.982,3.06,-3990.0,1710.0,-307.0,-126.0,11100.0,-22500.0,11500.0,128.0,635.0,1120.0,1570.0,189.0,200.0,36.0,4.39,5.77,0.0867,-4.39,-5.51,-4.27,-1.89,11.5,0.761,1.67,8.35E-4
[NH3+][C@H]1[C@H](O)O[C@H](CO)[C@@H](O)[C@@H]1O,-2590.0,-13700.0,11100.0,-208.0,9.76,-10.1,-5.19,1.37,1.28,2.04,-4000.0,1730.0,-312.0,-127.0,10800.0,-21800.0,11100.0,131.0,762.0,1490.0,2000.0,212.0,217.0,36.0,7.66,2.47,0.202,-7.66,-8.52,-3.67,-1.86,4.94,3.1,11.9,0.397
CCC(=O)N[C@H]1[C@@H](O)O[C@H](CO)[C@@H](O)[C@@H]1O,-3290.0,-20700.0,17400.0,-283.0,9.97,-9.97,0.871,3.63,1.15,2.81,-5050.0,2170.0,-416.0,-172.0,16900.0,-34100.0,17400.0,172.0,836.0,3010.0,3360.0,244.0,267.0,47.0,4.55,5.42,0.0922,-4.55,-7.12,-6.02,-2.58,10.8,0.839,1.91,0.00259
CCC(=O)N[C@H]1[C@H](O)O[C@H](CO)[C@@H](O)[C@@H]1O,-3290.0,-20700.0,17400.0,-282.0,9.88,-9.88,0.859,5.2,1.24,6.24,-5050.0,2180.0,-415.0,-172.0,17000.0,-34300.0,17400.0,171.0,999.0,2700.0,3100.0,246.0,267.0,47.0,4.51,5.37,0.0932,-4.51,-7.27,-5.86,-2.54,10.7,0.84,1.89,5.79E-4
COC1=CC2=CC=C(O[C@@H]3O[C@@H](CO)[C@H](O)[C@@H](O)[C@H]3\N=C(/C)O)C=C2C=C1,-4900.0,-40200.0,35300.0,-262.0,8.6,-8.6,-0.825,5.14,1.56,6.4,-7350.0,3150.0,-693.0,-291.0,34700.0,-69800.0,35300.0,289.0,2120.0,8630.0,9660.0,359.0,428.0,73.0,4.71,3.89,0.129,-4.71,-12.0,-11.1,-4.83,7.78,1.21,2.86,0.0103
COC1=CC2=CC=C(O[C@@H]3O[C@@H](CO)[C@H](O)[C@@H](O)[C@H]3\N=C(/C)O)C=C2C=C1,-4900.0,-39900.0,35000.0,-257.0,8.59,-8.59,-0.684,4.75,1.77,5.97,-7350.0,3150.0,-693.0,-291.0,34400.0,-69100.0,35000.0,290.0,2410.0,8830.0,9990.0,368.0,426.0,73.0,4.64,3.95,0.126,-4.64,-12.2,-10.9,-4.82,7.91,1.17,2.72,0.00618
C\C(O)=N\[C@H]1[C@H](O)O[C@H](CO[P]([O-])([O-])=O)[C@H](O)[C@@H]1O,-4190.0,-26000.0,21800.0,-392.0,10.2,-10.2,-0.684,2.23,2.44,3.28,-6470.0,2730.0,-472.0,-169.0,21300.0,-42900.0,21800.0,194.0,1120.0,5470.0,5630.0,272.0,300.0,55.0,5.42,4.74,0.106,-5.42,-9.35,-6.32,-3.15,9.48,1.14,3.1,0.00234
C\C(O)=N\[C@H]1[C@H](O)O[C@H](CO[P]([O-])([O-])=O)[C@H](O)[C@@H]1O,-4190.0,-25700.0,21500.0,-392.0,10.1,-10.1,-0.572,2.09,1.64,1.69,-6480.0,2730.0,-472.0,-169.0,21100.0,-42400.0,21500.0,193.0,983.0,5830.0,6210.0,276.0,302.0,55.0,5.33,4.75,0.105,-5.33,-9.36,-6.33,-3.1,9.51,1.12,2.98,0.00401
C\C(O)=N\[C@@H]1[C@@H](O)O[C@@H](CO)[C@H](O)[C@@H]1O,-3140.0,-19300.0,16200.0,-276.0,10.1,-10.1,0.578,1.88,1.22,2.12,-4860.0,2090.0,-377.0,-155.0,15800.0,-31800.0,16200.0,156.0,893.0,1920.0,2260.0,221.0,244.0,44.0,4.78,5.36,0.0933,-4.78,-7.05,-5.31,-2.37,10.7,0.892,2.13,0.00123
CC(=O)N[C@@H]1[C@@H](O)O[C@H](CO)[C@H](O)[C@@H]1O,-3140.0,-19300.0,16100.0,-283.0,10.0,-10.0,0.992,2.09,0.603,2.31,-4850.0,2090.0,-380.0,-156.0,15700.0,-31700.0,16100.0,156.0,1000.0,1950.0,2160.0,226.0,247.0,44.0,4.5,5.5,0.091,-4.5,-6.82,-5.48,-2.36,11.0,0.82,1.85,3.38E-4
OC[C@H]1O[C@@H](O)[C@@H](N\C(O)=C/N=[N+]=[N-])[C@@H](O)[C@@H]1O,-3690.0,-24000.0,20300.0,-185.0,9.29,-9.29,-0.743,3.46,1.64,4.39,-5640.0,2380.0,-440.0,-177.0,19800.0,-40000.0,20300.0,186.0,1520.0,2680.0,3290.0,250.0,283.0,51.0,5.01,4.27,0.117,-5.01,-8.35,-6.96,-2.94,8.54,1.17,2.94,0.00474
OC[C@H]1O[C@@H](O)[C@@H](\N=C(/O)CN=[N+]=[N-])[C@@H](O)[C@@H]1O,-3690.0,-24000.0,20300.0,-192.0,10.0,-10.0,-0.184,3.71,1.48,5.16,-5640.0,2380.0,-437.0,-176.0,19800.0,-40000.0,20300.0,184.0,1620.0,2480.0,3230.0,249.0,289.0,51.0,5.1,4.92,0.102,-5.1,-8.38,-6.77,-2.94,9.84,1.04,2.65,0.00182
CC(=O)N[C@H]1[C@@H](O)O[C@H](CO[P]([O-])([O-])=O)[C@@H](O)[C@@H]1O,-4190.0,-25600.0,21500.0,-399.0,9.67,-9.67,-0.772,5.64,1.18,5.83,-6470.0,2730.0,-476.0,-170.0,21000.0,-42300.0,21500.0,195.0,920.0,6120.0,6540.0,277.0,304.0,55.0,5.22,4.45,0.112,-5.22,-8.9,-6.65,-3.1,8.9,1.17,3.06,0.00466
CC(=O)N[C@H]1[C@@H](O)O[C@H](CO[P]([O-])([O-])=O)[C@@H](O)[C@@H]1O,-4190.0,-26100.0,21900.0,-400.0,9.71,-9.71,-0.767,4.78,1.36,4.45,-6470.0,2730.0,-476.0,-170.0,21400.0,-43100.0,21900.0,195.0,988.0,5350.0,5710.0,269.0,304.0,55.0,5.24,4.47,0.112,-5.24,-8.91,-6.64,-3.11,8.94,1.17,3.07,0.00296
C\C(O)=N\[C@@H]1[C@@H](O)[C@H](O)[C@@H](CO)O[C@@H]1O[P]([O-])([O-])=O,-4190.0,-26900.0,22700.0,-391.0,9.92,-9.92,-0.797,1.15,1.75,0.748,-6470.0,2730.0,-473.0,-169.0,22300.0,-44800.0,22700.0,195.0,2170.0,2500.0,3900.0,264.0,305.0,55.0,5.36,4.56,0.11,-5.36,-9.34,-6.36,-3.19,9.12,1.17,3.15,3.03E-4
C\C(O)=N\[C@@H]1[C@@H](O)[C@H](O)[C@@H](CO)O[C@@H]1O[P]([O-])([O-])=O,-4190.0,-26800.0,22600.0,-393.0,10.2,-10.2,-0.753,5.07,1.0,5.77,-6470.0,2730.0,-473.0,-169.0,22200.0,-44600.0,22600.0,194.0,2010.0,2760.0,3930.0,265.0,306.0,55.0,5.45,4.7,0.106,-5.45,-9.5,-6.21,-3.06,9.4,1.16,3.16,0.00122
OC[C@@H]1O[C@@H](O)[C@@H](\N=C(/O)N(CCCl)N=O)[C@H](O)[C@H]1O,-4210.0,-28500.0,24200.0,-263.0,10.3,-10.3,-0.744,1.88,1.41,2.42,-6480.0,2730.0,-467.0,-190.0,23700.0,-47800.0,24200.0,196.0,1650.0,5310.0,6460.0,290.0,330.0,58.0,5.51,4.77,0.105,-5.51,-10.2,-7.01,-3.2,9.53,1.16,3.19,0.00527
OC[C@@H]1O[C@@H](O)[C@@H](\N=C(/O)N(CCCl)N=O)[C@H](O)[C@H]1O,-4210.0,-28400.0,24200.0,-259.0,9.91,-9.91,-0.412,7.76,0.895,8.2,-6480.0,2730.0,-468.0,-191.0,23700.0,-47700.0,24200.0,197.0,1460.0,5970.0,6500.0,294.0,329.0,58.0,5.16,4.75,0.105,-5.16,-9.9,-7.2,-3.18,9.5,1.09,2.8,0.00431
CCCNC(=O)O[C@H]1O[C@H](CO)[C@@H](O)[C@H](O)[C@H]1\N=C(\C)O,-4210.0,-32200.0,28000.0,-330.0,10.3,-10.3,0.456,4.05,1.25,4.09,-6410.0,2750.0,-551.0,-227.0,27400.0,-55200.0,28000.0,227.0,2320.0,3100.0,3860.0,290.0,353.0,61.0,4.9,5.36,0.0933,-4.9,-9.73,-7.6,-3.42,10.7,0.915,2.24,1.39E-4
CCCNC(=O)O[C@H]1O[C@H](CO)[C@@H](O)[C@H](O)[C@H]1\N=C(\C)O,-4210.0,-30900.0,26700.0,-328.0,9.98,-9.98,0.895,2.2,1.91,3.34,-6410.0,2750.0,-551.0,-228.0,26200.0,-52600.0,26700.0,227.0,2570.0,3520.0,5250.0,310.0,364.0,61.0,4.54,5.44,0.092,-4.54,-9.44,-7.8,-3.41,10.9,0.835,1.9,4.86E-4
C[C@@H](O[C@H]1[C@@H](N)[C@H](O)O[C@H](CO)[C@H]1O)C([O-])=O,-3570.0,-22500.0,18900.0,-289.0,8.68,-9.64,-4.05,2.87,1.01,3.31,-5500.0,2350.0,-424.0,-174.0,18400.0,-37100.0,18900.0,180.0,1430.0,2800.0,3490.0,258.0,294.0,49.0,6.84,2.8,0.179,-6.84,-9.85,-5.55,-2.73,5.6,2.45,8.37,8.0E-4
C[C@@H](O[C@H]1[C@@H]([NH3+])[C@H](O)O[C@H](CO)[C@H]1O)C([O-])=O,-3590.0,-23500.0,19900.0,-314.0,10.3,-10.3,0.444,3.58,1.74,5.29,-5540.0,2380.0,-428.0,-177.0,19400.0,-39100.0,19900.0,179.0,1200.0,2570.0,3140.0,248.0,282.0,50.0,4.9,5.35,0.0935,-4.9,-7.91,-6.07,-2.68,10.7,0.917,2.25,8.52E-4
C[C@@H](O[C@H]1[C@H](O)[C@@H](CO)O[C@@H](O)[C@@H]1\N=C(\C)O)C([O-])=O,-4140.0,-28200.0,24100.0,-337.0,8.35,-10.2,-3.68,3.24,1.18,3.13,-6380.0,2720.0,-494.0,-203.0,23600.0,-47500.0,24100.0,207.0,2670.0,3430.0,3950.0,298.0,336.0,57.0,6.92,3.24,0.155,-6.92,-11.7,-6.35,-3.31,6.47,2.14,7.4,1.08E-4
C[C@@H](O[C@H]1[C@H](O)[C@@H](CO)O[C@@H](O)[C@@H]1\N=C(/C)O)C([O-])=O,-4140.0,-28100.0,23900.0,-331.0,8.4,-10.1,-3.8,2.86,1.42,3.6,-6370.0,2720.0,-494.0,-203.0,23400.0,-47100.0,23900.0,207.0,2560.0,3110.0,4820.0,298.0,349.0,57.0,6.96,3.16,0.158,-6.96,-11.7,-6.32,-3.29,6.32,2.2,7.67,7.44E-4
C[C@@H](O[C@H]1[C@H](O)[C@@H](CO)O[C@@H](O)[C@@H]1NC(C)=O)C([O-])=O,-4140.0,-28300.0,24200.0,-340.0,8.7,-9.82,-4.11,4.44,0.468,4.13,-6370.0,2720.0,-498.0,-204.0,23600.0,-47600.0,24200.0,208.0,2430.0,3050.0,4770.0,290.0,344.0,57.0,6.96,2.86,0.175,-6.96,-11.5,-6.49,-3.23,5.71,2.44,8.49,3.82E-4
C[C@@H](O[C@H]1[C@H](O)[C@@H](CO)O[C@@H](O)[C@@H]1N=C(C)O)C([O-])=O,-4140.0,-28600.0,24400.0,-326.0,8.59,-10.1,-3.98,5.8,1.4,7.14,-6370.0,2720.0,-493.0,-203.0,23900.0,-48100.0,24400.0,207.0,2010.0,3340.0,4380.0,288.0,340.0,57.0,7.02,3.04,0.164,-7.02,-11.9,-6.31,-3.28,6.08,2.31,8.1,0.00106
OC[C@H]1O[C@H](O)[C@H](NC(=O)[N+](\CCCl)=N\O)[C@@H](O)[C@@H]1O,-4230.0,-29000.0,24800.0,-276.0,8.84,-10.2,-4.59,4.05,1.24,4.7,-6510.0,2750.0,-475.0,-192.0,24300.0,-48900.0,24800.0,199.0,1270.0,5430.0,5960.0,285.0,331.0,58.0,7.38,2.8,0.179,-7.38,-13.6,-6.05,-3.22,5.6,2.64,9.75,0.00253
OC[C@H]1O[C@H](O)[C@H](NC(=O)[N+](\CCCl)=N\O)[C@@H](O)[C@@H]1O,-4230.0,-28900.0,24600.0,-268.0,8.54,-10.0,-4.24,2.12,0.723,1.82,-6510.0,2750.0,-474.0,-192.0,24100.0,-48600.0,24600.0,200.0,1290.0,6010.0,6300.0,293.0,331.0,58.0,7.13,2.89,0.173,-7.13,-13.0,-6.15,-3.23,5.78,2.47,8.81,7.48E-4
N[C@@H]1[C@@H](O)O[C@H](CO)[C@@H](O)[C@@H]1O,-2580.0,-14200.0,11600.0,-229.0,9.87,-9.87,1.35,2.34,0.87,2.19,-3990.0,1710.0,-307.0,-126.0,11200.0,-22700.0,11600.0,129.0,686.0,1070.0,1410.0,189.0,202.0,36.0,4.26,5.61,0.0891,-4.26,-5.43,-4.33,-1.82,11.2,0.76,1.62,5.86E-4
[NH3+][C@@H]1[C@@H](O)O[C@H](CO)[C@@H](O)[C@@H]1O,-2590.0,-14200.0,11600.0,-212.0,9.68,-9.86,-5.14,2.87,2.0,4.1,-4010.0,1730.0,-311.0,-127.0,11300.0,-22800.0,11600.0,131.0,841.0,1130.0,1370.0,197.0,212.0,36.0,7.5,2.36,0.212,-7.5,-8.34,-3.73,-1.9,4.72,3.18,11.9,0.00199
CC(=O)N[C@@H]1[C@H](O)O[C@H](CO)[C@@H](O)[C@H]1O,-3140.0,-19300.0,16100.0,-279.0,9.84,-9.84,0.796,4.57,0.421,4.29,-4850.0,2090.0,-381.0,-156.0,15700.0,-31700.0,16100.0,157.0,831.0,2020.0,2490.0,219.0,243.0,44.0,4.52,5.32,0.094,-4.52,-6.65,-5.72,-2.41,10.6,0.85,1.92,0.00155
C\C(O)=N\[C@@H]1[C@H](O)O[C@H](CO)[C@@H](O)[C@H]1O,-3140.0,-19500.0,16300.0,-277.0,9.74,-9.74,1.4,3.51,1.41,3.58,-4860.0,2090.0,-378.0,-155.0,15900.0,-32000.0,16300.0,156.0,862.0,1900.0,2200.0,220.0,240.0,44.0,4.17,5.57,0.0898,-4.17,-6.68,-5.62,-2.36,11.1,0.749,1.56,0.0011
CC(=O)N[C@@H]1[C@H](O)O[C@H](CO)[C@@H](O)[C@@H]1O,-3140.0,-19200.0,16000.0,-276.0,9.9,-9.9,0.998,5.26,0.602,5.71,-4850.0,2090.0,-380.0,-156.0,15600.0,-31400.0,16000.0,156.0,1150.0,1780.0,2220.0,227.0,250.0,44.0,4.45,5.45,0.0917,-4.45,-6.78,-5.58,-2.35,10.9,0.817,1.82,5.39E-4
C\C(O)=N\[C@@H]1[C@H](O)O[C@H](CO)[C@@H](O)[C@@H]1O,-3140.0,-19200.0,16100.0,-270.0,10.0,-10.0,1.05,1.36,1.18,2.51,-4850.0,2090.0,-377.0,-156.0,15700.0,-31600.0,16100.0,156.0,1150.0,1780.0,2100.0,227.0,249.0,44.0,4.48,5.53,0.0904,-4.48,-6.81,-5.53,-2.38,11.1,0.81,1.82,2.78E-4
C[C@@H](O[C@@H]1[C@@H](N)[C@@H](O)O[C@H](CO)[C@H]1O)C([O-])=O,-3570.0,-22400.0,18800.0,-295.0,8.38,-9.85,-3.77,3.04,1.75,2.0,-5510.0,2350.0,-424.0,-174.0,18400.0,-37000.0,18800.0,180.0,1080.0,3300.0,3790.0,254.0,289.0,49.0,6.81,3.04,0.164,-6.81,-9.84,-5.45,-2.78,6.08,2.24,7.62,1.28E-4
C[C@@H](O[C@@H]1[C@@H]([NH3+])[C@@H](O)O[C@H](CO)[C@H]1O)C([O-])=O,-3590.0,-23400.0,19800.0,-321.0,10.1,-10.1,0.8,5.83,1.27,6.36,-5540.0,2380.0,-429.0,-177.0,19300.0,-38900.0,19800.0,179.0,1230.0,2590.0,3350.0,249.0,279.0,50.0,4.63,5.43,0.0921,-4.63,-7.72,-6.24,-2.71,10.9,0.853,1.97,7.7E-4
CN(N=O)C(\O)=N\[C@H]1[C@H](O)O[C@H](CO)[C@@H](O)[C@@H]1O,-3810.0,-24000.0,20200.0,-247.0,9.8,-9.8,-0.323,3.45,1.72,4.62,-5870.0,2490.0,-435.0,-176.0,19700.0,-39700.0,20200.0,183.0,1080.0,4090.0,4610.0,262.0,282.0,52.0,5.06,4.74,0.106,-5.06,-8.53,-6.48,-2.91,9.48,1.07,2.7,0.00395
C\[N+](N=O)=C(\O)N[C@H]1[C@H](O)O[C@H](CO)[C@@H](O)[C@@H]1O,-3820.0,-24400.0,20500.0,-243.0,7.98,-9.57,-3.81,4.66,0.782,3.92,-5890.0,2500.0,-441.0,-177.0,20000.0,-40400.0,20500.0,188.0,969.0,4340.0,4850.0,268.0,290.0,52.0,6.69,2.88,0.174,-6.69,-10.5,-5.78,-2.92,5.76,2.32,7.76,0.0172
CC(=O)N[C@H]1[C@@H](O)O[C@H](CO)[C@H](O)[C@H]1O,-3140.0,-19100.0,16000.0,-286.0,9.91,-9.91,1.07,2.22,1.45,2.89,-4850.0,2090.0,-381.0,-156.0,15600.0,-31400.0,16000.0,157.0,734.0,2370.0,2500.0,227.0,246.0,44.0,4.42,5.49,0.091,-4.42,-6.72,-5.57,-2.4,11.0,0.805,1.78,4.63E-4
C\C(O)=N\[C@H]1[C@@H](O)O[C@H](CO)[C@H](O)[C@H]1O,-3140.0,-19200.0,16100.0,-275.0,10.0,-10.0,0.974,2.35,2.2,3.27,-4860.0,2090.0,-378.0,-155.0,15700.0,-31600.0,16100.0,156.0,659.0,2300.0,2550.0,224.0,245.0,44.0,4.52,5.49,0.091,-4.52,-6.79,-5.52,-2.36,11.0,0.823,1.86,0.00168
C\[N+](N=O)=C(/O)N[C@H]1[C@@H](O)O[C@H](CO)[C@@H](O)[C@H]1O,-3820.0,-25000.0,21200.0,-248.0,7.7,-9.79,-3.99,4.6,1.95,3.87,-5890.0,2500.0,-442.0,-177.0,20700.0,-41700.0,21200.0,188.0,925.0,3950.0,3980.0,256.0,284.0,52.0,6.89,2.9,0.172,-6.89,-11.0,-5.56,-2.88,5.8,2.38,8.19,0.00364
C\[N+](N=O)=C(/O)N[C@@H]1[C@@H](O)O[C@H](CO)[C@@H](O)[C@H]1O,-3820.0,-25500.0,21700.0,-249.0,7.86,-10.0,-4.17,2.53,1.89,1.46,-5890.0,2500.0,-442.0,-177.0,21200.0,-42600.0,21700.0,188.0,1340.0,2830.0,3340.0,251.0,284.0,52.0,7.11,2.93,0.17,-7.11,-11.3,-5.48,-2.93,5.87,2.42,8.61,0.00293
CN(N=O)C(=O)N[C@@H]1[C@@H](O)O[C@H](CO)[C@@H](O)[C@H]1O,-3810.0,-24400.0,20600.0,-269.0,10.4,-10.4,-0.687,1.96,0.902,2.74,-5870.0,2490.0,-439.0,-177.0,20000.0,-40400.0,20600.0,184.0,1300.0,3610.0,4010.0,260.0,284.0,52.0,5.54,4.86,0.103,-5.54,-8.9,-6.17,-2.86,9.71,1.14,3.16,0.00277
CN(N=O)C(=O)N[C@@H]1[C@@H](O)O[C@H](CO)[C@@H](O)[C@H]1O,-3810.0,-24500.0,20700.0,-269.0,10.2,-10.2,-0.581,1.8,0.865,2.24,-5870.0,2490.0,-439.0,-177.0,20200.0,-40600.0,20700.0,184.0,1270.0,3550.0,3980.0,258.0,281.0,52.0,5.39,4.81,0.104,-5.39,-8.79,-6.23,-2.81,9.61,1.12,3.02,0.00283
C[C@@H](O[C@H]1[C@H](O)[C@@H](CO)O[C@H](O)[C@@H]1\N=C(\C)O)C([O-])=O,-4140.0,-28400.0,24300.0,-332.0,8.64,-10.2,-4.1,3.3,0.509,3.46,-6370.0,2720.0,-494.0,-203.0,23700.0,-47800.0,24300.0,208.0,2620.0,2770.0,4810.0,292.0,339.0,57.0,7.17,3.07,0.163,-7.17,-12.2,-6.2,-3.31,6.14,2.33,8.37,0.00118
C[C@@H](O[C@H]1[C@H](O)[C@@H](CO)O[C@H](O)[C@@H]1NC(C)=O)C([O-])=O,-4140.0,-28300.0,24200.0,-344.0,8.3,-10.1,-3.67,5.2,0.787,5.95,-6370.0,2720.0,-497.0,-204.0,23700.0,-47600.0,24200.0,208.0,2400.0,3190.0,4600.0,294.0,339.0,57.0,6.88,3.22,0.155,-6.88,-11.6,-6.37,-3.25,6.43,2.14,7.37,0.00325
C[C@@H](O[C@H]1[C@H](O)[C@@H](CO)O[C@@H](O)[C@@H]1N=C(C)O)C([O-])=O,-4140.0,-28100.0,23900.0,-324.0,8.51,-10.0,-3.92,5.71,1.43,7.06,-6370.0,2720.0,-494.0,-204.0,23400.0,-47100.0,23900.0,208.0,2460.0,3210.0,4860.0,294.0,346.0,57.0,6.96,3.05,0.164,-6.96,-11.8,-6.35,-3.3,6.09,2.29,7.96,0.00115
C[C@@H](O[C@H]1[C@H](O)[C@@H](CO)O[C@H](O)[C@@H]1NC(C)=O)C([O-])=O,-4140.0,-28300.0,24200.0,-345.0,8.24,-9.8,-3.62,3.86,0.848,4.32,-6370.0,2720.0,-498.0,-204.0,23700.0,-47600.0,24200.0,208.0,2680.0,2940.0,4580.0,292.0,337.0,57.0,6.71,3.09,0.162,-6.71,-11.5,-6.43,-3.26,6.18,2.17,7.29,0.00312
[NH3+][C@H]1[C@@H](O)O[C@H](CO)[C@H](O)[C@@H]1O,-2590.0,-14300.0,11800.0,-206.0,7.75,-10.0,-3.53,3.37,0.946,4.16,-4000.0,1730.0,-313.0,-128.0,11400.0,-23000.0,11800.0,132.0,619.0,1180.0,1600.0,192.0,206.0,36.0,6.78,3.26,0.154,-6.78,-7.7,-3.57,-1.96,6.51,2.08,7.07,0.00731
N[C@H]1[C@@H](O)O[C@H](CO)[C@H](O)[C@@H]1O,-2580.0,-14200.0,11600.0,-230.0,10.2,-10.2,1.49,2.08,1.53,3.53,-3990.0,1710.0,-307.0,-126.0,11300.0,-22700.0,11600.0,128.0,599.0,1110.0,1510.0,187.0,199.0,36.0,4.37,5.86,0.0854,-4.37,-5.48,-4.3,-1.84,11.7,0.746,1.63,5.67E-4
OC[C@H]1O[C@H](O)[C@H](\N=C(/O)N(CCCl)N=O)[C@@H](O)[C@@H]1O,-4210.0,-28800.0,24600.0,-268.0,10.1,-10.1,-0.525,3.71,1.02,3.42,-6490.0,2730.0,-468.0,-190.0,24100.0,-48500.0,24600.0,196.0,1280.0,5010.0,5800.0,278.0,324.0,58.0,5.29,4.77,0.105,-5.29,-10.0,-7.1,-3.16,9.54,1.11,2.94,0.00532
OC[C@H]1O[C@H](O)[C@H](N\C(O)=[N+](\CCCl)N=O)[C@@H](O)[C@@H]1O,-4230.0,-29300.0,25100.0,-263.0,7.62,-9.69,-3.65,2.04,1.55,2.04,-6510.0,2750.0,-475.0,-191.0,24500.0,-49400.0,25100.0,202.0,1500.0,4950.0,5240.0,286.0,332.0,58.0,6.67,3.02,0.166,-6.67,-12.3,-6.33,-3.22,6.03,2.21,7.37,0.00638
C\C(O)=N/[C@@H]1[C@@H](OC2=CC=CC=C2)O[C@@H](CO)[C@@H](O)[C@@H]1O,-3930.0,-29100.0,25100.0,-242.0,9.41,-9.41,-0.027,1.98,0.937,1.3,-5950.0,2550.0,-538.0,-226.0,24600.0,-49600.0,25100.0,223.0,1550.0,4210.0,4850.0,291.0,336.0,58.0,4.72,4.69,0.107,-4.72,-9.54,-8.21,-3.65,9.38,1.01,2.37,0.00407
C\C(O)=N\[C@H]1[C@H](OC2=CC=CC=C2)O[C@@H](CO)[C@@H](O)[C@@H]1O,-3930.0,-28500.0,24500.0,-234.0,8.91,-8.91,0.34,2.72,1.95,4.11,-5940.0,2550.0,-538.0,-226.0,24000.0,-48400.0,24500.0,224.0,2060.0,3910.0,5160.0,301.0,339.0,58.0,4.29,4.63,0.108,-4.29,-9.11,-8.65,-3.68,9.25,0.926,1.99,0.00363
CC(=O)OC[C@H]1O[C@@H](OC(C)=O)[C@H](\N=C(/O)CCl)[C@@H](OC(C)=O)[C@H]1OC(C)=O,-5670.0,-47700.0,42100.0,-457.0,10.0,-10.0,0.136,4.06,1.38,5.24,-8710.0,3710.0,-668.0,-276.0,41400.0,-83200.0,42100.0,273.0,4000.0,6560.0,8440.0,375.0,471.0,79.0,4.94,5.08,0.0984,-4.94,-13.2,-10.5,-4.47,10.2,0.973,2.41,3.73E-4
CC(=O)OC[C@H]1O[C@@H](OC(C)=O)[C@H](\N=C(\O)CCl)[C@@H](OC(C)=O)[C@H]1OC(C)=O,-5670.0,-47700.0,42000.0,-457.0,10.1,-10.1,0.111,3.1,1.39,4.43,-8710.0,3710.0,-668.0,-276.0,41300.0,-83000.0,42000.0,273.0,3720.0,7300.0,8630.0,378.0,467.0,79.0,4.99,5.1,0.0981,-4.99,-13.2,-10.4,-4.5,10.2,0.978,2.44,2.0E-4
CC(=O)N[C@@H]1[C@@H](O)[C@H](O)[C@@H](CO)O[C@@H]1OCC1=CC=CC=C1,-4080.0,-30600.0,26600.0,-256.0,9.8,-9.8,-0.06,5.43,0.65,5.87,-6150.0,2640.0,-576.0,-242.0,26000.0,-52300.0,26600.0,239.0,2750.0,4000.0,5570.0,318.0,362.0,61.0,4.93,4.87,0.103,-4.93,-10.2,-8.43,-3.86,9.74,1.01,2.5,9.36E-4
CC(=O)N[C@@H]1[C@@H](O)[C@H](O)[C@@H](CO)O[C@@H]1OCC1=CC=CC=C1,-4080.0,-31300.0,27300.0,-255.0,9.55,-9.55,-0.351,6.23,1.26,6.34,-6150.0,2640.0,-575.0,-242.0,26700.0,-53700.0,27300.0,239.0,1700.0,4400.0,5280.0,297.0,362.0,61.0,4.95,4.6,0.109,-4.95,-10.2,-8.45,-3.8,9.2,1.08,2.66,0.00194
C\C(O)=N\[C@H]1[C@H](OC2=CC=C3C(C)=CC(=O)OC3=C2)O[C@H](CO)[C@@H](O)[C@@H]1O,-5040.0,-39200.0,34200.0,-308.0,9.17,-9.17,-0.862,7.57,1.66,7.38,-7640.0,3270.0,-673.0,-280.0,33500.0,-67500.0,34200.0,277.0,2790.0,9070.0,10900.0,370.0,419.0,73.0,5.01,4.15,0.12,-5.01,-12.2,-10.8,-4.7,8.3,1.21,3.03,0.00797
C\C(O)=N/[C@H]1[C@H](OC2=CC=C3C(C)=CC(=O)OC3=C2)O[C@H](CO)[C@@H](O)[C@@H]1O,-5040.0,-39800.0,34800.0,-308.0,9.18,-9.18,-0.886,7.61,1.02,8.42,-7640.0,3270.0,-673.0,-280.0,34100.0,-68700.0,34800.0,277.0,3190.0,7840.0,9280.0,367.0,419.0,73.0,5.03,4.15,0.121,-5.03,-12.2,-10.7,-4.65,8.3,1.21,3.05,0.00553
CN(N=O)C(\O)=N\[C@H]1[C@@H](O)O[C@H](CO)[C@@H](O)[C@@H]1O,0.0,0.0,0.0,0.0,0.0,0.0,0.0,0.0,0.0,0.0,0.0,0.0,0.0,0.0,0.0,0.0,0.0,0.0,0.0,0.0,0.0,0.0,0.0,0.0,0.0,0.0,0.0,0.0,0.0,0.0,0.0,0.0,0.0,0.0,0.0
CN(N=O)C(\O)=N\[C@H]1[C@@H](O)O[C@H](CO)[C@@H](O)[C@@H]1O,-3810.0,-24300.0,20500.0,-247.0,10.0,-10.0,-0.723,6.86,0.727,7.05,-5860.0,2480.0,-435.0,-177.0,20000.0,-40300.0,20500.0,184.0,979.0,3940.0,4320.0,260.0,288.0,52.0,5.38,4.66,0.107,-5.38,-8.96,-6.22,-2.9,9.32,1.16,3.11,0.00279
C\C(O)=N\[C@@H]1[C@@H](O)O[C@H](CO)[C@@H](O)[C@@H]1O,-3140.0,-19100.0,16000.0,-275.0,10.1,-10.1,1.08,1.44,1.45,0.785,-4860.0,2090.0,-377.0,-155.0,15500.0,-31400.0,16000.0,155.0,999.0,2090.0,2190.0,226.0,247.0,44.0,4.53,5.61,0.0892,-4.53,-6.84,-5.44,-2.36,11.2,0.808,1.83,8.25E-4
C\C(O)=N\[C@@H]1[C@@H](O)O[C@H](CO)[C@@H](O)[C@@H]1O,-3140.0,-19100.0,16000.0,-275.0,10.1,-10.1,1.08,1.43,1.44,0.775,-4860.0,2090.0,-377.0,-155.0,15500.0,-31400.0,16000.0,155.0,999.0,2090.0,2190.0,226.0,247.0,44.0,4.53,5.61,0.0892,-4.53,-6.84,-5.44,-2.36,11.2,0.808,1.83,8.27E-4
N[C@H]1[C@H](O)O[C@H](CO)[C@H](O)[C@@H]1O,-2580.0,-14100.0,11500.0,-227.0,9.84,-9.84,1.19,0.774,2.38,2.09,-3980.0,1710.0,-307.0,-126.0,11200.0,-22500.0,11500.0,129.0,659.0,1110.0,1550.0,190.0,202.0,36.0,4.32,5.52,0.0907,-4.32,-5.42,-4.38,-1.88,11.0,0.784,1.69,5.37E-4
[NH3+][C@H]1[C@H](O)O[C@H](CO)[C@H](O)[C@@H]1O,-2590.0,-13900.0,11300.0,-211.0,9.86,-9.97,-5.28,2.21,1.08,2.08,-4000.0,1730.0,-311.0,-127.0,10900.0,-22100.0,11300.0,131.0,593.0,1580.0,1980.0,209.0,213.0,36.0,7.62,2.35,0.213,-7.62,-8.49,-3.72,-1.91,4.69,3.25,12.4,0.147
CO[C@H]1O[C@H](CO)[C@H](O)[C@H](O)[C@H]1\N=C(\C)O,-3290.0,-21100.0,17800.0,-272.0,9.97,-9.97,1.26,2.37,1.05,1.64,-5050.0,2170.0,-412.0,-171.0,17400.0,-35100.0,17800.0,172.0,928.0,2370.0,3030.0,243.0,266.0,47.0,4.35,5.62,0.089,-4.35,-7.15,-5.98,-2.58,11.2,0.775,1.69,0.00197
CO[C@H]1O[C@H](CO)[C@H](O)[C@H](O)[C@H]1\N=C(\C)O,-3290.0,-21100.0,17800.0,-272.0,9.97,-9.97,1.26,2.37,1.05,1.64,-5050.0,2170.0,-412.0,-171.0,17400.0,-35100.0,17800.0,172.0,928.0,2370.0,3030.0,243.0,265.0,47.0,4.35,5.62,0.089,-4.35,-7.15,-5.98,-2.58,11.2,0.775,1.69,0.00198
CC\C=C(\O)N[C@H]1[C@H](O)O[C@H](CO)[C@@H](O)[C@@H]1O,-3440.0,-22500.0,19100.0,-271.0,8.84,-8.84,0.782,2.97,1.46,4.1,-5260.0,2270.0,-449.0,-187.0,18600.0,-37500.0,19100.0,187.0,1010.0,3320.0,4080.0,263.0,289.0,50.0,4.03,4.81,0.104,-4.03,-7.35,-6.69,-2.8,9.62,0.837,1.69,0.00486
CC\C=C(\O)N[C@H]1[C@H](O)O[C@H](CO)[C@@H](O)[C@@H]1O,-3440.0,-22500.0,19100.0,-270.0,8.8,-8.8,0.83,3.16,1.02,4.03,-5260.0,2270.0,-450.0,-187.0,18600.0,-37500.0,19100.0,187.0,990.0,3380.0,4040.0,264.0,288.0,50.0,3.98,4.81,0.104,-3.98,-7.32,-6.74,-2.77,9.63,0.828,1.65,0.00413
C\C(O)=N\[C@H]1[C@H](O)O[C@H](CO)[C@H](O[S]([O-])(=O)=O)[C@@H]1O,-4190.0,-27500.0,23300.0,-353.0,8.09,-10.4,-4.42,3.25,1.06,2.3,-6590.0,2850.0,-431.0,-174.0,22700.0,-45900.0,23300.0,153.0,2200.0,2710.0,4090.0,268.0,305.0,55.0,7.39,2.98,0.168,-7.39,-11.7,-6.92,-2.97,5.95,2.48,9.18,0.0
C\C(O)=N\[C@H]1[C@H](O)O[C@H](CO)[C@H](O[S]([O-])(=O)=O)[C@@H]1O,-4190.0,-27700.0,23500.0,-367.0,8.45,-10.6,-4.86,4.7,0.813,3.95,-6600.0,2860.0,-430.0,-174.0,22900.0,-46300.0,23500.0,151.0,1690.0,3390.0,4070.0,263.0,308.0,55.0,7.71,2.85,0.176,-7.71,-12.2,-6.71,-2.95,5.7,2.71,10.4,0.0
[NH3+][C@H]1[C@@H](O)O[C@H](CO)[C@@H](O)[C@@H]1O,-2590.0,-14200.0,11600.0,-204.0,7.6,-10.1,-3.39,3.35,1.11,3.9,-4000.0,1730.0,-313.0,-128.0,11300.0,-22800.0,11600.0,132.0,656.0,1190.0,1660.0,194.0,206.0,36.0,6.73,3.34,0.15,-6.73,-7.63,-3.57,-1.91,6.69,2.01,6.78,0.00722
[NH3+][C@H]1[C@@H](O)O[C@H](CO)[C@@H](O)[C@@H]1O,0.0,0.0,0.0,0.0,0.0,0.0,0.0,0.0,0.0,0.0,0.0,0.0,0.0,0.0,0.0,0.0,0.0,0.0,0.0,0.0,0.0,0.0,0.0,0.0,0.0,0.0,0.0,0.0,0.0,0.0,0.0,0.0,0.0,0.0,0.0
N[C@H]1[C@H](O)O[C@H](CO)[C@@H](O)[C@@H]1O,-2580.0,-13900.0,11400.0,-223.0,9.8,-9.8,1.22,1.95,0.949,2.89,-3980.0,1710.0,-307.0,-127.0,11000.0,-22200.0,11400.0,129.0,718.0,1080.0,1690.0,194.0,204.0,36.0,4.29,5.51,0.0907,-4.29,-5.43,-4.38,-1.93,11.0,0.779,1.67,0.00142
N[C@H]1[C@H](O)O[C@H](CO)[C@@H](O)[C@@H]1O,-2580.0,-13900.0,11400.0,-225.0,9.81,-9.81,1.16,0.976,1.16,1.32,-3980.0,1710.0,-307.0,-126.0,11000.0,-22200.0,11400.0,129.0,720.0,1080.0,1680.0,191.0,201.0,36.0,4.32,5.49,0.0911,-4.32,-5.44,-4.35,-1.86,11.0,0.788,1.7,0.00118
C[C@@H](O[C@@H]1[C@@H](N)[C@H](O)O[C@H](CO)[C@H]1O)C([O-])=O,-3570.0,-22600.0,19000.0,-287.0,8.27,-9.61,-3.69,2.38,0.774,2.87,-5500.0,2350.0,-424.0,-174.0,18600.0,-37400.0,19000.0,180.0,1480.0,2550.0,3360.0,254.0,282.0,49.0,6.65,2.96,0.169,-6.65,-9.58,-5.62,-2.77,5.91,2.25,7.48,0.00357
C[C@@H](O[C@@H]1[C@@H](N)[C@H](O)O[C@H](CO)[C@H]1O)C([O-])=O,-3570.0,-22200.0,18700.0,-288.0,7.88,-9.59,-3.24,2.02,1.58,1.75,-5500.0,2350.0,-424.0,-174.0,18200.0,-36700.0,18700.0,181.0,1720.0,2780.0,3320.0,265.0,292.0,49.0,6.41,3.17,0.157,-6.41,-9.33,-5.67,-2.79,6.35,2.02,6.48,0.004
C\C(O)=N\[C@H]1[C@H](O)O[C@H](CO)[C@H](O)[C@@H]1O,-3140.0,-18900.0,15800.0,-273.0,10.1,-10.1,0.945,1.65,2.05,1.49,-4860.0,2090.0,-376.0,-155.0,15400.0,-31000.0,15800.0,155.0,754.0,2330.0,2780.0,229.0,245.0,44.0,4.58,5.53,0.0904,-4.58,-6.81,-5.51,-2.39,11.1,0.829,1.9,0.00215
C\C(O)=N\[C@H]1[C@H](O)O[C@H](CO)[C@H](O)[C@@H]1O,-3140.0,-18900.0,15800.0,-273.0,10.1,-10.1,0.945,1.65,2.05,1.49,-4860.0,2090.0,-376.0,-155.0,15400.0,-31000.0,15800.0,155.0,754.0,2330.0,2780.0,229.0,245.0,44.0,4.58,5.53,0.0904,-4.58,-6.81,-5.51,-2.4,11.1,0.829,1.9,0.00215
CC(=O)N[C@H]1[C@H](O)O[C@H](CO[S]([O-])(=O)=O)[C@H](O)[C@@H]1O,-4190.0,-26700.0,22500.0,-324.0,14.3,-9.85,-8.89,4.18,0.789,4.63,-6580.0,2840.0,-428.0,-175.0,21900.0,-44300.0,22500.0,155.0,1190.0,5350.0,5600.0,274.0,305.0,55.0,9.37,0.477,1.05,-9.37,-20.4,-9.61,-3.24,0.955,19.6,91.9,0.0
CC(=O)N[C@H]1[C@H](O)O[C@H](CO[S]([O-])(=O)=O)[C@H](O)[C@@H]1O,-4190.0,-27100.0,23000.0,-316.0,14.4,-9.86,-8.81,5.11,1.84,4.76,-6580.0,2840.0,-428.0,-175.0,22400.0,-45200.0,23000.0,157.0,1480.0,4270.0,4790.0,268.0,307.0,55.0,9.33,0.525,0.953,-9.33,-19.7,-9.27,-3.37,1.05,17.8,83.0,0.0
CC(=O)N[C@H]1[C@H](O)O[C@H](CO[S]([O-])(=O)=O)[C@@H](O)[C@@H]1O,-4190.0,-26500.0,22300.0,-320.0,14.3,-9.86,-8.75,4.54,0.99,5.26,-6580.0,2840.0,-427.0,-175.0,21700.0,-43800.0,22300.0,155.0,1280.0,5240.0,6100.0,274.0,306.0,55.0,9.31,0.551,0.907,-9.31,-19.6,-9.06,-3.32,1.1,16.9,78.6,0.0
C\C(O)=N\[C@H]1[C@H](O)O[C@H](CO[S]([O-])(=O)=O)[C@@H](O)[C@@H]1O,-4190.0,-26800.0,22600.0,-320.0,14.4,-10.1,-8.9,0.638,1.33,1.44,-6590.0,2840.0,-424.0,-174.0,22000.0,-44500.0,22600.0,153.0,1290.0,4980.0,5260.0,273.0,301.0,55.0,9.5,0.609,0.821,-9.5,-21.8,-8.53,-3.16,1.22,15.6,74.2,0.0
N[C@@H]1[C@H](O)O[C@H](CO)[C@@H](O)[C@@H]1O,-2580.0,-14100.0,11500.0,-226.0,10.0,-10.0,1.31,3.72,1.18,4.5,-3980.0,1710.0,-306.0,-126.0,11200.0,-22600.0,11500.0,129.0,762.0,975.0,1540.0,188.0,200.0,36.0,4.37,5.68,0.0881,-4.37,-5.48,-4.32,-1.88,11.4,0.769,1.68,9.23E-4
N[C@@H]1[C@H](O)O[C@H](CO)[C@@H](O)[C@@H]1O,-2580.0,-14100.0,11500.0,-226.0,10.0,-10.0,1.22,2.33,1.02,2.8,-3980.0,1710.0,-307.0,-126.0,11200.0,-22500.0,11500.0,129.0,758.0,986.0,1550.0,187.0,200.0,36.0,4.4,5.61,0.0891,-4.4,-5.47,-4.33,-1.87,11.2,0.783,1.72,7.75E-4
CC(=O)N[C@@H]1[C@H](O)O[C@H](CO)[C@@H](O)[C@@H]1O,-3140.0,-19200.0,16000.0,-276.0,9.9,-9.9,0.998,5.26,0.602,5.71,-4850.0,2090.0,-380.0,-156.0,15600.0,-31400.0,16000.0,156.0,1150.0,1780.0,2220.0,227.0,250.0,44.0,4.45,5.45,0.0917,-4.45,-6.78,-5.58,-2.35,10.9,0.817,1.82,5.39E-4
CC(=O)N[C@@H]1[C@@H](O)O[C@H](CO)[C@@H](O)[C@@H]1O,-3140.0,-19000.0,15900.0,-278.0,9.8,-9.8,1.13,3.8,1.06,4.43,-4850.0,2090.0,-381.0,-157.0,15400.0,-31100.0,15900.0,158.0,1020.0,2050.0,2410.0,230.0,248.0,44.0,4.33,5.47,0.0915,-4.33,-6.64,-5.69,-2.36,10.9,0.793,1.72,6.12E-4
[NH3+][C@H]1[C@H](O)O[C@H](CO)[C@@H](O)[C@@H]1O,0.0,0.0,0.0,0.0,0.0,0.0,0.0,0.0,0.0,0.0,0.0,0.0,0.0,0.0,0.0,0.0,0.0,0.0,0.0,0.0,0.0,0.0,0.0,0.0,0.0,0.0,0.0,0.0,0.0,0.0,0.0,0.0,0.0,0.0,0.0
N[C@H]1[C@H](O)O[C@H](CO)[C@@H](O)[C@@H]1O,-2580.0,-13900.0,11400.0,-223.0,9.8,-9.8,1.22,1.95,0.949,2.89,-3980.0,1710.0,-307.0,-127.0,11000.0,-22200.0,11400.0,129.0,718.0,1080.0,1690.0,194.0,204.0,36.0,4.29,5.51,0.0907,-4.29,-5.43,-4.38,-1.93,11.0,0.779,1.67,0.00142
C\C(O)=N/[C@H]1[C@@H](O)O[C@H](CO)[C@@H](O)[C@@H]1O,-3140.0,-18900.0,15800.0,-274.0,10.4,-10.4,0.641,4.05,1.48,5.0,-4860.0,2090.0,-377.0,-155.0,15300.0,-30900.0,15800.0,155.0,731.0,2330.0,2850.0,228.0,244.0,44.0,4.85,5.5,0.091,-4.85,-7.05,-5.31,-2.4,11.0,0.883,2.14,0.00325
CC(=O)N[C@H]1[C@@H](O)O[C@H](CO)[C@@H](O)[C@@H]1O,-3140.0,-18900.0,15700.0,-279.0,9.69,-9.69,1.01,5.38,1.1,5.34,-4850.0,2090.0,-380.0,-156.0,15300.0,-30900.0,15700.0,157.0,728.0,2420.0,2790.0,229.0,249.0,44.0,4.34,5.35,0.0935,-4.34,-6.68,-5.64,-2.36,10.7,0.811,1.76,0.00305
C[C@H](O[C@@H]1[C@@H]([NH3+])[C@H](O)O[C@H](CO)[C@@H]1O)C([O-])=O,-3590.0,-24500.0,20900.0,-284.0,9.5,-9.5,-0.33,11.8,0.677,12.3,-5550.0,2390.0,-430.0,-176.0,20400.0,-41200.0,20900.0,179.0,1220.0,2120.0,2260.0,230.0,270.0,50.0,4.92,4.59,0.109,-4.92,-8.52,-5.88,-2.71,9.17,1.07,2.63,0.00108
C[C@H](O[C@@H]1[C@@H]([NH3+])[C@H](O)O[C@H](CO)[C@@H]1O)C([O-])=O,-3590.0,-24000.0,20400.0,-315.0,9.69,-9.69,0.363,3.47,1.31,2.32,-5550.0,2380.0,-428.0,-177.0,19900.0,-40100.0,20400.0,179.0,1170.0,2300.0,2660.0,239.0,278.0,50.0,4.66,5.02,0.0995,-4.66,-7.92,-6.06,-2.72,10.0,0.928,2.16,4.65E-5
CC(=O)OC[C@H]1O[C@@H](OC(C)=O)[C@@H](N)[C@@H](OC(C)=O)[C@@H]1OC(C)=O,-4850.0,-38200.0,33400.0,-407.0,9.32,-9.32,0.728,3.8,1.08,4.07,-7430.0,3180.0,-599.0,-247.0,32700.0,-65900.0,33400.0,246.0,2600.0,4570.0,5540.0,324.0,388.0,68.0,4.29,5.02,0.0995,-4.29,-10.3,-9.6,-3.89,10.0,0.855,1.84,9.49E-4
CC(=O)OC[C@H]1O[C@@H](OC(C)=O)[C@@H](N)[C@@H](OC(C)=O)[C@@H]1OC(C)=O,-4850.0,-37700.0,32900.0,-408.0,9.49,-9.49,0.781,2.76,1.17,2.2,-7430.0,3180.0,-599.0,-248.0,32300.0,-65000.0,32900.0,247.0,2560.0,4580.0,6160.0,333.0,394.0,68.0,4.35,5.13,0.0974,-4.35,-10.5,-9.42,-3.86,10.3,0.848,1.85,3.7E-4
CC(=O)N[C@H]1[C@@H](OC(C)=O)O[C@@H](COC(C)=O)[C@@H](OC(C)=O)[C@@H]1OC(C)=O,-5420.0,-45800.0,40400.0,-466.0,9.68,-9.68,0.629,4.55,0.51,4.69,-8300.0,3560.0,-674.0,-277.0,39700.0,-79800.0,40400.0,274.0,3320.0,5040.0,6980.0,354.0,438.0,76.0,4.53,5.15,0.097,-4.53,-11.8,-10.6,-4.41,10.3,0.878,1.99,1.27E-4
CC(=O)N[C@@H]1[C@@H](OC(C)=O)O[C@H](COC(C)=O)[C@H](OC(C)=O)[C@H]1OC(C)=O,-5420.0,-45700.0,40300.0,-465.0,9.62,-9.62,0.7,4.74,0.589,4.54,-8300.0,3560.0,-673.0,-277.0,39600.0,-79500.0,40300.0,274.0,3480.0,5110.0,6410.0,356.0,445.0,76.0,4.46,5.16,0.0969,-4.46,-11.7,-10.7,-4.39,10.3,0.864,1.93,0.0025
CO[C@@H]1O[C@H](CO)[C@@H](O)[C@@H](O)[C@@H]1NC(C)=O,-3290.0,-21300.0,18000.0,-278.0,9.78,-9.78,1.24,3.09,0.598,2.82,-5050.0,2170.0,-416.0,-172.0,17600.0,-35500.0,18000.0,174.0,1110.0,2060.0,2680.0,238.0,270.0,47.0,4.27,5.51,0.0907,-4.27,-7.08,-6.07,-2.55,11.0,0.775,1.65,1.14E-4
CO[C@@H]1O[C@@H](CO)[C@@H](O)[C@H](O)[C@H]1NC(C)=O,-3290.0,-21500.0,18300.0,-284.0,9.68,-9.68,1.19,3.44,0.898,4.08,-5050.0,2170.0,-415.0,-172.0,17800.0,-35900.0,18300.0,173.0,1350.0,1850.0,2260.0,241.0,267.0,47.0,4.24,5.43,0.092,-4.24,-7.08,-6.05,-2.52,10.9,0.781,1.66,5.33E-4
CC(=O)OC[C@H]1O[C@@H](OC(C)=O)[C@H](N)[C@@H](OC(C)=O)[C@@H]1OC(C)=O,-4850.0,-38200.0,33300.0,-409.0,9.63,-9.63,0.926,2.03,1.21,2.65,-7430.0,3180.0,-599.0,-247.0,32700.0,-65800.0,33300.0,246.0,2440.0,4540.0,5730.0,324.0,388.0,68.0,4.35,5.28,0.0947,-4.35,-10.5,-9.39,-3.87,10.6,0.825,1.79,0.00117
CC(=O)OC[C@H]1O[C@@H](OC(C)=O)[C@H]([NH3+])[C@@H](OC(C)=O)[C@@H]1OC(C)=O,0.0,0.0,0.0,0.0,0.0,0.0,0.0,0.0,0.0,0.0,0.0,0.0,0.0,0.0,0.0,0.0,0.0,0.0,0.0,0.0,0.0,0.0,0.0,0.0,0.0,0.0,0.0,0.0,0.0,0.0,0.0,0.0,0.0,0.0,0.0
CC(=O)OC[C@H]1O[C@@H](OC(C)=O)[C@H](NC(=O)CBr)[C@@H](OC(C)=O)[C@H]1OC(C)=O,-5630.0,-48000.0,42300.0,-452.0,9.64,-9.64,0.094,4.3,0.744,4.95,-8620.0,3670.0,-673.0,-276.0,41700.0,-83800.0,42300.0,275.0,3520.0,9150.0,10400.0,379.0,467.0,79.0,4.78,4.87,0.103,-4.78,-12.3,-10.3,-4.53,9.74,0.981,2.34,2.93E-4
CC(=O)OC[C@H]1O[C@@H](OC(C)=O)[C@H](NC(=O)CBr)[C@@H](OC(C)=O)[C@H]1OC(C)=O,-5630.0,-47800.0,42100.0,-453.0,9.82,-9.82,-0.209,4.87,0.655,5.42,-8620.0,3670.0,-673.0,-276.0,41500.0,-83300.0,42100.0,275.0,4510.0,8100.0,9670.0,383.0,475.0,79.0,5.02,4.81,0.104,-5.02,-12.7,-9.94,-4.51,9.61,1.04,2.62,6.2E-4
CC(=O)OC[C@H]1O[C@@H](OC(C)=O)[C@H](NC(=O)CBr)[C@@H](OC(C)=O)[C@@H]1OC(C)=O,-5630.0,-48000.0,42300.0,-451.0,9.78,-9.78,-0.177,7.43,0.628,7.71,-8620.0,3670.0,-673.0,-276.0,41700.0,-83700.0,42300.0,276.0,4550.0,7770.0,9510.0,383.0,476.0,79.0,4.98,4.8,0.104,-4.98,-12.7,-10.0,-4.55,9.6,1.04,2.58,1.01E-4
CC(=O)OC[C@H]1O[C@@H](OC(C)=O)[C@H](N\C(O)=C\Br)[C@@H](OC(C)=O)[C@@H]1OC(C)=O,-5630.0,-47600.0,42000.0,-437.0,8.61,-8.61,0.747,2.3,0.444,2.26,-8620.0,3670.0,-673.0,-276.0,41300.0,-83000.0,42000.0,275.0,5110.0,8580.0,10000.0,386.0,461.0,79.0,3.93,4.68,0.107,-3.93,-11.5,-11.3,-4.5,9.35,0.84,1.65,7.73E-5
OC[C@H]1O[C@@H](O)[C@H](N\C(O)=C/Br)[C@@H](O)[C@H]1O,-3350.0,-20800.0,17400.0,-253.0,9.01,-9.01,0.343,2.28,1.2,1.47,-5180.0,2200.0,-379.0,-154.0,17000.0,-34300.0,17400.0,157.0,868.0,5010.0,5330.0,250.0,276.0,47.0,4.33,4.68,0.107,-4.33,-6.86,-5.8,-2.52,9.35,0.927,2.01,0.00471
OC[C@H]1O[C@@H](O)[C@H](NC(=O)CBr)[C@@H](O)[C@H]1O,-3350.0,-20700.0,17300.0,-272.0,10.2,-10.2,-0.433,3.98,1.36,3.24,-5170.0,2200.0,-380.0,-155.0,16900.0,-34100.0,17300.0,157.0,891.0,4830.0,5430.0,250.0,276.0,47.0,5.31,4.87,0.103,-5.31,-7.51,-5.22,-2.48,9.75,1.09,2.89,0.00113
CC(=O)OC[C@H]1O[C@@H](OC(C)=O)[C@H](N\C(O)=C/Cl)[C@@H](OC(C)=O)[C@@H]1OC(C)=O,-5670.0,-48100.0,42400.0,-448.0,8.99,-8.99,0.437,2.2,0.351,2.46,-8710.0,3710.0,-672.0,-276.0,41700.0,-83900.0,42400.0,275.0,4210.0,5870.0,8370.0,370.0,461.0,79.0,4.28,4.71,0.106,-4.28,-11.8,-11.0,-4.48,9.43,0.907,1.94,2.75E-4
CC(=O)OC[C@H]1O[C@@H](OC(C)=O)[C@H](N\C(O)=C/Cl)[C@@H](OC(C)=O)[C@@H]1OC(C)=O,-5670.0,-47900.0,42300.0,-449.0,8.83,-8.83,0.585,2.37,0.315,2.17,-8710.0,3710.0,-672.0,-276.0,41600.0,-83600.0,42300.0,275.0,4020.0,6220.0,8620.0,371.0,457.0,79.0,4.12,4.71,0.106,-4.12,-11.7,-11.2,-4.52,9.41,0.876,1.8,2.45E-4
CC(=O)N[C@@H]1[C@@H](OC(C)=O)O[C@H](COC(C)=O)[C@@H](OC(C)=O)[C@@H]1OC(C)=O,-5420.0,-45500.0,40100.0,-465.0,9.65,-9.65,0.844,1.8,0.526,2.23,-8300.0,3560.0,-674.0,-277.0,39400.0,-79300.0,40100.0,274.0,3160.0,5330.0,7030.0,357.0,431.0,76.0,4.4,5.25,0.0953,-4.4,-11.8,-10.5,-4.37,10.5,0.839,1.85,4.43E-4
CC(=O)OC[C@H]1O[C@@H](OC(C)=O)[C@@H](\N=C(/C)O)[C@@H](OC(C)=O)[C@@H]1OC(C)=O,-5420.0,-44700.0,39300.0,-446.0,9.72,-9.73,0.842,2.05,0.434,1.96,-8300.0,3550.0,-669.0,-277.0,38600.0,-77600.0,39300.0,274.0,3130.0,5970.0,7940.0,364.0,440.0,76.0,4.44,5.28,0.0946,-4.44,-11.9,-10.6,-4.41,10.6,0.841,1.87,0.00112
C\C(O)=N\[C@H]1[C@@H](OCC2=CC=CC=C2)O[C@H](CO)[C@H](O)[C@@H]1O,-4080.0,-31300.0,27200.0,-250.0,9.82,-9.82,-0.151,3.23,1.05,2.41,-6150.0,2640.0,-572.0,-241.0,26700.0,-53700.0,27200.0,238.0,1670.0,4410.0,5500.0,301.0,358.0,61.0,4.99,4.84,0.103,-4.99,-10.3,-8.29,-3.85,9.67,1.03,2.57,0.00213
C\C(O)=N\[C@H]1[C@@H](OCC2=CC=CC=C2)O[C@H](CO)[C@H](O)[C@@H]1O,-4080.0,-30800.0,26700.0,-248.0,9.65,-9.65,0.092,2.21,1.15,1.49,-6150.0,2640.0,-572.0,-242.0,26200.0,-52600.0,26700.0,238.0,2780.0,3680.0,5580.0,313.0,363.0,61.0,4.78,4.87,0.103,-4.78,-10.0,-8.5,-3.85,9.75,0.981,2.35,0.00123
CC(=O)N[C@@H]1[C@H](O)[C@@H](O)[C@H](CO)O[C@@H]1OC1=CC=C2C(C)=CC(=O)OC2=C1,-5040.0,-40500.0,35400.0,-321.0,9.57,-9.57,-1.21,10.4,0.981,9.65,-7640.0,3280.0,-678.0,-281.0,34800.0,-69900.0,35400.0,278.0,2580.0,8350.0,9320.0,352.0,414.0,73.0,5.39,4.18,0.12,-5.39,-12.5,-10.6,-4.69,8.36,1.29,3.48,0.00451
CC(=O)N[C@@H]1[C@@H](O)[C@H](O)[C@H](CO)O[C@H]1OC1=CC=C2C(C)=CC(=O)OC2=C1,-5040.0,-40600.0,35500.0,-314.0,9.44,-9.44,-1.14,9.26,0.79,8.49,-7630.0,3270.0,-677.0,-281.0,34800.0,-70100.0,35500.0,278.0,2570.0,8030.0,8690.0,352.0,419.0,73.0,5.29,4.15,0.12,-5.29,-12.4,-10.6,-4.67,8.3,1.28,3.38,0.00679
CC(=O)N[C@@H]1[C@@H](O)[C@H](O)[C@@H](CO)O[C@H]1OC1=CC=CC2=CC=CC=C12,-4450.0,-36200.0,31700.0,-228.0,8.94,-8.94,-0.74,2.84,0.89,2.44,-6660.0,2860.0,-645.0,-272.0,31100.0,-62600.0,31700.0,268.0,2280.0,5180.0,6320.0,321.0,402.0,67.0,4.84,4.1,0.122,-4.84,-11.2,-10.3,-4.49,8.2,1.18,2.86,0.00412
C\C(O)=N/[C@H]1[C@H](OC2=CC=CC3=CC=CC=C23)O[C@H](CO)[C@@H](O)[C@@H]1O,-4450.0,-35000.0,30500.0,-219.0,8.5,-8.5,-0.34,1.55,1.61,2.72,-6660.0,2860.0,-642.0,-271.0,30000.0,-60200.0,30500.0,266.0,2940.0,5600.0,7580.0,351.0,401.0,67.0,4.42,4.08,0.123,-4.42,-10.8,-10.6,-4.48,8.16,1.08,2.39,0.00356
CC(=O)N[C@@H]1[C@@H](O)[C@H](O)[C@@H](CO)O[C@H]1OC1=CC=C(C=C1)[N+]([O-])=O,-4700.0,-34400.0,29700.0,-250.0,9.95,-9.95,-1.11,9.21,1.17,9.79,-7160.0,3050.0,-588.0,-243.0,29100.0,-58500.0,29700.0,245.0,2270.0,6500.0,8010.0,332.0,376.0,66.0,5.53,4.42,0.113,-5.53,-11.6,-8.93,-4.08,8.84,1.25,3.46,0.00365
CC(=O)N[C@@H]1[C@@H](O)[C@H](O)[C@@H](CO)O[C@H]1OC1=CC=C(C=C1)[N+]([O-])=O,-4690.0,-34300.0,29600.0,-247.0,10.2,-10.2,-1.29,6.22,0.56,6.34,-7160.0,3050.0,-589.0,-243.0,29000.0,-58300.0,29600.0,246.0,2510.0,6140.0,8250.0,329.0,377.0,66.0,5.73,4.43,0.113,-5.73,-11.7,-8.95,-4.08,8.87,1.29,3.7,0.00532
CC(=O)N[C@H]1[C@H](OC(C)=O)O[C@H](COC(C)=O)[C@@H](OC(C)=O)[C@@H]1OC(C)=O,-5420.0,-45000.0,39600.0,-462.0,9.53,-9.53,0.818,4.34,0.392,4.3,-8300.0,3560.0,-673.0,-277.0,38900.0,-78200.0,39600.0,274.0,3160.0,5710.0,7740.0,361.0,437.0,76.0,4.35,5.17,0.0967,-4.35,-11.6,-10.8,-4.35,10.3,0.842,1.83,4.65E-4
CC(=O)OC[C@H]1O[C@@H](OC(C)=O)[C@H](\N=C(\C)O)[C@@H](OC(C)=O)[C@@H]1OC(C)=O,-5420.0,-45000.0,39500.0,-456.0,9.98,-9.98,0.828,0.944,1.24,1.0,-8300.0,3560.0,-669.0,-276.0,38900.0,-78100.0,39500.0,273.0,3600.0,5310.0,7580.0,367.0,431.0,76.0,4.58,5.41,0.0925,-4.58,-12.0,-10.3,-4.41,10.8,0.847,1.94,3.89E-4
CO[C@H]1O[C@H](CO)[C@@H](O)[C@H](O)[C@H]1\N=C(\C)O,-3290.0,-21000.0,17700.0,-268.0,9.87,-9.87,1.32,1.61,1.57,1.02,-5050.0,2170.0,-412.0,-171.0,17300.0,-34800.0,17700.0,172.0,957.0,2410.0,3040.0,244.0,267.0,47.0,4.27,5.6,0.0893,-4.27,-7.14,-5.98,-2.59,11.2,0.764,1.63,0.00239
CO[C@H]1O[C@H](CO)[C@@H](O)[C@H](O)[C@H]1NC(C)=O,-3290.0,-21400.0,18100.0,-275.0,9.94,-9.94,1.04,1.65,1.31,2.96,-5050.0,2170.0,-415.0,-172.0,17600.0,-35500.0,18100.0,173.0,1130.0,2060.0,2530.0,240.0,271.0,47.0,4.45,5.49,0.0911,-4.45,-7.22,-5.93,-2.56,11.0,0.811,1.8,5.15E-4
CC(=O)N[C@@H]1[C@@H](O)[C@@H](O)[C@@H](CO)O[C@@H]1OC1=CC=C(C=C1)[N+]([O-])=O,-4700.0,-34700.0,30100.0,-257.0,10.1,-10.1,-1.21,6.34,0.418,6.28,-7160.0,3050.0,-589.0,-243.0,29400.0,-59200.0,30100.0,245.0,2490.0,5880.0,7420.0,324.0,372.0,66.0,5.64,4.43,0.113,-5.64,-11.7,-8.87,-4.08,8.86,1.27,3.59,0.0034
CC(=O)N[C@@H]1[C@@H](O)[C@@H](O)[C@@H](CO)O[C@@H]1OC1=CC=C(C=C1)[N+]([O-])=O,-4700.0,-34600.0,29900.0,-251.0,10.2,-10.2,-1.39,5.25,1.15,4.58,-7160.0,3050.0,-589.0,-243.0,29200.0,-58800.0,29900.0,246.0,2200.0,6560.0,8040.0,321.0,375.0,66.0,5.8,4.41,0.113,-5.8,-11.8,-8.88,-4.06,8.82,1.31,3.81,0.00439
C\C(O)=N/[C@H]1[C@@H](O)O[C@H](CO)[C@H](O)[C@@H]1O,-3140.0,-19000.0,15900.0,-276.0,10.0,-10.0,1.22,1.88,0.677,1.68,-4860.0,2090.0,-377.0,-155.0,15500.0,-31200.0,15900.0,156.0,670.0,2340.0,2780.0,227.0,243.0,44.0,4.41,5.63,0.0888,-4.41,-6.77,-5.52,-2.39,11.3,0.784,1.73,0.00253
C\C(O)=N\[C@H]1[C@@H](O)O[C@H](CO)[C@H](O)[C@@H]1O,-3140.0,-19000.0,15900.0,-273.0,10.2,-10.2,0.766,2.56,0.851,2.52,-4860.0,2090.0,-377.0,-155.0,15500.0,-31200.0,15900.0,156.0,739.0,2240.0,2750.0,226.0,246.0,44.0,4.74,5.51,0.0908,-4.74,-6.95,-5.39,-2.36,11.0,0.861,2.04,0.00278
CC(=O)N[C@@H]1[C@@H](O)[C@H](O)[C@@H](CO)O[C@@H]1OC1=CC=C(C=C1)[N+]([O-])=O,-4700.0,-34600.0,29900.0,-255.0,9.98,-9.98,-1.19,5.21,1.18,5.14,-7160.0,3050.0,-589.0,-243.0,29300.0,-59000.0,29900.0,245.0,2690.0,5750.0,7390.0,326.0,369.0,66.0,5.58,4.4,0.114,-5.58,-11.7,-8.87,-4.1,8.8,1.27,3.54,0.0028
C\C(O)=N\[C@@H]1[C@@H](O)[C@H](O)[C@@H](CO)O[C@@H]1OC1=CC=C(C=C1)[N+]([O-])=O,-4690.0,-34500.0,29800.0,-249.0,9.98,-9.98,-1.18,4.57,1.78,4.55,-7170.0,3050.0,-585.0,-242.0,29200.0,-58800.0,29800.0,243.0,2460.0,6160.0,7730.0,321.0,365.0,66.0,5.58,4.4,0.114,-5.58,-11.7,-8.88,-4.09,8.8,1.27,3.54,0.00395
CC(=O)N[C@H]1[C@@H](O)O[C@H](CO)[C@@H](O)[C@@H]1O,-3140.0,-18900.0,15800.0,-285.0,10.1,-10.1,0.763,4.66,0.633,5.15,-4860.0,2090.0,-380.0,-156.0,15400.0,-31000.0,15800.0,156.0,717.0,2350.0,2830.0,228.0,243.0,44.0,4.67,5.43,0.0921,-4.67,-6.95,-5.39,-2.36,10.9,0.859,2.0,0.00199
CC(O)=N[C@H]1[C@@H](O)O[C@H](CO)[C@@H](O)[C@@H]1O,-3140.0,-19000.0,15900.0,-263.0,10.1,-10.1,0.853,1.5,1.02,2.43,-4850.0,2080.0,-377.0,-156.0,15500.0,-31200.0,15900.0,156.0,754.0,2250.0,2630.0,226.0,249.0,44.0,4.61,5.46,0.0916,-4.61,-6.93,-5.42,-2.39,10.9,0.844,1.94,0.00207
CC(=O)N[C@H]1[C@H](O)O[C@H](CO)[C@H](O)[C@@H]1O,-3140.0,-19000.0,15800.0,-276.0,9.73,-9.73,0.832,4.2,1.03,4.36,-4850.0,2090.0,-380.0,-156.0,15400.0,-31000.0,15800.0,157.0,792.0,2310.0,2740.0,228.0,250.0,44.0,4.45,5.28,0.0947,-4.45,-6.66,-5.71,-2.38,10.6,0.842,1.87,0.00214
CC(=O)N[C@H]1[C@H](O)O[C@H](CO)[C@H](O)[C@@H]1O,-3140.0,-19000.0,15800.0,-276.0,9.74,-9.74,0.84,4.08,1.23,4.11,-4850.0,2080.0,-380.0,-156.0,15400.0,-31000.0,15800.0,157.0,744.0,2340.0,2780.0,228.0,250.0,44.0,4.45,5.29,0.0946,-4.45,-6.66,-5.71,-2.33,10.6,0.841,1.87,0.00203
CN(N=O)C(=O)N[C@H]1[C@@H](O)O[C@H](CO)[C@@H](O)[C@@H]1O,-3810.0,-24200.0,20300.0,-267.0,10.3,-10.3,-0.68,2.49,1.36,3.04,-5870.0,2490.0,-439.0,-177.0,19800.0,-40000.0,20300.0,184.0,908.0,4220.0,4710.0,262.0,282.0,52.0,5.5,4.82,0.104,-5.5,-8.93,-6.16,-2.84,9.63,1.14,3.14,0.00357
CN(N=O)C(=O)N[C@H]1[C@@H](O)O[C@H](CO)[C@@H](O)[C@@H]1O,-3810.0,-24200.0,20300.0,-267.0,10.3,-10.3,-0.68,2.5,1.36,3.04,-5870.0,2490.0,-439.0,-177.0,19800.0,-40000.0,20300.0,184.0,908.0,4220.0,4710.0,261.0,284.0,52.0,5.5,4.82,0.104,-5.5,-8.93,-6.16,-2.79,9.63,1.14,3.14,0.00355
[NH3+][C@H]1[C@H](O)O[C@H](CO)[C@H](O)[C@@H]1O,-2590.0,-14400.0,11800.0,-215.0,9.92,-10.3,-5.37,2.49,2.08,3.98,-4010.0,1730.0,-312.0,-127.0,11400.0,-23000.0,11800.0,131.0,841.0,1100.0,1330.0,197.0,209.0,36.0,7.84,2.47,0.202,-7.84,-8.88,-3.61,-1.93,4.95,3.17,12.4,0.26
[NH3+][C@H]1[C@H](O)O[C@H](CO)[C@H](O)[C@@H]1O,0.0,0.0,0.0,0.0,0.0,0.0,0.0,0.0,0.0,0.0,0.0,0.0,0.0,0.0,0.0,0.0,0.0,0.0,0.0,0.0,0.0,0.0,0.0,0.0,0.0,0.0,0.0,0.0,0.0,0.0,0.0,0.0,0.0,0.0,0.0
CC(=O)N[C@H]1[C@H](O)O[C@H](CO)[C@@H](O)[C@@H]1O,-3140.0,-18800.0,15600.0,-276.0,9.99,-9.99,0.854,3.01,0.87,2.66,-4850.0,2090.0,-380.0,-156.0,15200.0,-30700.0,15600.0,157.0,810.0,2350.0,2900.0,228.0,247.0,44.0,4.57,5.42,0.0922,-4.57,-6.74,-5.61,-2.41,10.8,0.842,1.92,0.0031
C\C(O)=N/[C@H]1[C@H](O)O[C@H](CO)[C@@H](O)[C@@H]1O,-3140.0,-18800.0,15600.0,-270.0,10.2,-10.2,0.996,1.95,1.71,3.23,-4850.0,2090.0,-377.0,-155.0,15200.0,-30700.0,15600.0,155.0,821.0,2310.0,2880.0,230.0,243.0,44.0,4.59,5.59,0.0895,-4.59,-6.87,-5.45,-2.37,11.2,0.822,1.89,0.0028
[NH3+][C@H]1[C@@H](O)O[C@H](CO)[C@H](O)[C@H]1O,-2590.0,-14400.0,11800.0,-216.0,9.7,-10.2,-5.15,3.12,1.53,4.45,-4010.0,1730.0,-311.0,-127.0,11400.0,-23100.0,11800.0,129.0,695.0,1080.0,1430.0,193.0,205.0,36.0,7.7,2.54,0.196,-7.7,-8.92,-3.56,-1.84,5.09,3.03,11.6,0.162
[NH3+][C@H]1[C@@H](O)O[C@H](CO)[C@H](O)[C@H]1O,-2590.0,-14400.0,11800.0,-215.0,9.45,-10.3,-4.89,2.19,1.3,3.02,-4010.0,1730.0,-311.0,-127.0,11500.0,-23200.0,11800.0,129.0,745.0,1020.0,1370.0,191.0,208.0,36.0,7.58,2.68,0.186,-7.58,-8.73,-3.54,-1.91,5.37,2.82,10.7,0.0905
CN(N=O)C(=O)N[C@@H]1[C@@H](O)O[C@@H](CO)[C@H](O)[C@H]1O,-3810.0,-25100.0,21300.0,-272.0,10.4,-10.4,-0.7,3.66,0.974,3.64,-5870.0,2490.0,-439.0,-177.0,20800.0,-41900.0,21300.0,184.0,1040.0,3160.0,3570.0,248.0,280.0,52.0,5.53,4.83,0.104,-5.53,-8.99,-6.12,-2.82,9.66,1.14,3.17,0.00303
CN(N=O)C(=O)N[C@@H]1[C@@H](O)O[C@@H](CO)[C@H](O)[C@H]1O,-3810.0,-25000.0,21200.0,-270.0,10.3,-10.3,-0.618,1.87,1.48,2.29,-5870.0,2490.0,-439.0,-177.0,20600.0,-41600.0,21200.0,184.0,1050.0,3410.0,3710.0,249.0,278.0,52.0,5.43,4.82,0.104,-5.43,-8.82,-6.22,-2.87,9.63,1.13,3.07,0.00299
C\C(O)=N/[C@H]1[C@H](O)O[C@H](CO)[C@H](O)[C@H]1O,-3140.0,-19200.0,16100.0,-275.0,10.2,-10.2,0.585,2.37,0.324,2.7,-4860.0,2090.0,-377.0,-155.0,15700.0,-31600.0,16100.0,155.0,927.0,1910.0,2380.0,223.0,245.0,44.0,4.8,5.39,0.0928,-4.8,-7.08,-5.27,-2.38,10.8,0.891,2.14,0.0016
C\C(O)=N\[C@H]1[C@H](O)O[C@H](CO)[C@H](O)[C@H]1O,-3140.0,-19400.0,16300.0,-277.0,10.1,-10.1,0.633,3.56,1.07,2.93,-4860.0,2090.0,-377.0,-155.0,15800.0,-31900.0,16300.0,155.0,823.0,1960.0,2270.0,221.0,244.0,44.0,4.75,5.38,0.0929,-4.75,-7.02,-5.31,-2.37,10.8,0.882,2.09,0.00157
[NH3+][C@H]1[C@H](O)O[C@@H](CO)[C@H](O)[C@H]1O,-2590.0,-14600.0,12000.0,-203.0,7.52,-9.74,-3.28,1.81,0.908,2.24,-4000.0,1730.0,-313.0,-127.0,11700.0,-23500.0,12000.0,132.0,807.0,1030.0,1090.0,190.0,204.0,36.0,6.51,3.23,0.155,-6.51,-7.55,-3.63,-1.92,6.46,2.02,6.57,0.00551
N[C@H]1[C@@H](O)O[C@H](CO)[C@H](O)[C@H]1O,-2580.0,-14300.0,11700.0,-231.0,9.96,-9.96,1.43,3.02,0.699,3.29,-3990.0,1720.0,-307.0,-126.0,11400.0,-23000.0,11700.0,128.0,567.0,1140.0,1350.0,185.0,198.0,36.0,4.26,5.7,0.0878,-4.26,-5.42,-4.35,-1.89,11.4,0.748,1.6,2.66E-4
CC(=O)N[C@@H]1[C@H](O)[C@H](O)[C@@H](CO)O[C@H]1OC1=CC=C(C)C=C1,-4080.0,-30500.0,26500.0,-252.0,9.12,-9.12,-0.047,3.83,1.12,3.1,-6140.0,2640.0,-578.0,-243.0,25900.0,-52100.0,26500.0,240.0,2520.0,4040.0,6110.0,317.0,361.0,61.0,4.58,4.53,0.11,-4.58,-9.61,-8.99,-3.84,9.07,1.01,2.31,0.00281
C\C(O)=N\[C@H]1[C@H](OC2=CC=C(C)C=C2)O[C@H](CO)[C@@H](O)[C@H]1O,-4080.0,-30800.0,26700.0,-249.0,9.17,-9.17,0.027,2.14,1.17,2.91,-6150.0,2640.0,-573.0,-241.0,26200.0,-52700.0,26700.0,237.0,2410.0,3850.0,5840.0,312.0,360.0,61.0,4.57,4.6,0.109,-4.57,-9.79,-8.79,-3.82,9.2,0.994,2.27,0.00244
C\C(O)=N\[C@H]1[C@@H](OCC2=CC=CC=C2)O[C@H](CO)[C@@H](O)[C@H]1O,-4080.0,-31900.0,27900.0,-247.0,9.75,-9.75,-0.132,3.1,1.11,3.03,-6150.0,2640.0,-573.0,-241.0,27300.0,-54900.0,27900.0,239.0,2060.0,3660.0,4440.0,295.0,360.0,61.0,4.94,4.81,0.104,-4.94,-10.3,-8.32,-3.87,9.62,1.03,2.54,0.00113
CC(=O)N[C@@H]1[C@H](O)[C@H](O)[C@@H](CO)O[C@@H]1OCC1=CC=CC=C1,-4080.0,-31700.0,27600.0,-260.0,9.74,-9.74,-0.107,2.37,1.27,3.41,-6150.0,2640.0,-576.0,-242.0,27100.0,-54500.0,27600.0,239.0,2070.0,3880.0,4540.0,298.0,363.0,61.0,4.92,4.82,0.104,-4.92,-10.2,-8.38,-3.79,9.63,1.02,2.52,8.66E-4
CC(=O)N[C@H]1[C@H](O)O[C@@H]2CO[C@@H](O[C@H]2[C@H]1O)C1=CC=CC=C1,-4060.0,-30100.0,26100.0,-237.0,9.5,-9.5,-0.345,6.95,0.575,6.98,-6110.0,2620.0,-564.0,-237.0,25500.0,-51300.0,26100.0,234.0,1530.0,5510.0,5820.0,303.0,346.0,60.0,4.92,4.58,0.109,-4.92,-9.97,-8.69,-3.84,9.15,1.08,2.65,0.00137
C\C(O)=N\[C@H]1[C@H](O)O[C@@H]2CO[C@@H](O[C@H]2[C@H]1O)C1=CC=CC=C1,-4060.0,-30100.0,26000.0,-230.0,9.88,-9.88,-0.08,2.06,1.47,2.79,-6110.0,2620.0,-560.0,-236.0,25500.0,-51300.0,26000.0,233.0,1470.0,5650.0,5850.0,305.0,344.0,60.0,4.98,4.9,0.102,-4.98,-10.2,-8.46,-3.85,9.8,1.02,2.53,0.00121
CC(=O)N[C@H]1[C@H](O)O[C@@H]2CO[C@H](O[C@H]2[C@H]1O)C1=CC=CC=C1,-4060.0,-29600.0,25500.0,-233.0,9.52,-9.52,-0.148,6.77,0.697,6.67,-6110.0,2620.0,-564.0,-237.0,25000.0,-50300.0,25500.0,234.0,1160.0,6470.0,7270.0,309.0,347.0,60.0,4.84,4.69,0.107,-4.84,-9.93,-8.71,-3.86,9.38,1.03,2.49,0.00598
C\C(O)=N/[C@H]1[C@H](O)O[C@@H]2CO[C@H](O[C@H]2[C@H]1O)C1=CC=CC=C1,-4060.0,-29600.0,25500.0,-227.0,9.7,-9.7,0.049,1.75,1.49,2.21,-6110.0,2610.0,-560.0,-236.0,25000.0,-50300.0,25500.0,233.0,1100.0,6590.0,7300.0,310.0,346.0,60.0,4.82,4.87,0.103,-4.82,-10.1,-8.56,-3.86,9.75,0.99,2.39,0.00658
CC(=O)N[C@H]1[C@@H](O)O[C@@H]2CO[C@@H](O[C@H]2[C@H]1O)C1=CC=CC=C1,-4060.0,-30300.0,26200.0,-244.0,9.76,-9.76,-0.168,0.882,1.33,1.46,-6110.0,2620.0,-565.0,-237.0,25700.0,-51700.0,26200.0,234.0,1640.0,4940.0,5790.0,304.0,346.0,60.0,4.96,4.8,0.104,-4.96,-10.1,-8.51,-3.86,9.59,1.04,2.57,0.00156
C\C(O)=N/[C@H]1[C@@H](O)O[C@@H]2CO[C@@H](O[C@H]2[C@H]1O)C1=CC=CC=C1,-4060.0,-30400.0,26300.0,-235.0,9.92,-9.91,-0.123,3.77,1.7,2.84,-6110.0,2620.0,-561.0,-236.0,25800.0,-51900.0,26300.0,234.0,1390.0,5310.0,5810.0,300.0,342.0,60.0,5.02,4.9,0.102,-5.02,-10.2,-8.43,-3.9,9.79,1.03,2.57,0.00144
C\C(O)=N\[C@H]1[C@H](OC2=CC=CC=C2)O[C@H](CO)[C@@H](O)[C@H]1O,-3930.0,-28600.0,24700.0,-240.0,9.41,-9.41,-0.027,3.06,1.02,3.59,-5940.0,2550.0,-538.0,-226.0,24200.0,-48700.0,24700.0,223.0,2450.0,3100.0,5160.0,301.0,342.0,58.0,4.72,4.69,0.107,-4.72,-9.46,-8.31,-3.64,9.38,1.01,2.37,0.0031
C\C(O)=N\[C@H]1[C@H](OC2=CC=CC=C2)O[C@H](CO)[C@@H](O)[C@H]1O,-3930.0,-28600.0,24700.0,-240.0,9.42,-9.42,-0.037,3.2,1.02,3.69,-5940.0,2550.0,-538.0,-226.0,24200.0,-48700.0,24700.0,223.0,2420.0,3130.0,5170.0,301.0,343.0,58.0,4.73,4.69,0.107,-4.73,-9.48,-8.31,-3.65,9.39,1.01,2.38,0.00344
CC(=O)N[C@@H]1[C@H](O)[C@H](O)[C@@H](CO)O[C@H]1OC1=CC=C(C=C1)[N+]([O-])=O,-4690.0,-34900.0,30200.0,-249.0,10.1,-10.1,-1.44,3.54,1.14,3.88,-7160.0,3050.0,-589.0,-243.0,29500.0,-59500.0,30200.0,246.0,2710.0,5460.0,7140.0,317.0,374.0,66.0,5.76,4.33,0.115,-5.76,-11.6,-9.02,-4.03,8.66,1.33,3.84,0.00343
C\C(O)=N\[C@@H]1[C@H](O)[C@H](O)[C@@H](CO)O[C@H]1OC1=CC=C(C=C1)[N+]([O-])=O,-4690.0,-34600.0,29900.0,-241.0,9.83,-9.83,-1.02,9.48,1.34,9.08,-7160.0,3050.0,-585.0,-242.0,29300.0,-58900.0,29900.0,244.0,2390.0,6160.0,7890.0,329.0,372.0,66.0,5.43,4.4,0.114,-5.43,-11.5,-9.04,-4.09,8.81,1.23,3.34,0.00304
C\C(O)=N\[C@@H]1[C@H](O)[C@H](O)[C@@H](CO)O[C@H]1OC1=CC=CC=C1[N+]([O-])=O,-4690.0,-35600.0,30900.0,-230.0,10.0,-10.0,-1.26,3.37,1.46,3.65,-7150.0,3040.0,-585.0,-242.0,30300.0,-61000.0,30900.0,245.0,2830.0,4110.0,6340.0,320.0,374.0,66.0,5.65,4.39,0.114,-5.65,-11.9,-8.79,-4.1,8.79,1.29,3.64,0.00508
C\C(O)=N\[C@@H]1[C@H](O)[C@H](O)[C@@H](CO)O[C@H]1OC1=CC=CC=C1[N+]([O-])=O,0.0,0.0,0.0,0.0,0.0,0.0,0.0,0.0,0.0,0.0,0.0,0.0,0.0,0.0,0.0,0.0,0.0,0.0,0.0,0.0,0.0,0.0,0.0,0.0,0.0,0.0,0.0,0.0,0.0,0.0,0.0,0.0,0.0,0.0,0.0
C\C(O)=N/[C@@H]1[C@H](O)[C@H](O)[C@@H](CO)O[C@@H]1OC1=CC=CC=C1[N+]([O-])=O,-4690.0,-36000.0,31300.0,-238.0,9.82,-9.82,-1.01,6.63,1.48,5.32,-7150.0,3040.0,-585.0,-243.0,30800.0,-61900.0,31300.0,245.0,2650.0,4000.0,5930.0,313.0,376.0,66.0,5.42,4.4,0.114,-5.42,-11.8,-8.87,-4.13,8.81,1.23,3.33,0.0022
C\C(O)=N\[C@@H]1[C@H](O)[C@H](O)[C@@H](CO)O[C@@H]1OC1=CC=CC=C1[N+]([O-])=O,-4690.0,-36000.0,31300.0,-242.0,9.98,-9.98,-1.55,7.06,1.24,6.9,-7160.0,3050.0,-586.0,-242.0,30700.0,-61700.0,31300.0,245.0,2460.0,4580.0,5930.0,314.0,368.0,66.0,5.77,4.22,0.119,-5.77,-12.2,-8.64,-4.13,8.43,1.37,3.94,0.00413
C\C(O)=N\[C@@H]1[C@H](O)[C@H](O)[C@@H](CO)O[C@@H]1OC1=CC=C(C=C1)[N+]([O-])=O,-4690.0,-34900.0,30300.0,-243.0,10.2,-10.2,-1.29,3.37,1.29,2.43,-7160.0,3050.0,-585.0,-242.0,29600.0,-59600.0,30300.0,244.0,2230.0,5980.0,7510.0,320.0,373.0,66.0,5.73,4.44,0.113,-5.73,-11.9,-8.8,-4.05,8.87,1.29,3.7,0.0058
C\C(O)=N\[C@@H]1[C@H](O)[C@H](O)[C@@H](CO)O[C@@H]1OC1=CC=C(C=C1)[N+]([O-])=O,-4690.0,-35200.0,30500.0,-244.0,10.3,-10.3,-1.37,5.36,1.84,4.5,-7160.0,3050.0,-585.0,-242.0,29900.0,-60200.0,30500.0,244.0,2080.0,5830.0,7180.0,315.0,372.0,66.0,5.84,4.47,0.112,-5.84,-12.0,-8.75,-4.07,8.93,1.31,3.81,0.00548
C\C(O)=N\[C@H]1[C@@H](OC2=CC=CC=C2)O[C@H](CO)[C@@H](O)[C@H]1O,-3930.0,-29100.0,25200.0,-238.0,9.47,-9.47,-0.036,3.21,1.01,3.74,-5940.0,2550.0,-538.0,-226.0,24700.0,-49600.0,25200.0,224.0,2070.0,3190.0,4640.0,292.0,341.0,58.0,4.75,4.72,0.106,-4.75,-9.54,-8.26,-3.63,9.44,1.01,2.4,0.00295
C\C(O)=N/[C@H]1[C@@H](OC2=CC=CC=C2)O[C@H](CO)[C@@H](O)[C@H]1O,-3930.0,-29200.0,25300.0,-237.0,9.4,-9.4,-0.003,2.62,1.45,2.84,-5940.0,2550.0,-538.0,-226.0,24800.0,-49800.0,25300.0,224.0,2040.0,3120.0,4530.0,290.0,342.0,58.0,4.7,4.7,0.106,-4.7,-9.49,-8.31,-3.68,9.4,1.0,2.35,0.00232
CO[C@@H]1O[C@H](CO)[C@@H](O)[C@@H](O[S](C)(=O)=O)[C@H]1\N=C(/O)C1=CC=CC=C1,-5170.0,-38500.0,33300.0,-299.0,9.8,-9.8,-0.705,3.76,1.82,5.49,-7730.0,3250.0,-636.0,-274.0,32700.0,-65800.0,33300.0,217.0,3400.0,5770.0,7130.0,345.0,406.0,70.0,5.25,4.55,0.11,-5.25,-11.3,-9.06,-4.08,9.09,1.16,3.03,0.00459
CO[C@@H]1O[C@H](CO)[C@@H](O)[C@@H](O[S](C)(=O)=O)[C@H]1\N=C(\O)C1=CC=CC=C1,-5170.0,-38900.0,33700.0,-299.0,9.8,-9.8,-0.578,2.13,1.27,2.8,-7730.0,3250.0,-636.0,-274.0,33100.0,-66600.0,33700.0,217.0,3270.0,5110.0,6670.0,346.0,415.0,70.0,5.19,4.61,0.108,-5.19,-11.1,-9.15,-4.1,9.22,1.13,2.92,0.00109
CO[C@@H]1O[C@H](CO)[C@@H](O)[C@@H](O)[C@H]1NC(=O)C1=CC=CC=C1,-3930.0,-28700.0,24700.0,-240.0,9.62,-9.62,-0.388,1.95,1.06,2.89,-5940.0,2540.0,-541.0,-227.0,24200.0,-48700.0,24700.0,227.0,1430.0,4840.0,5170.0,297.0,343.0,58.0,5.01,4.62,0.108,-5.01,-9.85,-8.0,-3.65,9.24,1.08,2.71,0.00219
CO[C@@H]1O[C@H](CO)[C@@H](O)[C@@H](O)[C@H]1\N=C(/O)C1=CC=CC=C1,-3930.0,-28600.0,24600.0,-237.0,9.72,-9.72,-0.553,1.79,0.668,1.8,-5940.0,2550.0,-537.0,-226.0,24100.0,-48500.0,24600.0,224.0,1290.0,5230.0,5380.0,295.0,340.0,58.0,5.14,4.59,0.109,-5.14,-9.95,-7.88,-3.67,9.17,1.12,2.88,0.00498
CO[C@H]1O[C@@H]2CO[C@H](O[C@H]2[C@@H](O)[C@H]1N=[N+]=[N-])C1=CC=CC=C1,-3980.0,-29500.0,25500.0,-108.0,9.68,-9.68,0.097,4.19,0.928,4.38,-5920.0,2490.0,-557.0,-233.0,25000.0,-50300.0,25500.0,239.0,1330.0,5400.0,6040.0,302.0,344.0,59.0,4.79,4.89,0.102,-4.79,-9.72,-9.09,-3.93,9.78,0.98,2.35,0.00226
CO[C@H]1O[C@@H]2CO[C@H](O[C@H]2[C@@H](O)[C@H]1N=[N+]=[N-])C1=CC=CC=C1,-3980.0,-29500.0,25500.0,-107.0,9.7,-9.7,0.011,4.03,0.868,4.31,-5920.0,2490.0,-557.0,-233.0,25000.0,-50300.0,25500.0,239.0,1310.0,5450.0,6000.0,301.0,346.0,59.0,4.85,4.86,0.103,-4.85,-9.77,-9.04,-3.94,9.71,0.998,2.42,0.00229
CO[C@H]1O[C@@H]2CO[C@@H](O[C@H]2[C@@H](O)[C@H]1N=[N+]=[N-])C1=CC=CC=C1,-3980.0,-29900.0,25900.0,-111.0,9.68,-9.68,-0.156,4.54,0.824,4.74,-5930.0,2500.0,-557.0,-233.0,25400.0,-51000.0,25900.0,239.0,1320.0,4970.0,5470.0,296.0,344.0,59.0,4.92,4.76,0.105,-4.92,-9.79,-9.02,-3.97,9.53,1.03,2.54,0.00211
CO[C@H]1O[C@@H]2CO[C@@H](O[C@H]2[C@@H](O)[C@H]1N=[N+]=[N-])C1=CC=CC=C1,-3980.0,-29800.0,25900.0,-110.0,9.49,-9.49,-0.21,4.68,0.97,4.92,-5930.0,2500.0,-557.0,-233.0,25400.0,-51000.0,25900.0,238.0,1280.0,5030.0,5470.0,297.0,344.0,59.0,4.85,4.64,0.108,-4.85,-9.79,-9.01,-3.96,9.28,1.05,2.54,0.00191
COC1=CC=C(\C=N\[C@H]2[C@H](O)O[C@H](CO)[C@@H](O)[C@H]2O)C=C1,-3930.0,-27600.0,23700.0,-227.0,9.13,-9.13,-0.547,2.71,0.9,3.38,-5940.0,2540.0,-537.0,-226.0,23200.0,-46600.0,23700.0,226.0,1090.0,6720.0,6890.0,301.0,343.0,58.0,4.84,4.29,0.117,-4.84,-9.55,-8.29,-3.68,8.58,1.13,2.73,0.00876
COC1=CC=C(\C=N\[C@H]2[C@H](O)O[C@H](CO)[C@@H](O)[C@H]2O)C=C1,-3930.0,-28000.0,24100.0,-233.0,9.15,-9.15,-0.191,1.44,0.846,1.3,-5940.0,2550.0,-537.0,-226.0,23600.0,-47500.0,24100.0,225.0,1260.0,5830.0,6040.0,295.0,335.0,58.0,4.67,4.48,0.112,-4.67,-9.5,-8.33,-3.67,8.96,1.04,2.43,0.00374
CO[C@@H]1O[C@H](CO)[C@@H](O)[C@@H](O)[C@H]1\N=C(/C)O,-3290.0,-21300.0,18000.0,-270.0,9.98,-9.98,0.771,3.54,0.976,3.14,-5050.0,2160.0,-412.0,-172.0,17600.0,-35400.0,18000.0,172.0,1020.0,2220.0,2640.0,239.0,269.0,47.0,4.6,5.38,0.093,-4.6,-7.43,-5.73,-2.61,10.8,0.857,1.97,0.00137
CO[C@@H]1O[C@H](CO)[C@@H](O)[C@@H](O)[C@H]1\N=C(/C)O,-3290.0,-21300.0,18000.0,-270.0,10.1,-10.1,0.665,3.04,1.07,3.26,-5050.0,2160.0,-412.0,-172.0,17600.0,-35400.0,18000.0,172.0,938.0,2320.0,2680.0,238.0,269.0,47.0,4.72,5.39,0.0928,-4.72,-7.47,-5.71,-2.62,10.8,0.877,2.07,0.00189
CC(=O)N[C@H]1[C@@H](O)O[C@@H]2CO[C@H](O[C@H]2[C@H]1O)C1=CC=CC=C1,-4060.0,-29800.0,25700.0,-232.0,9.76,-9.76,-0.015,5.43,1.01,4.55,-6100.0,2610.0,-565.0,-237.0,25200.0,-50700.0,25700.0,235.0,1150.0,6490.0,6930.0,308.0,349.0,60.0,4.89,4.87,0.103,-4.89,-10.0,-8.63,-3.87,9.75,1.0,2.45,0.00475
C\C(O)=N\[C@H]1[C@@H](O)O[C@@H]2CO[C@H](O[C@H]2[C@H]1O)C1=CC=CC=C1,-4060.0,-30000.0,26000.0,-231.0,9.71,-9.71,0.037,3.16,1.74,2.33,-6110.0,2620.0,-561.0,-236.0,25500.0,-51200.0,26000.0,234.0,1310.0,5790.0,6590.0,306.0,343.0,60.0,4.84,4.88,0.103,-4.84,-10.1,-8.55,-3.86,9.75,0.992,2.4,0.00381
CO[C@H]1O[C@H](CO)[C@@H](O)[C@@H](O)[C@H]1N,-2720.0,-16200.0,13400.0,-218.0,9.35,-9.35,1.46,2.04,1.46,3.13,-4170.0,1790.0,-342.0,-142.0,13100.0,-26400.0,13400.0,146.0,936.0,1040.0,1600.0,201.0,220.0,39.0,3.95,5.41,0.0924,-3.95,-5.68,-5.0,-2.11,10.8,0.729,1.44,2.56E-4
CO[C@H]1O[C@H](CO)[C@@H](O)[C@@H](O)[C@H]1[NH3+],-2740.0,-16000.0,13300.0,-213.0,9.61,-10.2,-5.12,1.92,1.81,3.27,-4200.0,1810.0,-347.0,-143.0,12900.0,-26000.0,13300.0,147.0,878.0,1450.0,1820.0,215.0,231.0,39.0,7.64,2.52,0.198,-7.64,-9.44,-3.93,-2.13,5.04,3.03,11.6,0.371
COC1=CC=C(\C=N\[C@H]2[C@@H](O)O[C@H](CO)[C@@H](O)[C@H]2O)C=C1,-3930.0,-28300.0,24400.0,-229.0,9.08,-9.08,0.001,2.2,1.08,1.9,-5940.0,2540.0,-538.0,-226.0,23900.0,-48000.0,24400.0,226.0,1400.0,4940.0,5730.0,294.0,340.0,58.0,4.54,4.54,0.11,-4.54,-9.38,-8.43,-3.67,9.08,1.0,2.27,0.00127
COC1=CC=C(\C=N\[C@H]2[C@@H](O)O[C@H](CO)[C@@H](O)[C@H]2O)C=C1,-3930.0,-28300.0,24400.0,-229.0,9.08,-9.08,0.001,2.2,1.08,1.9,-5940.0,2540.0,-538.0,-226.0,23900.0,-48000.0,24400.0,226.0,1400.0,4940.0,5730.0,294.0,340.0,58.0,4.54,4.54,0.11,-4.54,-9.38,-8.43,-3.71,9.08,1.0,2.27,0.00127
CC(=O)N[C@@H]1[C@H](O)[C@H](O)[C@@H](CO)O[C@H]1OCC1=CC=CC=C1,-4080.0,-31400.0,27300.0,-254.0,9.69,-9.69,0.031,1.06,0.944,0.494,-6150.0,2640.0,-576.0,-242.0,26800.0,-53900.0,27300.0,239.0,1620.0,4760.0,5420.0,304.0,361.0,61.0,4.83,4.86,0.103,-4.83,-10.2,-8.4,-3.81,9.72,0.994,2.4,0.00132
C\C(O)=N\[C@H]1[C@H](OCC2=CC=CC=C2)O[C@H](CO)[C@@H](O)[C@H]1O,-4080.0,-31400.0,27300.0,-249.0,9.78,-9.78,-0.087,3.78,0.993,2.82,-6150.0,2640.0,-572.0,-241.0,26800.0,-53900.0,27300.0,238.0,1450.0,4860.0,5350.0,300.0,356.0,61.0,4.93,4.85,0.103,-4.93,-10.3,-8.31,-3.88,9.69,1.02,2.51,0.00216
OC[C@H]1O[C@@H](OCC2=CC=CC=C2)[C@H](\N=C(\O)C(F)(F)F)[C@H](O)[C@@H]1O,-5440.0,-39300.0,33800.0,-386.0,9.85,-9.85,-0.592,1.84,1.43,1.59,-8420.0,3550.0,-578.0,-241.0,33200.0,-66800.0,33800.0,245.0,2420.0,6430.0,7570.0,323.0,389.0,70.0,5.22,4.63,0.108,-5.22,-11.5,-9.1,-4.09,9.26,1.13,2.94,0.00327
OC[C@H]1O[C@@H](OCC2=CC=CC=C2)[C@H](\N=C(/O)C(F)(F)F)[C@H](O)[C@@H]1O,-5440.0,-39100.0,33700.0,-390.0,9.92,-9.92,-0.316,4.62,0.847,4.03,-8420.0,3550.0,-578.0,-241.0,33100.0,-66500.0,33700.0,244.0,1630.0,8050.0,8380.0,322.0,385.0,70.0,5.12,4.8,0.104,-5.12,-11.3,-9.22,-4.06,9.6,1.07,2.73,0.00397
COC1=CC=C(\C=N/[C@H]2[C@H](O)O[C@H](CO)[C@@H](O)[C@H]2O)C=C1,-3930.0,-28200.0,24300.0,-227.0,9.3,-9.3,-0.245,2.56,1.07,3.61,-5940.0,2540.0,-538.0,-226.0,23800.0,-47900.0,24300.0,226.0,1230.0,5560.0,5880.0,292.0,336.0,58.0,4.77,4.53,0.11,-4.77,-9.61,-8.27,-3.71,9.06,1.05,2.52,0.00273
COC1=CC=C(\C=N/[C@H]2[C@H](O)O[C@H](CO)[C@@H](O)[C@H]2O)C=C1,-3930.0,-28000.0,24100.0,-233.0,9.15,-9.15,-0.191,1.44,0.846,1.3,-5940.0,2550.0,-537.0,-226.0,23600.0,-47500.0,24100.0,225.0,1260.0,5830.0,6040.0,295.0,334.0,58.0,4.67,4.48,0.112,-4.67,-9.5,-8.33,-3.68,8.96,1.04,2.43,0.00374
C\C(O)=N/[C@H]1[C@H](OCC2=CC=CC=C2)O[C@H](CO)[C@@H](O)[C@H]1OCC1=CC=CC=C1,-5020.0,-44600.0,39600.0,-213.0,9.48,-9.48,0.074,2.75,0.574,2.31,-7440.0,3190.0,-768.0,-328.0,39000.0,-78300.0,39600.0,322.0,2780.0,9430.0,10200.0,388.0,482.0,78.0,4.7,4.78,0.105,-4.7,-13.1,-11.7,-5.37,9.55,0.985,2.31,0.00307
CC(=O)N[C@H]1[C@H](OCC2=CC=CC=C2)O[C@H](CO)[C@@H](O)[C@H]1OCC1=CC=CC=C1,-5020.0,-45500.0,40400.0,-226.0,9.32,-9.32,0.064,0.994,1.08,1.5,-7440.0,3190.0,-771.0,-328.0,39800.0,-79900.0,40400.0,322.0,2470.0,8910.0,9110.0,378.0,479.0,78.0,4.63,4.69,0.107,-4.63,-13.0,-11.8,-5.36,9.38,0.986,2.28,0.00193
N[C@@H]1[C@H](O)[C@H](O)[C@@H](CO)O[C@H]1OCC1=CC=CC=C1,-3520.0,-25200.0,21700.0,-199.0,9.46,-9.46,0.009,3.79,1.81,4.86,-5280.0,2260.0,-503.0,-212.0,21200.0,-42700.0,21700.0,212.0,1190.0,3520.0,3760.0,269.0,314.0,53.0,4.73,4.73,0.106,-4.73,-8.8,-7.28,-3.37,9.47,0.998,2.36,0.00108
[NH3+][C@@H]1[C@H](O)[C@H](O)[C@@H](CO)O[C@H]1OCC1=CC=CC=C1,-3530.0,-24900.0,21400.0,-184.0,9.61,-9.67,-5.07,1.41,1.48,1.09,-5300.0,2280.0,-507.0,-213.0,20900.0,-42100.0,21400.0,213.0,1450.0,3610.0,4280.0,281.0,327.0,53.0,7.37,2.3,0.217,-7.37,-13.0,-6.18,-3.38,4.6,3.2,11.8,0.113
CC(C)O[C@@H]1O[C@H](CO)[C@@H](O)[C@@H](O)[C@H]1\N=C(\C)O,-3590.0,-25900.0,22300.0,-285.0,9.89,-9.89,1.11,3.95,0.576,3.9,-5460.0,2350.0,-482.0,-202.0,21800.0,-43900.0,22300.0,200.0,1540.0,2410.0,3110.0,265.0,309.0,53.0,4.39,5.5,0.0909,-4.39,-8.1,-6.65,-2.94,11.0,0.798,1.75,6.04E-4
CC(C)O[C@@H]1O[C@H](CO)[C@@H](O)[C@@H](O)[C@H]1\N=C(/C)O,-3590.0,-25500.0,21900.0,-287.0,10.1,-10.1,0.712,3.2,1.09,3.55,-5460.0,2350.0,-482.0,-203.0,21400.0,-43100.0,21900.0,200.0,1400.0,2750.0,3500.0,269.0,312.0,53.0,4.68,5.39,0.0928,-4.68,-8.32,-6.46,-2.99,10.8,0.868,2.03,0.0014
OC[C@H]1O[C@@H](OCC2=CC=CC=C2)[C@H](NC(=O)OCC2=CC=CC=C2)[C@H](O)[C@@H]1O,-5170.0,-46400.0,41200.0,-271.0,9.73,-9.73,-0.075,1.38,1.04,0.94,-7740.0,3320.0,-750.0,-317.0,40600.0,-81500.0,41200.0,313.0,1800.0,9240.0,9800.0,358.0,454.0,78.0,4.9,4.83,0.104,-4.9,-13.4,-11.4,-5.21,9.65,1.02,2.49,1.99E-4
OC[C@H]1O[C@@H](OCC2=CC=CC=C2)[C@H](\N=C(/O)OCC2=CC=CC=C2)[C@H](O)[C@@H]1O,-5170.0,-43300.0,38100.0,-251.0,9.66,-9.65,0.004,1.78,0.855,0.959,-7730.0,3310.0,-747.0,-317.0,37400.0,-75200.0,38100.0,312.0,1890.0,13700.0,14000.0,396.0,466.0,78.0,4.83,4.83,0.104,-4.83,-13.1,-11.6,-5.23,9.66,0.999,2.41,0.00666
C\C(O)=N\[C@H]1[C@H](OCCN=[N+]=[N-])O[C@H](CO)[C@@H](O)[C@H]1O,-3990.0,-28800.0,24800.0,-203.0,9.85,-9.85,-0.089,2.58,0.908,3.12,-6040.0,2560.0,-506.0,-207.0,24300.0,-48900.0,24800.0,213.0,1540.0,3560.0,3950.0,275.0,325.0,57.0,4.97,4.88,0.102,-4.97,-9.2,-7.54,-3.34,9.76,1.02,2.53,7.45E-4
C\C(O)=N\[C@H]1[C@H](OCCN=[N+]=[N-])O[C@H](CO)[C@@H](O)[C@H]1O,-3990.0,-28000.0,24100.0,-196.0,10.1,-10.1,-0.429,4.65,1.14,5.73,-6040.0,2550.0,-507.0,-207.0,23500.0,-47400.0,24100.0,214.0,1570.0,3920.0,4890.0,284.0,333.0,57.0,5.26,4.83,0.103,-5.26,-9.51,-7.35,-3.33,9.66,1.09,2.86,0.00162
C\C(O)=N\[C@@H]1[C@H](O)[C@H](O)[C@@H](CO)O[C@H]1OC(C)(C)C,-3740.0,-27700.0,24000.0,-296.0,9.81,-9.81,0.872,3.76,1.28,4.6,-5660.0,2440.0,-516.0,-218.0,23500.0,-47200.0,24000.0,213.0,1820.0,2630.0,4040.0,285.0,336.0,56.0,4.47,5.34,0.0936,-4.47,-8.56,-7.01,-3.14,10.7,0.837,1.87,0.00199
CC(=O)N[C@@H]1[C@H](O)[C@H](O)[C@@H](CO)O[C@H]1OC(C)(C)C,-3740.0,-27700.0,24000.0,-296.0,9.73,-9.73,1.12,2.89,1.24,3.67,-5660.0,2440.0,-521.0,-219.0,23500.0,-47200.0,24000.0,216.0,1850.0,2640.0,3950.0,283.0,339.0,56.0,4.31,5.43,0.0921,-4.31,-8.36,-7.21,-3.11,10.9,0.794,1.71,3.44E-4
C\C(O)=N\[C@H]1[C@H](OC2=CC=C(Cl)C=C2)O[C@H](CO)[C@@H](O)[C@H]1O,-4190.0,-30800.0,26600.0,-249.0,9.48,-9.48,-0.464,3.93,1.33,3.89,-6350.0,2710.0,-537.0,-225.0,26100.0,-52500.0,26600.0,223.0,2690.0,4800.0,6620.0,316.0,362.0,61.0,4.97,4.51,0.111,-4.97,-9.76,-8.43,-3.77,9.02,1.1,2.74,0.00344
CC(=O)N[C@@H]1[C@H](O)[C@H](O)[C@@H](CO)O[C@H]1OC1=CC=C(Cl)C=C1,-4190.0,-30500.0,26300.0,-252.0,9.46,-9.46,-0.508,3.36,1.11,2.41,-6350.0,2700.0,-541.0,-226.0,25700.0,-51800.0,26300.0,225.0,2540.0,5300.0,7380.0,316.0,365.0,61.0,4.98,4.48,0.112,-4.98,-9.52,-8.64,-3.73,8.95,1.11,2.78,0.00425
CO[C@H]1[C@@H]([NH3+])[C@@H](O)O[C@H](CO)[C@H]1O,-2740.0,-16400.0,13700.0,-201.0,7.81,-9.76,-3.63,2.63,1.42,2.8,-4200.0,1810.0,-348.0,-143.0,13400.0,-26900.0,13700.0,148.0,708.0,1300.0,1670.0,204.0,222.0,39.0,6.7,3.06,0.163,-6.7,-8.35,-3.95,-2.12,6.13,2.19,7.32,0.0105
CO[C@H]1[C@@H](N)[C@@H](O)O[C@H](CO)[C@H]1O,-2730.0,-16100.0,13400.0,-227.0,9.72,-9.72,1.31,4.42,1.64,3.74,-4180.0,1790.0,-342.0,-142.0,13000.0,-26300.0,13400.0,145.0,725.0,1300.0,1640.0,203.0,221.0,39.0,4.2,5.52,0.0906,-4.2,-5.81,-4.8,-2.09,11.0,0.762,1.6,2.51E-4
CCC(C)(C)O[C@@H]1O[C@H](CO)[C@@H](O)[C@@H](O)[C@H]1NC(C)=O,-3890.0,-30400.0,26500.0,-308.0,9.78,-9.77,1.04,2.27,0.807,2.33,-5870.0,2530.0,-555.0,-234.0,26000.0,-52200.0,26500.0,229.0,1630.0,3320.0,4070.0,289.0,353.0,59.0,4.37,5.41,0.0925,-4.37,-8.87,-7.49,-3.33,10.8,0.808,1.76,5.13E-4
CCC(C)(C)O[C@@H]1O[C@H](CO)[C@@H](O)[C@@H](O)[C@H]1NC(C)=O,-3890.0,-30300.0,26400.0,-307.0,9.69,-9.69,1.13,4.52,1.0,4.07,-5860.0,2530.0,-555.0,-234.0,25800.0,-52000.0,26400.0,229.0,1800.0,3230.0,4060.0,292.0,353.0,59.0,4.28,5.41,0.0925,-4.28,-8.83,-7.51,-3.32,10.8,0.792,1.7,3.27E-4
C\C(O)=N/[C@H]1[C@H](OC2=CC=C(F)C=C2)O[C@H](CO)[C@@H](O)[C@H]1O,-4390.0,-31100.0,26700.0,-286.0,9.56,-9.56,-0.422,3.96,1.41,3.74,-6710.0,2860.0,-540.0,-225.0,26200.0,-52700.0,26700.0,224.0,2430.0,3970.0,5990.0,303.0,350.0,61.0,4.99,4.57,0.109,-4.99,-10.1,-8.4,-3.75,9.13,1.09,2.72,0.00269
CC(=O)N[C@@H]1[C@H](O)[C@H](O)[C@@H](CO)O[C@H]1OC1=CC=C(F)C=C1,-4390.0,-30900.0,26600.0,-288.0,9.43,-9.43,-0.424,3.08,1.29,1.99,-6700.0,2860.0,-544.0,-226.0,26000.0,-52300.0,26600.0,226.0,2640.0,4090.0,5830.0,307.0,350.0,61.0,4.93,4.5,0.111,-4.93,-9.84,-8.62,-3.71,9.01,1.09,2.7,9.59E-4
CC(=O)N[C@@H]1[C@H](O)[C@H](O)[C@@H](CO)O[C@H]1OC1=CC=CC=C1C=O,-4350.0,-33100.0,28700.0,-277.0,9.4,-9.4,-0.478,3.78,1.38,5.02,-6600.0,2830.0,-578.0,-241.0,28200.0,-56600.0,28700.0,239.0,1980.0,4530.0,5500.0,305.0,370.0,63.0,4.94,4.46,0.112,-4.94,-10.6,-8.9,-3.9,8.93,1.11,2.73,0.00358
C\C(O)=N\[C@H]1[C@H](OC2=CC=CC=C2C=O)O[C@H](CO)[C@@H](O)[C@H]1O,-4350.0,-32700.0,28300.0,-269.0,9.8,-9.8,-0.763,3.74,1.23,3.79,-6610.0,2830.0,-574.0,-240.0,27800.0,-55900.0,28300.0,238.0,2840.0,3890.0,5640.0,319.0,370.0,63.0,5.28,4.52,0.111,-5.28,-10.9,-8.75,-3.96,9.04,1.17,3.09,0.00132
CC(=O)N[C@@H]1[C@H](O)[C@H](O)[C@@H](CO)O[C@H]1OC1=CC=C(C=O)C=C1,-4350.0,-31900.0,27500.0,-274.0,9.62,-9.62,-0.663,4.25,1.45,4.29,-6600.0,2830.0,-578.0,-241.0,26900.0,-54200.0,27500.0,239.0,2680.0,5090.0,7270.0,323.0,368.0,63.0,5.14,4.48,0.112,-5.14,-10.7,-8.91,-4.01,8.96,1.15,2.95,0.0044
C\C(O)=N/[C@H]1[C@H](OC2=CC=C(C=O)C=C2)O[C@H](CO)[C@@H](O)[C@H]1O,-4350.0,-32000.0,27700.0,-269.0,9.76,-9.76,-0.731,5.74,0.974,5.68,-6600.0,2830.0,-574.0,-240.0,27100.0,-54500.0,27700.0,238.0,2580.0,4890.0,7020.0,324.0,370.0,63.0,5.25,4.52,0.111,-5.25,-10.8,-8.79,-3.98,9.03,1.16,3.05,0.00493
CC(=O)N[C@@H]1[C@H](O)[C@H](O)[C@@H](CO)O[C@H]1OC1=CC=CC=C1C,-4080.0,-31200.0,27100.0,-256.0,9.0,-9.0,0.215,6.29,0.862,6.93,-6150.0,2640.0,-577.0,-242.0,26600.0,-53400.0,27100.0,239.0,2460.0,3530.0,5260.0,312.0,369.0,61.0,4.39,4.61,0.109,-4.39,-9.63,-8.98,-3.81,9.22,0.953,2.09,0.0011
C\C(O)=N/[C@H]1[C@H](OC2=CC=CC=C2C)O[C@H](CO)[C@@H](O)[C@H]1O,-4080.0,-31300.0,27300.0,-249.0,9.3,-9.3,0.069,2.84,1.13,3.44,-6150.0,2640.0,-573.0,-241.0,26700.0,-53700.0,27300.0,237.0,2620.0,3160.0,5190.0,305.0,360.0,61.0,4.62,4.68,0.107,-4.62,-9.83,-8.74,-3.85,9.37,0.985,2.27,0.0019
CO[C@@H]1O[C@H](CO)[C@@H](O)[C@@H](O)[C@H]1N,-2730.0,-16200.0,13500.0,-225.0,9.68,-9.68,1.51,3.91,1.49,3.16,-4180.0,1790.0,-342.0,-142.0,13100.0,-26400.0,13500.0,146.0,883.0,1070.0,1530.0,201.0,222.0,39.0,4.08,5.59,0.0894,-4.08,-5.74,-4.85,-2.09,11.2,0.73,1.49,1.49E-4
CO[C@@H]1O[C@H](CO)[C@@H](O)[C@@H](O)[C@H]1N,-2730.0,-16200.0,13500.0,-225.0,9.79,-9.79,1.54,1.87,1.09,1.13,-4180.0,1790.0,-342.0,-142.0,13100.0,-26400.0,13500.0,145.0,753.0,1200.0,1570.0,200.0,222.0,39.0,4.12,5.66,0.0883,-4.12,-5.73,-4.88,-2.08,11.3,0.729,1.5,4.45E-4
CO[C@H]1O[C@H](CO)[C@@H](O)[C@@H](O)[C@H]1NC(C)=O,-3290.0,-21500.0,18200.0,-274.0,9.81,-9.81,1.0,2.69,1.1,2.84,-5050.0,2170.0,-415.0,-172.0,17700.0,-35700.0,18200.0,173.0,1100.0,2010.0,2570.0,237.0,267.0,47.0,4.4,5.41,0.0925,-4.4,-7.16,-6.04,-2.56,10.8,0.814,1.79,0.00105
CO[C@H]1O[C@H](CO)[C@@H](O)[C@@H](O)[C@H]1\N=C(/C)O,-3290.0,-21300.0,18000.0,-275.0,10.0,-10.0,1.05,3.12,1.67,2.35,-5050.0,2170.0,-412.0,-171.0,17600.0,-35500.0,18000.0,172.0,888.0,2380.0,2780.0,240.0,266.0,47.0,4.49,5.53,0.0904,-4.49,-7.2,-5.94,-2.6,11.1,0.811,1.82,0.00113
CCCCCCCCO[C@@H]1O[C@H](CO)[C@@H](O)[C@@H](O)[C@H]1NC(C)=O,-4340.0,-35200.0,30800.0,-314.0,9.81,-9.81,1.15,1.54,1.07,1.94,-6470.0,2790.0,-659.0,-281.0,30200.0,-60800.0,30800.0,275.0,2240.0,7250.0,8250.0,362.0,425.0,68.0,4.33,5.48,0.0912,-4.33,-10.1,-8.66,-3.89,11.0,0.79,1.71,5.07E-4
CCCCCCCCO[C@@H]1O[C@H](CO)[C@@H](O)[C@@H](O)[C@H]1\N=C(/C)O,-4340.0,-35800.0,31500.0,-299.0,9.99,-9.99,1.05,3.55,0.77,3.68,-6460.0,2780.0,-656.0,-281.0,30900.0,-62100.0,31500.0,275.0,2710.0,5580.0,7260.0,351.0,422.0,68.0,4.47,5.52,0.0906,-4.47,-10.3,-8.52,-3.94,11.0,0.81,1.81,3.42E-4
CO[C@@H]1O[C@@H]2CO[C@@H](O[C@H]2[C@@H](O)[C@H]1\N=C\O)C1=CC=CC=C1,-4060.0,-30300.0,26300.0,-214.0,9.82,-9.82,-0.013,1.78,1.08,2.82,-6100.0,2600.0,-560.0,-236.0,25800.0,-51800.0,26300.0,237.0,1570.0,5270.0,5360.0,303.0,346.0,60.0,4.91,4.9,0.102,-4.91,-10.1,-8.53,-3.9,9.8,1.0,2.46,7.08E-4
CO[C@@H]1O[C@@H]2CO[C@@H](O[C@H]2[C@@H](O)[C@H]1NC=O)C1=CC=CC=C1,-4060.0,-30300.0,26200.0,-218.0,9.62,-9.62,-0.121,2.31,0.689,2.94,-6090.0,2600.0,-564.0,-237.0,25700.0,-51700.0,26200.0,238.0,1790.0,4940.0,5320.0,308.0,351.0,60.0,4.87,4.75,0.105,-4.87,-10.1,-8.57,-3.85,9.49,1.03,2.5,2.71E-4
CO[C@@H]1O[C@@H]2CO[C@H](CC3=CC=CC=C3)O[C@H]2[C@@H](O)[C@H]1N=[N+]=[N-],-4130.0,-31800.0,27700.0,-111.0,9.61,-9.61,0.064,3.67,0.772,4.29,-6130.0,2590.0,-591.0,-248.0,27200.0,-54700.0,27700.0,252.0,2060.0,4910.0,5740.0,317.0,373.0,62.0,4.77,4.84,0.103,-4.77,-10.1,-9.52,-4.11,9.67,0.987,2.35,3.3E-5
CO[C@@H]1O[C@@H]2CO[C@H](CC3=CC=CC=C3)O[C@H]2[C@@H](O)[C@H]1N=[N+]=[N-],-4130.0,-31300.0,27200.0,-111.0,9.66,-9.66,0.068,3.63,0.692,4.18,-6130.0,2590.0,-591.0,-248.0,26700.0,-53600.0,27200.0,252.0,1680.0,6100.0,7030.0,323.0,367.0,62.0,4.79,4.86,0.103,-4.79,-10.1,-9.53,-4.17,9.72,0.986,2.36,0.00297
CCO[C@@H]1O[C@H](CO)[C@@H](O)[C@@H](O[S](C)(=O)=O)[C@H]1\N=C(/O)C1=CC=CC=C1,-5330.0,-41800.0,36500.0,-309.0,9.64,-9.64,-0.687,2.92,0.713,3.57,-7940.0,3340.0,-669.0,-290.0,35800.0,-72100.0,36500.0,229.0,3330.0,5980.0,7440.0,348.0,426.0,73.0,5.16,4.47,0.112,-5.16,-11.4,-9.63,-4.28,8.95,1.15,2.98,0.00413
CCO[C@@H]1O[C@H](CO)[C@@H](O)[C@@H](O[S](C)(=O)=O)[C@H]1\N=C(/O)C1=CC=CC=C1,-5330.0,-41300.0,36000.0,-311.0,9.63,-9.64,-0.872,2.5,0.704,2.86,-7940.0,3340.0,-669.0,-290.0,35300.0,-71000.0,36000.0,228.0,3760.0,5950.0,7850.0,357.0,431.0,73.0,5.25,4.38,0.114,-5.25,-11.5,-9.56,-4.26,8.76,1.2,3.15,0.00405
CO[C@@H]1O[C@@H]2CO[C@@H](O[C@H]2[C@@H](O[S](C)(=O)=O)[C@H]1\N=C(/O)C1=CC=CC=C1)C1=CC=CC=C1,-6120.0,-52300.0,46100.0,-249.0,9.71,-9.71,-0.498,3.48,1.38,4.69,-9000.0,3770.0,-820.0,-359.0,45400.0,-91200.0,46100.0,286.0,4000.0,11100.0,12500.0,419.0,508.0,86.0,5.1,4.61,0.109,-5.1,-13.7,-12.6,-5.52,9.21,1.11,2.83,0.00304
CO[C@@H]1O[C@@H]2CO[C@@H](O[C@H]2[C@@H](O[S](C)(=O)=O)[C@H]1\N=C(/O)C1=CC=CC=C1)C1=CC=CC=C1,-6120.0,-52500.0,46400.0,-248.0,9.66,-9.66,-0.64,3.69,1.13,4.12,-9000.0,3770.0,-820.0,-359.0,45600.0,-91700.0,46400.0,286.0,3830.0,11300.0,12000.0,417.0,510.0,86.0,5.15,4.51,0.111,-5.15,-13.8,-12.5,-5.51,9.02,1.14,2.94,0.00507
CO[C@@H]1O[C@@H]2CO[C@H](O[C@H]2[C@@H](O[S](C)(=O)=O)[C@H]1\N=C(\O)C1=CC=CC=C1)C1=CC=CC=C1,-6120.0,-51800.0,45700.0,-244.0,9.56,-9.56,-0.718,2.78,0.947,3.26,-8990.0,3760.0,-820.0,-359.0,44900.0,-90300.0,45700.0,287.0,3520.0,11900.0,13600.0,420.0,517.0,86.0,5.14,4.42,0.113,-5.14,-13.8,-12.5,-5.5,8.84,1.16,2.99,0.00463
CO[C@@H]1O[C@@H]2CO[C@H](O[C@H]2[C@@H](O[S](C)(=O)=O)[C@H]1\N=C(\O)C1=CC=CC=C1)C1=CC=CC=C1,-6120.0,-51700.0,45600.0,-246.0,9.55,-9.55,-0.522,2.9,1.46,4.08,-9000.0,3760.0,-820.0,-359.0,44800.0,-90100.0,45600.0,287.0,3410.0,12100.0,14300.0,422.0,511.0,86.0,5.04,4.52,0.111,-5.04,-13.7,-12.7,-5.55,9.03,1.12,2.81,0.00602
C[NH2+][C@@H]1[C@H](O)[C@H](O)[C@@H](CO)O[C@@H]1OC,-2890.0,-18100.0,15200.0,-204.0,7.71,-9.78,-3.66,5.84,1.65,6.15,-4400.0,1890.0,-381.0,-159.0,14800.0,-29900.0,15200.0,162.0,827.0,1720.0,2160.0,227.0,251.0,42.0,6.72,3.06,0.163,-6.72,-8.8,-4.3,-2.36,6.12,2.2,7.38,0.0136
CN[C@@H]1[C@H](O)[C@H](O)[C@@H](CO)O[C@@H]1OC,-2880.0,-18000.0,15100.0,-229.0,9.29,-9.29,1.3,3.86,1.89,4.34,-4380.0,1880.0,-376.0,-158.0,14700.0,-29700.0,15100.0,160.0,867.0,1530.0,1950.0,220.0,244.0,42.0,4.0,5.3,0.0944,-4.0,-6.07,-5.37,-2.27,10.6,0.754,1.51,3.03E-4
CO[C@@H]1O[C@H](CO)[C@@H](O)[C@@H](O)[C@H]1N1C(=O)C2=CC=CC=C2C1=O,-4320.0,-33000.0,28700.0,-259.0,10.1,-10.1,-1.45,3.69,0.643,4.18,-6560.0,2800.0,-567.0,-236.0,28200.0,-56600.0,28700.0,236.0,1540.0,4690.0,5000.0,294.0,348.0,62.0,5.76,4.31,0.116,-5.76,-11.6,-8.4,-3.97,8.62,1.34,3.85,0.00487
CO[C@@H]1O[C@H](CO)[C@@H](O)[C@@H](O)[C@H]1[NH+]1C(=O)C2=CC=CC=C2C1=O,0.0,0.0,0.0,0.0,0.0,0.0,0.0,0.0,0.0,0.0,0.0,0.0,0.0,0.0,0.0,0.0,0.0,0.0,0.0,0.0,0.0,0.0,0.0,0.0,0.0,0.0,0.0,0.0,0.0,0.0,0.0,0.0,0.0,0.0,0.0
CO[C@H]1O[C@H](CO)[C@@H](O)[C@H]2OC(=O)N[C@@H]12,-3120.0,-19000.0,15900.0,-251.0,10.1,-10.1,0.685,7.59,1.18,7.47,-4790.0,2040.0,-370.0,-152.0,15500.0,-31300.0,15900.0,157.0,939.0,1580.0,2030.0,214.0,236.0,43.0,4.72,5.4,0.0926,-4.72,-6.74,-5.67,-2.41,10.8,0.873,2.06,0.00106
CO[C@H]1O[C@H](CO)[C@@H](O)[C@H]2OC(O)=N[C@@H]12,-3120.0,-18900.0,15700.0,-228.0,9.96,-9.96,0.515,1.77,1.35,0.87,-4800.0,2040.0,-364.0,-151.0,15400.0,-30900.0,15700.0,155.0,927.0,1640.0,2120.0,217.0,234.0,43.0,4.72,5.24,0.0955,-4.72,-6.83,-5.63,-2.39,10.5,0.902,2.13,1.97E-4
CO[C@H]1O[C@H](CO)[C@@H](O)[C@@H](O)[C@H]1N=[N+]=[N-],-3070.0,-18800.0,15700.0,-156.0,9.93,-9.93,-0.108,2.85,1.05,2.8,-4670.0,1970.0,-373.0,-152.0,15300.0,-30800.0,15700.0,160.0,839.0,1790.0,2210.0,218.0,244.0,43.0,5.02,4.91,0.102,-5.02,-6.89,-5.68,-2.46,9.82,1.02,2.56,9.91E-4
CO[C@H]1O[C@H](CO)[C@@H](O)[C@@H](O)[C@H]1N=[N+]=[N-],-3070.0,-18800.0,15700.0,-156.0,9.92,-9.93,-0.108,2.85,1.05,2.81,-4670.0,1970.0,-373.0,-152.0,15300.0,-30800.0,15700.0,160.0,839.0,1790.0,2210.0,218.0,243.0,43.0,5.02,4.91,0.102,-5.02,-6.89,-5.68,-2.47,9.82,1.02,2.56,9.91E-4
COC[C@H]1O[C@@H](O)[C@H](N)[C@H](OC)[C@@H]1OC,-3020.0,-19600.0,16600.0,-202.0,9.32,-9.32,1.53,3.87,0.869,4.56,-4560.0,1940.0,-412.0,-174.0,16300.0,-32700.0,16600.0,179.0,1160.0,1760.0,2500.0,244.0,268.0,45.0,3.9,5.43,0.0921,-3.9,-6.52,-5.79,-2.43,10.9,0.718,1.4,3.51E-4
COC[C@H]1O[C@@H](O)[C@H](N)[C@H](OC)[C@@H]1OC,-3020.0,-19700.0,16700.0,-208.0,9.46,-9.46,1.52,4.28,0.702,4.73,-4560.0,1940.0,-412.0,-174.0,16400.0,-32900.0,16700.0,179.0,1300.0,1550.0,2360.0,242.0,271.0,45.0,3.97,5.49,0.0911,-3.97,-6.57,-5.72,-2.47,11.0,0.724,1.44,5.46E-4
CO[C@@H]1O[C@@H]2CO[C@@H](O[C@H]2[C@@H](O)[C@H]1\N=C(/C)O)C1=CC=CC=C1,-4210.0,-32600.0,28400.0,-224.0,9.74,-9.74,-0.057,2.82,1.09,3.37,-6300.0,2690.0,-595.0,-252.0,27900.0,-56000.0,28400.0,250.0,1680.0,5960.0,6010.0,318.0,367.0,63.0,4.9,4.84,0.103,-4.9,-10.6,-8.92,-4.09,9.68,1.01,2.48,9.51E-4
CO[C@@H]1O[C@@H]2CO[C@@H](O[C@H]2[C@@H](O)[C@H]1\N=C(/C)O)C1=CC=CC=C1,-4210.0,-32400.0,28200.0,-224.0,9.77,-9.77,0.026,1.97,1.11,2.92,-6300.0,2690.0,-595.0,-252.0,27700.0,-55700.0,28200.0,250.0,1700.0,6020.0,6190.0,322.0,365.0,63.0,4.87,4.9,0.102,-4.87,-10.6,-8.89,-4.05,9.79,0.995,2.42,9.06E-4
CCCO[C@@H]1O[C@H](CO)[C@@H](O)[C@@H](O)[C@H]1NC(C)=O,-3590.0,-25600.0,22000.0,-289.0,9.75,-9.75,1.14,1.47,0.989,2.32,-5450.0,2340.0,-485.0,-203.0,21600.0,-43400.0,22000.0,202.0,1730.0,2360.0,3190.0,270.0,317.0,53.0,4.3,5.45,0.0918,-4.3,-7.95,-6.81,-2.96,10.9,0.79,1.7,7.76E-4
CCCO[C@@H]1O[C@H](CO)[C@@H](O)[C@@H](O)[C@H]1\N=C(\C)O,-3590.0,-25600.0,22000.0,-283.0,10.1,-10.1,0.994,2.43,0.875,2.23,-5460.0,2350.0,-482.0,-202.0,21600.0,-43400.0,22000.0,201.0,1260.0,3060.0,3320.0,268.0,310.0,53.0,4.53,5.52,0.0905,-4.53,-8.12,-6.64,-2.96,11.0,0.82,1.86,7.96E-4
CCCCCCO[C@@H]1O[C@H](CO)[C@@H](O)[C@@H](O)[C@H]1\N=C(\C)O,-4040.0,-32100.0,28000.0,-297.0,10.0,-10.0,0.548,2.83,1.3,4.13,-6060.0,2610.0,-587.0,-250.0,27500.0,-55200.0,28000.0,246.0,1960.0,4200.0,4620.0,309.0,380.0,62.0,4.74,5.28,0.0946,-4.74,-9.65,-7.58,-3.57,10.6,0.896,2.12,8.04E-4
CCCCCCO[C@@H]1O[C@H](CO)[C@@H](O)[C@@H](O)[C@H]1\N=C(/C)O,-4040.0,-32000.0,28000.0,-290.0,10.0,-10.0,1.05,3.45,0.777,3.66,-6060.0,2610.0,-586.0,-250.0,27400.0,-55100.0,28000.0,245.0,1740.0,4640.0,4860.0,309.0,375.0,62.0,4.47,5.52,0.0905,-4.47,-9.42,-7.76,-3.56,11.0,0.809,1.81,0.00115
C\C(O)=N\[C@H]1[C@@H](OCC=C)O[C@H](CO)[C@@H](O)[C@H]1O,-3570.0,-24700.0,21100.0,-250.0,10.1,-10.1,0.666,3.53,1.35,4.28,-5420.0,2330.0,-468.0,-197.0,20600.0,-41500.0,21100.0,196.0,1440.0,2840.0,3320.0,270.0,308.0,52.0,4.69,5.36,0.0933,-4.69,-8.27,-6.72,-3.01,10.7,0.876,2.05,0.00164
CC(=O)N[C@@H]1[C@H](O)[C@H](O)[C@@H](CO)O[C@@H]1OCC=C,-3570.0,-24500.0,21000.0,-254.0,9.72,-9.72,0.836,2.27,1.55,3.27,-5420.0,2330.0,-471.0,-198.0,20500.0,-41300.0,21000.0,197.0,1880.0,2280.0,3620.0,275.0,313.0,52.0,4.44,5.28,0.0948,-4.44,-8.0,-6.97,-3.0,10.6,0.842,1.87,0.00121
CCO[C@@H]1O[C@H](CO)[C@@H](O)[C@@H](O)[C@H]1\N=C(\C)O,-3440.0,-23200.0,19800.0,-276.0,10.0,-10.0,0.542,2.96,1.27,4.23,-5250.0,2250.0,-447.0,-187.0,19400.0,-39000.0,19800.0,187.0,1340.0,2410.0,3050.0,257.0,292.0,50.0,4.74,5.28,0.0947,-4.74,-7.9,-6.1,-2.73,10.6,0.897,2.13,0.00113
CCO[C@@H]1O[C@H](CO)[C@@H](O)[C@@H](O)[C@H]1\N=C(\C)O,-3440.0,-23100.0,19700.0,-276.0,10.0,-10.0,0.688,4.06,1.17,5.11,-5250.0,2260.0,-446.0,-187.0,19200.0,-38700.0,19700.0,186.0,1430.0,2320.0,3350.0,263.0,290.0,50.0,4.67,5.36,0.0933,-4.67,-7.82,-6.16,-2.79,10.7,0.872,2.04,0.00193
C\C(O)=N\[C@H]1[C@H](OCC#C)O[C@H](CO)[C@@H](O)[C@H]1O,-3540.0,-24400.0,20900.0,-219.0,9.84,-9.84,0.593,1.05,1.5,2.19,-5400.0,2310.0,-455.0,-191.0,20400.0,-41100.0,20900.0,190.0,1150.0,2830.0,3010.0,258.0,297.0,51.0,4.63,5.22,0.0958,-4.63,-8.22,-6.87,-2.99,10.4,0.886,2.05,0.00279
C\C(O)=N/[C@H]1[C@H](OCC#C)O[C@H](CO)[C@@H](O)[C@H]1O,-3540.0,-24300.0,20700.0,-225.0,10.0,-10.0,0.656,2.93,1.03,3.2,-5400.0,2320.0,-455.0,-191.0,20300.0,-40800.0,20700.0,189.0,1190.0,2770.0,3190.0,257.0,295.0,51.0,4.67,5.33,0.0938,-4.67,-8.3,-6.78,-3.04,10.7,0.877,2.05,0.00184
CCCCCO[C@@H]1O[C@H](CO)[C@@H](O)[C@@H](O)[C@H]1NC(C)=O,-3890.0,-30300.0,26400.0,-301.0,9.79,-9.79,1.01,2.46,0.891,3.17,-5860.0,2520.0,-554.0,-234.0,25900.0,-52100.0,26400.0,231.0,2340.0,2650.0,3660.0,292.0,357.0,59.0,4.39,5.4,0.0926,-4.39,-8.89,-7.49,-3.33,10.8,0.812,1.78,2.85E-4
CCCCCO[C@@H]1O[C@H](CO)[C@@H](O)[C@@H](O)[C@H]1\N=C(\C)O,-3890.0,-29800.0,25900.0,-290.0,9.77,-9.77,1.28,1.21,1.59,2.2,-5860.0,2520.0,-552.0,-234.0,25300.0,-51000.0,25900.0,231.0,1340.0,4470.0,4730.0,297.0,350.0,59.0,4.25,5.53,0.0905,-4.25,-8.77,-7.6,-3.33,11.1,0.768,1.63,7.66E-4
CCCCO[C@@H]1O[C@H](CO)[C@@H](O)[C@@H](O)[C@H]1NC(C)=O,-3740.0,-27300.0,23500.0,-296.0,9.84,-9.84,1.1,0.697,0.915,1.3,-5660.0,2430.0,-520.0,-219.0,23000.0,-46400.0,23500.0,217.0,1960.0,3110.0,4080.0,293.0,336.0,56.0,4.37,5.47,0.0914,-4.37,-8.4,-7.13,-3.11,10.9,0.798,1.74,4.64E-4
CCCCO[C@@H]1O[C@H](CO)[C@@H](O)[C@@H](O)[C@H]1NC(C)=O,-3740.0,-27300.0,23600.0,-298.0,9.85,-9.85,1.0,2.83,0.806,2.68,-5660.0,2440.0,-519.0,-219.0,23100.0,-46400.0,23600.0,216.0,1340.0,3890.0,4470.0,289.0,334.0,56.0,4.42,5.43,0.0921,-4.42,-8.44,-7.11,-3.1,10.9,0.815,1.8,8.73E-4
CCO[C@@H]1O[C@@H]([C@@H](O)[C@@H](O)[C@H]1[NH3+])C([O-])=O,-3140.0,-19900.0,16700.0,-235.0,8.18,-8.18,-0.12,13.5,1.91,15.2,-4860.0,2090.0,-381.0,-156.0,16300.0,-32900.0,16700.0,159.0,879.0,1600.0,1850.0,213.0,239.0,44.0,4.15,4.03,0.124,-4.15,-7.14,-5.63,-2.32,8.06,1.03,2.14,8.4E-4
CCO[C@@H]1O[C@@H]([C@@H](O)[C@@H](O)[C@H]1N)C([O-])=O,-3130.0,-18700.0,15600.0,-243.0,8.43,-9.56,-3.94,3.73,1.66,3.39,-4800.0,2050.0,-375.0,-154.0,15200.0,-30700.0,15600.0,160.0,1050.0,1790.0,2210.0,224.0,254.0,43.0,6.75,2.81,0.178,-6.75,-8.71,-4.95,-2.45,5.62,2.4,8.11,0.00102
CO[C@@H]1O[C@@H]2CO[C@H](O[C@H]2[C@@H](O)[C@H]1NC(C)=O)C1=CC=CC=C1,-4210.0,-31800.0,27600.0,-228.0,9.52,-9.52,0.004,2.49,0.783,3.24,-6300.0,2690.0,-599.0,-253.0,27100.0,-54500.0,27600.0,251.0,1550.0,6630.0,7750.0,334.0,373.0,63.0,4.76,4.76,0.105,-4.76,-10.5,-9.0,-4.08,9.53,0.999,2.38,0.00362
CO[C@@H]1O[C@@H]2CO[C@H](O[C@H]2[C@@H](O)[C@H]1NC(C)=O)C1=CC=CC=C1,-4210.0,-31800.0,27600.0,-228.0,9.52,-9.52,0.004,2.5,0.783,3.25,-6300.0,2690.0,-599.0,-253.0,27100.0,-54500.0,27600.0,251.0,1550.0,6630.0,7750.0,334.0,374.0,63.0,4.76,4.76,0.105,-4.76,-10.5,-9.01,-4.01,9.53,0.999,2.38,0.00363
