,Step,em_lig1
0,0.0,3209368064.0
1,1.0,217820784.0
2,2.0,51502884.0
3,3.0,7734359.0
4,4.0,-178540.03125
5,5.0,-1873917.625
6,6.0,-2357036.75
7,7.0,-2628052.5
8,8.0,-2931618.0
9,9.0,-3071477.75
10,10.0,-3104885.0
11,11.0,-3190113.25
12,12.0,-3202434.25
13,13.0,-3235167.0
14,14.0,-3249001.75
15,15.0,-3287439.5
16,17.0,-3296187.5
17,18.0,-3333975.0
18,19.0,-3352147.0
19,20.0,-3369165.5
20,22.0,-3389101.75
21,23.0,-3402514.0
22,25.0,-3415608.5
23,26.0,-3422968.0
24,27.0,-3435661.25
25,28.0,-3438698.75
26,30.0,-3460385.0
27,32.0,-3469473.5
28,33.0,-3476765.0
29,34.0,-3485523.5
30,35.0,-3490703.75
31,36.0,-3497922.5
32,37.0,-3499836.75
33,38.0,-3500682.5
34,40.0,-3521982.5
35,42.0,-3528355.5
36,43.0,-3531294.0
37,44.0,-3536297.75
38,46.0,-3548623.5
39,47.0,-3552847.25
40,48.0,-3569868.25
41,50.0,-3574469.5
42,51.0,-3577766.5
43,52.0,-3581563.75
44,53.0,-3582552.25
45,54.0,-3584453.75
46,56.0,-3599018.25
47,58.0,-3604686.5
48,59.0,-3610405.0
49,60.0,-3611385.5
50,61.0,-3617841.0
51,63.0,-3623026.5
52,64.0,-3625214.75
53,65.0,-3631186.0
54,67.0,-3635212.75
55,68.0,-3637934.25
56,69.0,-3642425.5
57,70.0,-3642560.75
58,71.0,-3647428.5
59,73.0,-3652987.75
60,74.0,-3653887.25
61,75.0,-3660698.25
62,77.0,-3663988.0
63,78.0,-3665591.25
64,79.0,-3669075.75
65,81.0,-3672880.75
66,82.0,-3675927.25
67,83.0,-3680210.75
68,85.0,-3682822.25
69,86.0,-3685225.5
70,87.0,-3688056.5
71,88.0,-3689255.5
72,89.0,-3692285.0
73,91.0,-3695699.0
74,92.0,-3698213.0
75,93.0,-3702144.0
76,95.0,-3704407.75
77,96.0,-3706359.25
78,97.0,-3708793.25
79,98.0,-3709698.0
80,99.0,-3712254.75
81,101.0,-3715518.5
82,102.0,-3717550.75
83,103.0,-3721378.75
84,105.0,-3723381.0
85,106.0,-3724927.25
86,107.0,-3727022.25
87,108.0,-3727631.25
88,109.0,-3729760.25
89,111.0,-3733066.25
90,112.0,-3734591.25
91,113.0,-3738564.25
92,115.0,-3740306.0
93,116.0,-3741518.25
94,117.0,-3743304.75
95,118.0,-3743660.5
96,119.0,-3745349.75
97,121.0,-3748869.75
98,122.0,-3749801.25
99,123.0,-3754186.25
100,125.0,-3755685.25
101,126.0,-3756638.75
102,127.0,-3758088.25
103,128.0,-3758256.75
104,129.0,-3759448.5
105,131.0,-3763404.75
106,132.0,-3763599.5
107,133.0,-3768623.0
108,135.0,-3769875.5
109,136.0,-3770641.75
110,137.0,-3771720.0
111,138.0,-3771742.25
112,139.0,-3772395.25
113,141.0,-3776941.0
114,143.0,-3778516.0
115,144.0,-3780166.0
116,145.0,-3780521.25
117,146.0,-3782291.25
118,148.0,-3784086.5
119,149.0,-3784939.5
120,150.0,-3787191.0
121,152.0,-3788362.75
122,153.0,-3789300.75
123,154.0,-3790467.75
124,155.0,-3790927.5
125,156.0,-3791939.5
126,158.0,-3794166.25
127,159.0,-3795649.0
128,160.0,-3798582.25
129,162.0,-3799522.25
130,163.0,-3800443.5
131,164.0,-3801162.5
132,165.0,-3801918.25
133,166.0,-3802174.75
134,167.0,-3802575.25
135,169.0,-3805872.75
136,170.0,-3806331.5
137,171.0,-3810547.75
138,173.0,-3811281.0
139,174.0,-3811918.5
140,175.0,-3812421.0
141,176.0,-3812655.0
142,178.0,-3815435.0
143,179.0,-3817816.0
144,180.0,-3821586.0
145,182.0,-3822195.0
146,183.0,-3823094.25
147,184.0,-3823297.0
148,185.0,-3824148.25
149,187.0,-3825919.0
150,188.0,-3826499.0
151,189.0,-3828738.0
152,191.0,-3829509.75
153,192.0,-3830050.25
154,193.0,-3830761.0
155,194.0,-3830968.5
156,195.0,-3831503.0
157,197.0,-3833586.25
158,198.0,-3834130.5
159,199.0,-3836841.0
160,201.0,-3837459.25
161,202.0,-3837980.25
162,203.0,-3838467.0
163,204.0,-3838693.5
164,205.0,-3838900.75
165,207.0,-3841334.75
166,208.0,-3841855.25
167,209.0,-3845005.5
168,211.0,-3845517.0
169,212.0,-3846016.75
170,213.0,-3846319.5
171,214.0,-3846523.25
172,216.0,-3848571.75
173,217.0,-3849859.25
174,218.0,-3852675.25
175,220.0,-3853114.75
176,221.0,-3853782.75
177,222.0,-3853887.25
178,223.0,-3854532.0
179,225.0,-3855917.75
180,226.0,-3856282.0
181,227.0,-3858077.75
182,229.0,-3858656.25
183,230.0,-3859051.0
184,231.0,-3859558.5
185,232.0,-3859708.25
186,233.0,-3860066.25
187,235.0,-3861751.25
188,236.0,-3862087.25
189,237.0,-3864282.5
190,239.0,-3864737.5
191,240.0,-3865138.0
192,241.0,-3865492.75
193,242.0,-3865657.25
194,243.0,-3865752.25
195,245.0,-3867786.0
196,246.0,-3868040.75
197,247.0,-3870686.25
198,249.0,-3871064.25
199,250.0,-3871429.5
200,251.0,-3871615.25
201,252.0,-3871776.25
202,254.0,-3873495.25
203,255.0,-3874217.5
204,256.0,-3876621.5
205,258.0,-3876930.5
206,259.0,-3877470.0
207,260.0,-3877499.25
208,261.0,-3877982.0
209,263.0,-3879201.5
210,264.0,-3879339.75
211,265.0,-3880901.25
212,267.0,-3881346.5
213,268.0,-3881631.75
214,269.0,-3882059.0
215,270.0,-3882089.0
216,271.0,-3882386.5
217,273.0,-3883868.25
218,274.0,-3883893.25
219,275.0,-3885833.75
220,277.0,-3886205.5
221,278.0,-3886497.75
222,279.0,-3886781.0
223,280.0,-3886861.25
224,281.0,-3886882.5
225,283.0,-3888712.5
226,284.0,-3888917.75
227,285.0,-3891302.75
228,287.0,-3891549.0
229,288.0,-3891940.75
230,289.0,-3892003.0
231,290.0,-3892291.0
232,292.0,-3893592.25
233,293.0,-3893710.25
234,294.0,-3895412.75
235,296.0,-3895750.0
236,297.0,-3896070.5
237,298.0,-3896285.5
238,299.0,-3896446.75
239,301.0,-3897604.0
240,302.0,-3898658.0
241,303.0,-3900124.5
242,305.0,-3900434.75
243,306.0,-3900829.0
244,307.0,-3901004.0
245,308.0,-3901363.25
246,310.0,-3902174.5
247,311.0,-3902753.75
248,312.0,-3903789.25
249,314.0,-3904135.5
250,315.0,-3904458.75
251,316.0,-3904755.25
252,317.0,-3904993.5
253,318.0,-3905168.75
254,319.0,-3905202.75
255,321.0,-3906527.25
256,322.0,-3907337.25
257,323.0,-3909027.5
258,325.0,-3909274.75
259,326.0,-3909635.75
260,327.0,-3909727.25
261,328.0,-3910026.0
262,330.0,-3910928.75
263,331.0,-3911229.5
264,332.0,-3912414.5
265,334.0,-3912734.25
266,335.0,-3912996.0
267,336.0,-3913232.25
268,337.0,-3913405.25
269,338.0,-3913491.0
270,340.0,-3914604.0
271,341.0,-3915347.0
272,342.0,-3916775.0
273,344.0,-3917017.75
274,345.0,-3917337.75
275,346.0,-3917472.0
276,347.0,-3917700.75
277,349.0,-3918538.0
278,350.0,-3918983.5
279,351.0,-3920079.5
280,353.0,-3920375.75
281,354.0,-3920639.75
282,355.0,-3920847.5
283,356.0,-3921059.75
284,357.0,-3921112.75
285,358.0,-3921165.0
286,360.0,-3922431.0
287,361.0,-3922457.75
288,362.0,-3924148.0
289,364.0,-3924343.5
290,365.0,-3924593.0
291,366.0,-3924667.25
292,367.0,-3924806.75
293,369.0,-3925830.0
294,370.0,-3926027.25
295,371.0,-3927366.5
296,373.0,-3927582.5
297,374.0,-3927838.0
298,375.0,-3927975.75
299,376.0,-3928141.75
300,378.0,-3928960.25
301,379.0,-3929378.25
302,380.0,-3930442.75
303,382.0,-3930694.25
304,383.0,-3930947.75
305,384.0,-3931112.25
306,385.0,-3931309.75
307,386.0,-3931322.75
308,387.0,-3931326.5
309,389.0,-3932606.75
310,391.0,-3933042.0
311,392.0,-3933512.75
312,393.0,-3933542.5
313,394.0,-3934108.0
314,396.0,-3934488.0
315,397.0,-3934628.5
316,398.0,-3935082.5
317,400.0,-3935420.5
318,401.0,-3935638.0
319,402.0,-3936059.0
320,403.0,-3936068.5
321,404.0,-3936511.75
322,406.0,-3936993.5
323,407.0,-3937112.5
324,408.0,-3937678.25
325,410.0,-3937996.0
326,411.0,-3938172.0
327,412.0,-3938514.5
328,413.0,-3938534.5
329,414.0,-3938872.0
330,416.0,-3939462.5
331,417.0,-3939581.5
332,418.0,-3940332.25
333,420.0,-3940601.25
334,421.0,-3940782.75
335,422.0,-3941047.5
336,423.0,-3941100.0
337,424.0,-3941288.25
338,426.0,-3942043.25
339,427.0,-3942245.75
340,428.0,-3943208.5
341,430.0,-3943444.75
342,431.0,-3943663.75
343,432.0,-3943828.25
344,433.0,-3943961.0
345,434.0,-3943972.25
346,436.0,-3944886.75
347,437.0,-3945487.0
348,438.0,-3946707.75
349,440.0,-3946872.25
350,441.0,-3947122.75
351,442.0,-3947178.75
352,443.0,-3947366.25
353,445.0,-3948038.75
354,446.0,-3948272.0
355,447.0,-3949160.25
356,449.0,-3949375.5
357,450.0,-3949586.25
358,451.0,-3949738.0
359,452.0,-3949876.25
360,453.0,-3949910.5
361,455.0,-3950729.25
362,456.0,-3951420.25
363,457.0,-3952476.0
364,459.0,-3952653.5
365,460.0,-3952884.5
366,461.0,-3952961.0
367,462.0,-3953159.5
368,464.0,-3953747.0
369,465.0,-3954004.75
370,466.0,-3954762.5
371,468.0,-3954975.5
372,469.0,-3955176.5
373,470.0,-3955328.75
374,471.0,-3955459.5
375,472.0,-3955527.0
376,474.0,-3956245.0
377,475.0,-3956870.5
378,476.0,-3957827.25
379,478.0,-3957989.0
380,479.0,-3958218.25
381,480.0,-3958304.0
382,481.0,-3958488.5
383,483.0,-3959024.25
384,484.0,-3959303.0
385,485.0,-3959991.75
386,487.0,-3960183.75
387,488.0,-3960385.75
388,489.0,-3960549.75
389,490.0,-3960694.0
390,491.0,-3960740.25
391,492.0,-3960756.25
392,494.0,-3961624.0
393,495.0,-3961815.75
394,496.0,-3962987.0
395,498.0,-3963118.0
396,499.0,-3963323.25
397,500.0,-3963342.25
398,501.0,-3963473.75
399,503.0,-3964153.75
400,504.0,-3964220.0
401,505.0,-3965110.75
402,507.0,-3965276.5
403,508.0,-3965455.25
404,509.0,-3965569.0
405,510.0,-3965667.5
406,512.0,-3966241.0
407,513.0,-3966689.75
408,514.0,-3967456.0
409,516.0,-3967628.75
410,517.0,-3967832.5
411,518.0,-3967927.0
412,519.0,-3968104.5
413,521.0,-3968550.5
414,522.0,-3968912.0
415,523.0,-3969512.0
416,525.0,-3969693.25
417,526.0,-3969867.25
418,527.0,-3970014.25
419,528.0,-3970152.75
420,529.0,-3970221.75
421,530.0,-3970255.5
422,532.0,-3970981.0
423,533.0,-3971194.75
424,534.0,-3972183.5
425,536.0,-3972310.75
426,537.0,-3972485.75
427,538.0,-3972525.75
428,539.0,-3972688.5
429,541.0,-3973256.75
430,542.0,-3973407.5
431,543.0,-3974144.25
432,545.0,-3974297.5
433,546.0,-3974475.5
434,547.0,-3974559.0
435,548.0,-3974669.5
436,549.0,-3974676.5
437,551.0,-3975368.0
438,552.0,-3975863.5
439,553.0,-3976772.0
440,555.0,-3976899.75
441,556.0,-3977090.5
442,557.0,-3977139.5
443,558.0,-3977298.5
444,560.0,-3977785.0
445,561.0,-3977930.25
446,562.0,-3978603.5
447,564.0,-3978749.25
448,565.0,-3978890.75
449,566.0,-3979003.0
450,567.0,-3979110.0
451,568.0,-3979130.0
452,570.0,-3979782.5
453,571.0,-3980249.0
454,572.0,-3981098.0
455,574.0,-3981218.75
456,575.0,-3981408.0
457,576.0,-3981439.5
458,577.0,-3981610.75
459,579.0,-3982081.5
460,580.0,-3982227.75
461,581.0,-3982822.25
462,583.0,-3982995.75
463,584.0,-3983124.75
464,585.0,-3983252.5
465,586.0,-3983338.25
466,587.0,-3983370.25
467,589.0,-3983959.25
468,590.0,-3984350.25
469,591.0,-3985114.5
470,593.0,-3985232.75
471,594.0,-3985400.5
472,595.0,-3985445.75
473,596.0,-3985588.0
474,598.0,-3986020.5
475,599.0,-3986234.25
476,600.0,-3986795.25
477,602.0,-3986946.75
478,603.0,-3987099.5
479,604.0,-3987217.25
480,605.0,-3987307.5
481,606.0,-3987337.0
482,607.0,-3987363.75
483,609.0,-3988058.75
484,610.0,-3988100.75
485,611.0,-3989046.75
486,613.0,-3989145.25
487,614.0,-3989288.75
488,615.0,-3989302.5
489,616.0,-3989398.5
490,618.0,-3989944.5
491,619.0,-3990000.0
492,620.0,-3990723.25
493,622.0,-3990851.0
494,623.0,-3991002.0
495,624.0,-3991054.75
496,625.0,-3991136.5
497,627.0,-3991600.5
498,628.0,-3991876.25
499,629.0,-3992500.75
500,631.0,-3992628.25
501,632.0,-3992767.5
502,633.0,-3992856.0
503,634.0,-3992961.5
504,636.0,-3993342.5
505,637.0,-3993656.5
506,638.0,-3994179.5
507,640.0,-3994334.0
508,641.0,-3994456.5
509,642.0,-3994559.0
510,643.0,-3994657.25
511,644.0,-3994680.25
512,645.0,-3994743.0
513,647.0,-3995342.75
514,648.0,-3995359.75
515,649.0,-3996131.0
516,651.0,-3996244.25
517,652.0,-3996385.5
518,653.0,-3996431.0
519,654.0,-3996525.0
520,656.0,-3996998.0
521,657.0,-3997141.0
522,658.0,-3997777.0
523,660.0,-3997891.0
524,661.0,-3998023.75
525,662.0,-3998079.5
526,663.0,-3998181.5
527,665.0,-3998584.75
528,666.0,-3998808.75
529,667.0,-3999326.75
530,669.0,-3999453.5
531,670.0,-3999605.5
532,671.0,-3999686.5
533,672.0,-3999797.75
534,673.0,-3999811.75
535,674.0,-3999826.5
536,676.0,-4000441.0
537,677.0,-4000446.5
538,678.0,-4001267.75
539,680.0,-4001356.75
540,681.0,-4001485.25
541,682.0,-4001486.25
542,683.0,-4001567.25
543,685.0,-4002057.25
544,686.0,-4002084.0
545,687.0,-4002741.5
546,689.0,-4002827.25
547,690.0,-4002941.5
548,691.0,-4003011.0
549,692.0,-4003086.0
550,694.0,-4003510.0
551,695.0,-4003754.75
552,696.0,-4004350.25
553,698.0,-4004453.5
554,699.0,-4004572.0
555,700.0,-4004620.0
556,701.0,-4004726.5
557,703.0,-4005063.0
558,704.0,-4005264.75
559,705.0,-4005721.25
560,707.0,-4005849.5
561,708.0,-4005968.0
562,709.0,-4006058.5
563,710.0,-4006145.5
564,711.0,-4006172.25
565,712.0,-4006177.5
566,714.0,-4006733.25
567,715.0,-4006839.25
568,716.0,-4007574.0
569,718.0,-4007646.75
570,719.0,-4007782.25
571,720.0,-4007797.0
572,721.0,-4007895.0
573,723.0,-4008304.25
574,724.0,-4008325.75
575,725.0,-4008880.25
576,727.0,-4008987.25
577,728.0,-4009083.5
578,729.0,-4009149.75
579,730.0,-4009205.75
580,731.0,-4009207.5
581,733.0,-4009736.25
582,734.0,-4009950.75
583,735.0,-4010643.75
584,737.0,-4010730.5
585,738.0,-4010849.0
586,739.0,-4010860.75
587,740.0,-4010961.25
588,742.0,-4011335.75
589,743.0,-4011372.25
590,744.0,-4011876.25
591,746.0,-4011989.25
592,747.0,-4012083.5
593,748.0,-4012148.0
594,749.0,-4012218.25
595,750.0,-4012222.5
596,752.0,-4012696.5
597,753.0,-4012970.5
598,754.0,-4013612.5
599,756.0,-4013682.25
600,757.0,-4013814.5
601,758.0,-4013824.0
602,759.0,-4013940.25
603,761.0,-4014285.75
604,762.0,-4014340.0
605,763.0,-4014786.75
606,765.0,-4014887.75
607,766.0,-4014976.25
608,767.0,-4015056.0
609,768.0,-4015110.75
610,769.0,-4015137.75
611,771.0,-4015577.75
612,772.0,-4015755.5
613,773.0,-4016336.25
614,775.0,-4016414.5
615,776.0,-4016535.75
616,777.0,-4016555.75
617,778.0,-4016656.0
618,780.0,-4016974.25
619,781.0,-4017060.5
620,782.0,-4017502.5
621,784.0,-4017611.75
622,785.0,-4017715.5
623,786.0,-4017777.5
624,787.0,-4017839.25
625,789.0,-4018121.0
626,790.0,-4018437.0
627,791.0,-4018817.75
628,793.0,-4018937.5
629,794.0,-4019034.0
630,795.0,-4019117.25
631,796.0,-4019201.0
632,797.0,-4019205.0
633,798.0,-4019263.0
634,800.0,-4019672.25
635,802.0,-4019842.75
636,803.0,-4020016.75
637,804.0,-4020038.0
638,805.0,-4020238.5
639,807.0,-4020384.25
640,808.0,-4020473.75
641,809.0,-4020644.0
642,811.0,-4020773.5
643,812.0,-4020885.25
644,813.0,-4021029.5
645,814.0,-4021055.75
646,815.0,-4021212.25
647,817.0,-4021396.5
648,818.0,-4021487.0
649,819.0,-4021702.0
650,821.0,-4021816.0
651,822.0,-4021903.75
652,823.0,-4022037.75
653,824.0,-4022063.25
654,825.0,-4022185.5
655,827.0,-4022410.75
656,828.0,-4022515.5
657,829.0,-4022794.75
658,831.0,-4022903.0
659,832.0,-4022977.5
660,833.0,-4023080.75
661,834.0,-4023149.5
662,835.0,-4023222.25
663,837.0,-4023492.5
664,838.0,-4023677.75
665,839.0,-4024043.75
666,841.0,-4024129.5
667,842.0,-4024227.5
668,843.0,-4024281.75
669,844.0,-4024350.25
670,845.0,-4024361.5
671,846.0,-4024389.75
672,848.0,-4024810.25
673,849.0,-4024840.0
674,850.0,-4025404.25
675,852.0,-4025461.0
676,853.0,-4025558.5
677,854.0,-4025571.25
678,855.0,-4025641.0
679,857.0,-4025989.25
680,858.0,-4026023.5
681,859.0,-4026468.25
682,861.0,-4026543.75
683,862.0,-4026627.25
684,863.0,-4026680.5
685,864.0,-4026739.25
686,866.0,-4027006.75
687,867.0,-4027196.0
688,868.0,-4027572.75
689,870.0,-4027659.0
690,871.0,-4027767.5
691,872.0,-4027815.5
692,873.0,-4027895.25
693,875.0,-4028117.25
694,876.0,-4028302.25
695,877.0,-4028604.25
696,879.0,-4028699.5
697,880.0,-4028790.25
698,881.0,-4028863.5
699,882.0,-4028932.0
700,883.0,-4028949.75
701,884.0,-4028973.5
702,886.0,-4029349.0
703,887.0,-4029431.5
704,888.0,-4029923.75
705,890.0,-4029966.25
706,891.0,-4030062.25
707,892.0,-4030080.5
708,893.0,-4030150.5
709,895.0,-4030440.0
710,896.0,-4030535.5
711,897.0,-4030905.0
712,899.0,-4030965.75
713,900.0,-4031031.25
714,901.0,-4031100.0
715,902.0,-4031156.5
716,904.0,-4031406.0
717,905.0,-4031606.0
718,906.0,-4031934.75
719,908.0,-4032035.5
720,909.0,-4032118.0
721,910.0,-4032163.0
722,911.0,-4032238.5
723,912.0,-4032251.5
724,913.0,-4032272.25
725,915.0,-4032646.0
726,917.0,-4032791.75
727,918.0,-4032930.25
728,919.0,-4032963.25
729,920.0,-4033132.25
730,922.0,-4033255.25
731,923.0,-4033317.5
732,924.0,-4033460.0
733,926.0,-4033572.75
734,927.0,-4033649.25
735,928.0,-4033764.5
736,929.0,-4033782.25
737,930.0,-4033919.75
738,932.0,-4034077.75
739,933.0,-4034150.5
740,934.0,-4034327.25
741,936.0,-4034429.5
742,937.0,-4034511.25
743,938.0,-4034618.0
744,939.0,-4034630.25
745,940.0,-4034740.25
746,942.0,-4034943.0
747,943.0,-4034997.25
748,944.0,-4035231.5
749,946.0,-4035327.0
750,947.0,-4035395.25
751,948.0,-4035469.0
752,949.0,-4035505.5
753,950.0,-4035568.75
754,952.0,-4035796.75
755,953.0,-4035936.0
756,954.0,-4036258.0
757,956.0,-4036328.75
758,957.0,-4036412.75
759,958.0,-4036460.25
760,959.0,-4036517.5
761,961.0,-4036715.75
762,962.0,-4036939.25
763,963.0,-4037204.5
764,965.0,-4037281.25
765,966.0,-4037377.0
766,967.0,-4037437.5
767,968.0,-4037511.25
768,969.0,-4037514.75
769,970.0,-4037561.25
770,972.0,-4037870.0
771,973.0,-4037901.25
772,974.0,-4038285.25
773,976.0,-4038343.75
774,977.0,-4038419.0
775,978.0,-4038464.75
776,979.0,-4038516.0
777,981.0,-4038751.5
778,982.0,-4038886.0
779,983.0,-4039211.0
780,985.0,-4039269.75
781,986.0,-4039361.5
782,987.0,-4039407.25
783,988.0,-4039466.0
784,990.0,-4039673.0
785,991.0,-4039812.75
786,992.0,-4040077.0
787,994.0,-4040150.0
788,995.0,-4040220.5
789,996.0,-4040285.75
790,997.0,-4040335.5
791,998.0,-4040352.25
792,999.0,-4040382.0
793,1001.0,-4040703.75
794,1002.0,-4040752.0
795,1003.0,-4041173.75
796,1005.0,-4041232.5
797,1006.0,-4041314.5
798,1007.0,-4041320.25
799,1008.0,-4041379.5
800,1010.0,-4041634.75
801,1011.0,-4041674.75
802,1012.0,-4041997.0
803,1014.0,-4042067.0
804,1015.0,-4042122.75
805,1016.0,-4042169.75
806,1017.0,-4042197.25
807,1019.0,-4042416.5
808,1020.0,-4042645.0
809,1021.0,-4042935.25
810,1023.0,-4042991.0
811,1024.0,-4043067.5
812,1025.0,-4043120.25
813,1026.0,-4043203.75
814,1028.0,-4043374.25
815,1029.0,-4043481.75
816,1030.0,-4043712.5
817,1032.0,-4043787.0
818,1033.0,-4043844.0
819,1034.0,-4043911.0
820,1035.0,-4043957.0
821,1036.0,-4044000.75
822,1037.0,-4044002.0
823,1039.0,-4044278.75
824,1040.0,-4044459.75
825,1041.0,-4044830.25
826,1043.0,-4044887.25
827,1044.0,-4044964.0
828,1045.0,-4044983.75
829,1046.0,-4045053.5
830,1048.0,-4045256.75
831,1049.0,-4045289.5
832,1050.0,-4045549.5
833,1052.0,-4045621.0
834,1053.0,-4045670.0
835,1054.0,-4045736.75
836,1055.0,-4045771.0
837,1056.0,-4045779.75
838,1058.0,-4046041.25
839,1059.0,-4046180.0
840,1060.0,-4046513.0
841,1062.0,-4046574.5
842,1063.0,-4046663.25
843,1064.0,-4046677.0
844,1065.0,-4046725.0
845,1067.0,-4046923.0
846,1068.0,-4047024.25
847,1069.0,-4047280.75
848,1071.0,-4047349.0
849,1072.0,-4047412.5
850,1073.0,-4047454.0
851,1074.0,-4047491.5
852,1075.0,-4047493.5
853,1076.0,-4047510.5
854,1078.0,-4047821.0
855,1080.0,-4047945.0
856,1081.0,-4048067.75
857,1082.0,-4048073.5
858,1083.0,-4048213.25
859,1085.0,-4048313.75
860,1086.0,-4048360.75
861,1087.0,-4048482.25
862,1089.0,-4048564.75
863,1090.0,-4048619.75
864,1091.0,-4048732.75
865,1092.0,-4048746.0
866,1093.0,-4048852.25
867,1095.0,-4048976.25
868,1096.0,-4049015.0
869,1097.0,-4049159.75
870,1099.0,-4049257.0
871,1100.0,-4049302.5
872,1101.0,-4049386.5
873,1102.0,-4049400.0
874,1103.0,-4049491.75
875,1105.0,-4049650.0
876,1106.0,-4049687.75
877,1107.0,-4049881.25
878,1109.0,-4049952.0
879,1110.0,-4050023.5
880,1111.0,-4050087.5
881,1112.0,-4050114.75
882,1113.0,-4050157.5
883,1115.0,-4050355.0
884,1116.0,-4050470.0
885,1117.0,-4050734.5
886,1119.0,-4050781.0
887,1120.0,-4050846.5
888,1121.0,-4050886.75
889,1122.0,-4050928.5
890,1124.0,-4051087.0
891,1125.0,-4051227.5
892,1126.0,-4051437.75
893,1128.0,-4051502.5
894,1129.0,-4051561.5
895,1130.0,-4051622.25
896,1131.0,-4051670.0
897,1132.0,-4051688.5
898,1133.0,-4051695.25
899,1135.0,-4051961.5
900,1136.0,-4052016.5
901,1137.0,-4052369.5
902,1139.0,-4052419.25
903,1140.0,-4052499.75
904,1141.0,-4052511.5
905,1142.0,-4052567.25
906,1144.0,-4052755.75
907,1145.0,-4052797.75
908,1146.0,-4053049.25
909,1148.0,-4053110.25
910,1149.0,-4053153.75
911,1150.0,-4053204.25
912,1151.0,-4053227.25
913,1152.0,-4053244.0
914,1154.0,-4053495.0
915,1155.0,-4053602.25
916,1156.0,-4053924.25
917,1158.0,-4053968.5
918,1159.0,-4054033.75
919,1160.0,-4054050.25
920,1161.0,-4054093.25
921,1163.0,-4054277.25
922,1164.0,-4054342.5
923,1165.0,-4054587.75
924,1167.0,-4054632.75
925,1168.0,-4054696.0
926,1169.0,-4054745.5
927,1170.0,-4054786.0
928,1172.0,-4054949.5
929,1173.0,-4055105.25
930,1174.0,-4055310.0
931,1176.0,-4055365.75
932,1177.0,-4055440.0
933,1178.0,-4055478.5
934,1179.0,-4055523.75
935,1180.0,-4055538.25
936,1181.0,-4055555.0
937,1183.0,-4055799.25
938,1184.0,-4055830.75
939,1185.0,-4056156.25
940,1187.0,-4056189.5
941,1188.0,-4056254.5
942,1189.0,-4056268.0
943,1190.0,-4056314.5
944,1192.0,-4056508.25
945,1193.0,-4056549.25
946,1194.0,-4056800.75
947,1196.0,-4056847.5
948,1197.0,-4056895.25
949,1198.0,-4056936.0
950,1199.0,-4056959.75
951,1200.0,-4056960.25
952,1202.0,-4057201.25
953,1203.0,-4057333.25
954,1204.0,-4057655.0
955,1206.0,-4057701.25
956,1207.0,-4057777.5
957,1208.0,-4057788.0
958,1209.0,-4057832.5
959,1211.0,-4058004.0
960,1212.0,-4058052.25
961,1213.0,-4058296.0
962,1215.0,-4058346.5
963,1216.0,-4058395.25
964,1217.0,-4058422.5
965,1218.0,-4058459.25
966,1219.0,-4058467.75
967,1221.0,-4058690.75
968,1222.0,-4058890.0
969,1223.0,-4059185.25
970,1225.0,-4059223.25
971,1226.0,-4059288.75
972,1227.0,-4059291.5
973,1228.0,-4059370.25
974,1230.0,-4059515.25
975,1231.0,-4059526.5
976,1232.0,-4059739.25
977,1234.0,-4059799.25
978,1235.0,-4059834.5
979,1236.0,-4059886.5
980,1237.0,-4059922.0
981,1238.0,-4059944.75
982,1240.0,-4060128.5
983,1241.0,-4060223.75
984,1242.0,-4060472.75
985,1244.0,-4060516.25
986,1245.0,-4060564.75
987,1246.0,-4060600.75
988,1247.0,-4060635.25
989,1249.0,-4060798.25
990,1250.0,-4060907.75
991,1251.0,-4061125.5
992,1253.0,-4061169.0
993,1254.0,-4061228.5
994,1255.0,-4061262.5
995,1256.0,-4061318.0
996,1258.0,-4061439.5
997,1259.0,-4061564.0
998,1260.0,-4061728.75
999,1262.0,-4061777.75
1000,1263.0,-4061843.0
1001,1264.0,-4061884.75
1002,1265.0,-4061919.5
1003,1266.0,-4061935.0
1004,1267.0,-4061948.5
1005,1269.0,-4062163.5
1006,1270.0,-4062282.5
1007,1271.0,-4062566.25
1008,1273.0,-4062598.75
1009,1274.0,-4062658.0
1010,1275.0,-4062682.5
1011,1276.0,-4062730.25
1012,1278.0,-4062881.75
1013,1279.0,-4062917.75
1014,1280.0,-4063109.25
1015,1282.0,-4063161.25
1016,1283.0,-4063197.0
1017,1284.0,-4063248.0
1018,1285.0,-4063264.25
1019,1286.0,-4063291.5
1020,1288.0,-4063494.0
1021,1289.0,-4063585.0
1022,1290.0,-4063839.0
1023,1292.0,-4063882.75
1024,1293.0,-4063936.75
1025,1294.0,-4063952.0
1026,1295.0,-4064003.25
1027,1297.0,-4064154.75
1028,1298.0,-4064260.0
1029,1299.0,-4064468.0
1030,1301.0,-4064507.25
1031,1302.0,-4064537.0
1032,1303.0,-4064581.25
1033,1304.0,-4064618.25
1034,1306.0,-4064746.75
1035,1307.0,-4064870.5
1036,1308.0,-4065024.25
1037,1310.0,-4065091.0
1038,1311.0,-4065152.25
1039,1312.0,-4065190.5
1040,1313.0,-4065226.25
1041,1314.0,-4065246.5
1042,1315.0,-4065261.5
1043,1317.0,-4065446.25
1044,1318.0,-4065555.75
1045,1319.0,-4065820.5
1046,1321.0,-4065848.25
1047,1322.0,-4065924.0
1048,1323.0,-4065933.75
1049,1324.0,-4065975.75
1050,1326.0,-4066121.25
1051,1327.0,-4066156.25
1052,1328.0,-4066347.5
1053,1330.0,-4066398.0
1054,1331.0,-4066438.5
1055,1332.0,-4066482.25
1056,1333.0,-4066511.5
1057,1334.0,-4066536.75
1058,1336.0,-4066720.0
1059,1337.0,-4066819.0
1060,1338.0,-4067058.75
1061,1340.0,-4067091.5
1062,1341.0,-4067149.75
1063,1342.0,-4067173.5
1064,1343.0,-4067217.0
1065,1345.0,-4067352.25
1066,1346.0,-4067438.75
1067,1347.0,-4067633.25
1068,1349.0,-4067679.25
1069,1350.0,-4067732.0
1070,1351.0,-4067756.0
1071,1352.0,-4067792.5
1072,1353.0,-4067798.0
1073,1354.0,-4067820.0
1074,1356.0,-4068043.75
1075,1358.0,-4068134.5
1076,1359.0,-4068213.5
1077,1360.0,-4068227.5
1078,1361.0,-4068323.5
1079,1363.0,-4068391.5
1080,1364.0,-4068441.75
1081,1365.0,-4068518.0
1082,1367.0,-4068583.25
1083,1368.0,-4068635.25
1084,1369.0,-4068710.75
1085,1370.0,-4068723.0
1086,1371.0,-4068813.25
1087,1373.0,-4068902.75
1088,1374.0,-4068927.75
1089,1375.0,-4069034.5
1090,1377.0,-4069108.75
1091,1378.0,-4069152.75
1092,1379.0,-4069202.75
1093,1380.0,-4069222.5
1094,1381.0,-4069272.25
1095,1383.0,-4069387.25
1096,1384.0,-4069449.5
1097,1385.0,-4069595.75
1098,1387.0,-4069665.5
1099,1388.0,-4069703.25
1100,1389.0,-4069741.0
1101,1390.0,-4069773.5
1102,1391.0,-4069794.25
1103,1392.0,-4069797.5
1104,1394.0,-4069989.75
1105,1395.0,-4070106.5
1106,1396.0,-4070356.5
1107,1398.0,-4070397.0
1108,1399.0,-4070458.25
1109,1400.0,-4070474.75
1110,1401.0,-4070518.75
1111,1403.0,-4070656.5
1112,1404.0,-4070678.5
1113,1405.0,-4070875.25
1114,1407.0,-4070939.5
1115,1408.0,-4070985.0
1116,1409.0,-4071026.0
1117,1410.0,-4071064.25
1118,1412.0,-4071187.25
1119,1413.0,-4071304.75
1120,1414.0,-4071483.5
1121,1416.0,-4071524.25
1122,1417.0,-4071566.0
1123,1418.0,-4071601.25
1124,1419.0,-4071641.75
1125,1420.0,-4071655.0
1126,1421.0,-4071687.5
1127,1423.0,-4071878.0
1128,1424.0,-4071903.5
1129,1425.0,-4072171.25
1130,1427.0,-4072201.75
1131,1428.0,-4072253.0
1132,1429.0,-4072256.75
1133,1430.0,-4072290.0
1134,1432.0,-4072444.5
1135,1433.0,-4072480.0
1136,1434.0,-4072667.75
1137,1436.0,-4072700.25
1138,1437.0,-4072740.0
1139,1438.0,-4072778.5
1140,1439.0,-4072815.5
1141,1440.0,-4072821.75
1142,1442.0,-4073005.5
1143,1443.0,-4073101.5
1144,1444.0,-4073339.0
1145,1446.0,-4073375.75
1146,1447.0,-4073423.0
1147,1448.0,-4073440.75
1148,1449.0,-4073480.25
1149,1451.0,-4073612.0
1150,1452.0,-4073662.0
1151,1453.0,-4073846.5
1152,1455.0,-4073887.75
1153,1456.0,-4073940.0
1154,1457.0,-4073960.5
1155,1458.0,-4073995.0
1156,1459.0,-4074001.75
1157,1460.0,-4074027.75
1158,1462.0,-4074244.5
1159,1464.0,-4074317.5
1160,1465.0,-4074388.25
1161,1466.0,-4074395.75
1162,1467.0,-4074487.75
1163,1469.0,-4074557.0
1164,1470.0,-4074601.25
1165,1471.0,-4074684.75
1166,1473.0,-4074742.0
1167,1474.0,-4074796.0
1168,1475.0,-4074856.5
1169,1476.0,-4074860.0
1170,1477.0,-4074940.75
1171,1479.0,-4075040.5
1172,1480.0,-4075062.5
1173,1481.0,-4075167.75
1174,1483.0,-4075221.25
1175,1484.0,-4075256.25
1176,1485.0,-4075313.0
1177,1486.0,-4075328.0
1178,1487.0,-4075373.0
1179,1489.0,-4075472.0
1180,1490.0,-4075532.75
1181,1491.0,-4075679.25
1182,1493.0,-4075728.25
1183,1494.0,-4075762.75
1184,1495.0,-4075796.0
1185,1496.0,-4075817.75
1186,1497.0,-4075850.0
1187,1499.0,-4075984.0
1188,1500.0,-4076097.25
1189,1501.0,-4076286.5
1190,1503.0,-4076337.5
1191,1504.0,-4076387.0
1192,1505.0,-4076414.0
1193,1506.0,-4076444.75
1194,1508.0,-4076552.75
1195,1509.0,-4076608.5
1196,1510.0,-4076741.0
1197,1512.0,-4076799.25
1198,1513.0,-4076843.0
1199,1514.0,-4076886.25
1200,1515.0,-4076909.25
1201,1516.0,-4076927.25
1202,1517.0,-4076941.75
1203,1519.0,-4077122.25
1204,1520.0,-4077233.75
1205,1521.0,-4077483.5
1206,1523.0,-4077516.0
1207,1524.0,-4077577.5
1208,1525.0,-4077579.5
1209,1526.0,-4077633.5
1210,1528.0,-4077754.75
1211,1529.0,-4077765.5
1212,1530.0,-4077924.25
1213,1532.0,-4077978.25
1214,1533.0,-4078011.25
1215,1534.0,-4078033.5
1216,1535.0,-4078056.0
1217,1536.0,-4078082.75
1218,1538.0,-4078236.25
1219,1539.0,-4078283.0
1220,1540.0,-4078486.25
1221,1542.0,-4078506.0
1222,1543.0,-4078555.5
1223,1544.0,-4078580.25
1224,1545.0,-4078612.0
1225,1547.0,-4078746.0
1226,1548.0,-4078826.0
1227,1549.0,-4078991.75
1228,1551.0,-4079042.75
1229,1552.0,-4079088.0
1230,1553.0,-4079111.25
1231,1554.0,-4079139.75
1232,1556.0,-4079241.25
1233,1557.0,-4079333.75
1234,1558.0,-4079462.75
1235,1560.0,-4079511.25
1236,1561.0,-4079548.75
1237,1562.0,-4079588.5
1238,1563.0,-4079623.25
1239,1564.0,-4079645.25
1240,1565.0,-4079650.25
1241,1567.0,-4079820.75
1242,1568.0,-4079932.75
1243,1569.0,-4080155.25
1244,1571.0,-4080175.75
1245,1572.0,-4080220.25
1246,1573.0,-4080234.5
1247,1574.0,-4080270.5
1248,1576.0,-4080391.25
1249,1577.0,-4080412.75
1250,1578.0,-4080564.25
1251,1580.0,-4080622.5
1252,1581.0,-4080642.0
1253,1582.0,-4080682.25
1254,1583.0,-4080699.5
1255,1584.0,-4080727.25
1256,1586.0,-4080880.25
1257,1587.0,-4080922.75
1258,1588.0,-4081126.75
1259,1590.0,-4081163.5
1260,1591.0,-4081193.5
1261,1592.0,-4081206.25
1262,1593.0,-4081237.75
1263,1595.0,-4081361.5
1264,1596.0,-4081444.0
1265,1597.0,-4081601.0
1266,1599.0,-4081646.25
1267,1600.0,-4081684.25
1268,1601.0,-4081714.5
1269,1602.0,-4081747.25
1270,1604.0,-4081837.75
1271,1605.0,-4081925.5
1272,1606.0,-4082064.5
1273,1608.0,-4082096.5
1274,1609.0,-4082137.5
1275,1610.0,-4082170.0
1276,1611.0,-4082201.75
1277,1612.0,-4082219.5
1278,1614.0,-4082334.0
1279,1615.0,-4082498.0
1280,1616.0,-4082650.5
1281,1618.0,-4082697.25
1282,1619.0,-4082739.5
1283,1620.0,-4082761.0
1284,1621.0,-4082804.75
1285,1623.0,-4082879.25
1286,1624.0,-4082985.5
1287,1625.0,-4083100.5
1288,1627.0,-4083141.0
1289,1628.0,-4083181.75
1290,1629.0,-4083230.75
1291,1630.0,-4083258.0
1292,1631.0,-4083274.75
1293,1632.0,-4083290.0
1294,1634.0,-4083436.0
1295,1635.0,-4083495.75
1296,1636.0,-4083676.25
1297,1638.0,-4083723.25
1298,1639.0,-4083746.75
1299,1640.0,-4083769.0
1300,1641.0,-4083804.0
1301,1643.0,-4083914.75
1302,1644.0,-4083978.75
1303,1645.0,-4084126.75
1304,1647.0,-4084163.75
1305,1648.0,-4084212.25
1306,1649.0,-4084236.25
1307,1650.0,-4084261.0
1308,1652.0,-4084360.25
1309,1653.0,-4084432.75
1310,1654.0,-4084557.75
1311,1656.0,-4084600.75
1312,1657.0,-4084638.25
1313,1658.0,-4084668.25
1314,1659.0,-4084704.75
1315,1660.0,-4084717.5
1316,1661.0,-4084729.0
1317,1663.0,-4084876.5
1318,1664.0,-4084968.75
1319,1665.0,-4085170.75
1320,1667.0,-4085198.5
1321,1668.0,-4085236.0
1322,1669.0,-4085248.0
1323,1670.0,-4085284.25
1324,1672.0,-4085401.5
1325,1673.0,-4085419.75
1326,1674.0,-4085567.0
1327,1676.0,-4085610.5
1328,1677.0,-4085636.25
1329,1678.0,-4085685.75
1330,1679.0,-4085689.25
1331,1680.0,-4085708.25
1332,1682.0,-4085855.75
1333,1683.0,-4085883.5
1334,1684.0,-4086064.5
1335,1686.0,-4086104.75
1336,1687.0,-4086152.75
1337,1688.0,-4086168.5
1338,1689.0,-4086200.75
1339,1691.0,-4086312.5
1340,1692.0,-4086377.5
1341,1693.0,-4086513.0
1342,1695.0,-4086554.75
1343,1696.0,-4086593.0
1344,1697.0,-4086615.75
1345,1698.0,-4086654.75
1346,1699.0,-4086662.5
1347,1700.0,-4086680.75
1348,1702.0,-4086842.75
1349,1704.0,-4086891.25
1350,1705.0,-4086962.75
1351,1706.0,-4086981.5
1352,1707.0,-4087054.25
1353,1709.0,-4087109.75
1354,1710.0,-4087146.5
1355,1711.0,-4087211.5
1356,1713.0,-4087248.0
1357,1714.0,-4087290.0
1358,1715.0,-4087346.75
1359,1716.0,-4087364.5
1360,1717.0,-4087416.0
1361,1719.0,-4087489.5
1362,1720.0,-4087518.25
1363,1721.0,-4087599.5
1364,1723.0,-4087645.75
1365,1724.0,-4087682.0
1366,1725.0,-4087722.0
1367,1726.0,-4087732.0
1368,1727.0,-4087777.5
1369,1729.0,-4087868.75
1370,1730.0,-4087912.0
1371,1731.0,-4088032.0
1372,1733.0,-4088086.0
1373,1734.0,-4088119.5
1374,1735.0,-4088158.25
1375,1736.0,-4088179.75
1376,1737.0,-4088184.25
1377,1738.0,-4088192.75
1378,1740.0,-4088349.75
1379,1741.0,-4088398.25
1380,1742.0,-4088600.25
1381,1744.0,-4088634.5
1382,1745.0,-4088678.25
1383,1746.0,-4088684.75
1384,1747.0,-4088710.5
1385,1749.0,-4088828.5
1386,1750.0,-4088860.0
1387,1751.0,-4089013.75
1388,1753.0,-4089051.5
1389,1754.0,-4089091.75
1390,1755.0,-4089114.75
1391,1756.0,-4089142.0
1392,1758.0,-4089241.75
1393,1759.0,-4089303.0
1394,1760.0,-4089438.25
1395,1762.0,-4089461.25
1396,1763.0,-4089511.75
1397,1764.0,-4089535.0
1398,1765.0,-4089566.75
1399,1767.0,-4089653.75
1400,1768.0,-4089759.5
1401,1769.0,-4089863.0
1402,1771.0,-4089916.75
1403,1772.0,-4089957.0
1404,1773.0,-4089991.25
1405,1774.0,-4090031.0
1406,1775.0,-4090039.25
1407,1776.0,-4090062.5
1408,1778.0,-4090190.0
1409,1779.0,-4090207.0
1410,1780.0,-4090369.25
1411,1782.0,-4090404.75
1412,1783.0,-4090435.75
1413,1784.0,-4090448.5
1414,1785.0,-4090488.25
1415,1787.0,-4090595.5
1416,1788.0,-4090685.5
1417,1789.0,-4090836.75
1418,1791.0,-4090867.25
1419,1792.0,-4090910.5
1420,1793.0,-4090936.0
1421,1794.0,-4090962.25
1422,1796.0,-4091038.0
1423,1797.0,-4091099.0
1424,1798.0,-4091199.0
1425,1800.0,-4091242.5
1426,1801.0,-4091283.75
1427,1802.0,-4091308.5
1428,1803.0,-4091331.5
1429,1804.0,-4091353.75
1430,1805.0,-4091357.25
1431,1806.0,-4091364.0
1432,1808.0,-4091553.25
1433,1810.0,-4091612.5
1434,1811.0,-4091685.5
1435,1813.0,-4091725.75
1436,1814.0,-4091747.25
1437,1815.0,-4091788.75
1438,1816.0,-4091810.0
1439,1817.0,-4091849.25
1440,1818.0,-4091851.75
1441,1819.0,-4091879.0
1442,1821.0,-4091991.0
1443,1822.0,-4092023.0
1444,1823.0,-4092181.25
1445,1825.0,-4092218.5
1446,1826.0,-4092249.0
1447,1827.0,-4092265.75
1448,1828.0,-4092287.25
1449,1829.0,-4092292.5
1450,1831.0,-4092428.5
1451,1832.0,-4092498.75
1452,1833.0,-4092675.0
1453,1835.0,-4092706.25
1454,1836.0,-4092748.75
1455,1837.0,-4092752.5
1456,1838.0,-4092792.5
1457,1840.0,-4092892.25
1458,1841.0,-4092927.5
1459,1842.0,-4093068.75
1460,1844.0,-4093102.75
1461,1845.0,-4093136.25
1462,1846.0,-4093155.0
1463,1847.0,-4093190.5
1464,1849.0,-4093278.25
1465,1850.0,-4093351.75
1466,1851.0,-4093474.75
1467,1853.0,-4093521.25
1468,1854.0,-4093550.75
1469,1855.0,-4093578.75
1470,1856.0,-4093606.75
1471,1857.0,-4093620.5
1472,1858.0,-4093630.5
1473,1860.0,-4093773.75
1474,1862.0,-4093824.5
1475,1863.0,-4093878.25
1476,1864.0,-4093888.75
1477,1865.0,-4093954.75
1478,1867.0,-4094005.0
1479,1868.0,-4094034.25
1480,1869.0,-4094099.0
1481,1871.0,-4094131.5
1482,1872.0,-4094176.5
1483,1873.0,-4094237.5
1484,1874.0,-4094240.5
1485,1875.0,-4094312.25
1486,1877.0,-4094359.0
1487,1878.0,-4094384.75
1488,1879.0,-4094453.0
1489,1881.0,-4094499.75
1490,1882.0,-4094532.25
1491,1883.0,-4094581.0
1492,1884.0,-4094594.75
1493,1885.0,-4094641.0
1494,1887.0,-4094709.75
1495,1888.0,-4094742.75
1496,1889.0,-4094833.5
1497,1891.0,-4094863.5
1498,1892.0,-4094887.5
1499,1893.0,-4094933.75
1500,1894.0,-4094943.5
1501,1895.0,-4094980.25
1502,1897.0,-4095060.5
1503,1898.0,-4095104.75
1504,1899.0,-4095208.75
1505,1901.0,-4095237.25
1506,1902.0,-4095264.0
1507,1903.0,-4095294.25
1508,1904.0,-4095307.0
1509,1905.0,-4095325.75
1510,1907.0,-4095432.75
1511,1908.0,-4095487.75
1512,1909.0,-4095617.25
1513,1911.0,-4095657.25
1514,1912.0,-4095687.5
1515,1913.0,-4095721.5
1516,1914.0,-4095736.0
1517,1915.0,-4095745.25
1518,1917.0,-4095865.5
1519,1918.0,-4095976.5
1520,1919.0,-4096147.75
1521,1921.0,-4096176.5
1522,1922.0,-4096217.25
1523,1923.0,-4096226.75
1524,1924.0,-4096260.75
1525,1926.0,-4096348.75
1526,1927.0,-4096389.75
1527,1928.0,-4096512.75
1528,1930.0,-4096551.0
1529,1931.0,-4096577.25
1530,1932.0,-4096605.0
1531,1933.0,-4096621.75
1532,1934.0,-4096622.0
1533,1935.0,-4096625.75
1534,1937.0,-4096775.75
1535,1938.0,-4096794.5
1536,1939.0,-4096996.75
1537,1941.0,-4097015.0
1538,1942.0,-4097044.0
1539,1943.0,-4097045.0
1540,1944.0,-4097068.25
1541,1946.0,-4097181.0
1542,1947.0,-4097198.25
1543,1948.0,-4097354.0
1544,1950.0,-4097365.75
1545,1951.0,-4097411.75
1546,1952.0,-4097432.0
1547,1953.0,-4097448.5
1548,1955.0,-4097559.5
1549,1956.0,-4097604.0
1550,1957.0,-4097740.75
1551,1959.0,-4097786.0
1552,1960.0,-4097810.75
1553,1961.0,-4097828.0
1554,1962.0,-4097864.5
1555,1964.0,-4097944.25
1556,1965.0,-4098023.25
1557,1966.0,-4098147.5
1558,1968.0,-4098181.0
1559,1969.0,-4098225.75
1560,1970.0,-4098243.25
1561,1971.0,-4098283.75
1562,1973.0,-4098347.0
1563,1974.0,-4098414.0
1564,1975.0,-4098508.0
1565,1977.0,-4098532.75
1566,1978.0,-4098561.5
1567,1979.0,-4098599.75
1568,1980.0,-4098621.25
1569,1981.0,-4098644.25
1570,1983.0,-4098723.5
1571,1984.0,-4098847.75
1572,1985.0,-4098944.25
1573,1987.0,-4098975.75
1574,1988.0,-4099015.25
1575,1989.0,-4099039.5
1576,1990.0,-4099067.5
1577,1991.0,-4099086.5
1578,1992.0,-4099091.75
1579,1994.0,-4099211.75
1580,1995.0,-4099252.75
1581,1996.0,-4099415.5
1582,1998.0,-4099430.75
1583,1999.0,-4099458.75
1584,2000.0,-4099472.25
1585,2001.0,-4099500.5
1586,2003.0,-4099588.75
1587,2004.0,-4099634.75
1588,2005.0,-4099762.25
1589,2007.0,-4099786.5
1590,2008.0,-4099822.25
1591,2009.0,-4099834.5
1592,2010.0,-4099841.5
1593,2011.0,-4099852.0
1594,2013.0,-4099966.75
1595,2014.0,-4100059.5
1596,2015.0,-4100217.5
1597,2017.0,-4100242.5
1598,2018.0,-4100280.25
1599,2019.0,-4100290.25
1600,2020.0,-4100317.25
1601,2022.0,-4100406.25
1602,2023.0,-4100447.5
1603,2024.0,-4100562.0
1604,2026.0,-4100606.25
1605,2027.0,-4100638.5
1606,2028.0,-4100671.0
1607,2029.0,-4100688.25
1608,2031.0,-4100769.25
1609,2032.0,-4100825.5
1610,2033.0,-4100923.0
1611,2035.0,-4100954.75
1612,2036.0,-4100986.75
1613,2037.0,-4101017.25
1614,2038.0,-4101056.0
1615,2039.0,-4101062.25
1616,2040.0,-4101074.0
1617,2042.0,-4101187.25
1618,2043.0,-4101239.5
1619,2044.0,-4101403.75
1620,2046.0,-4101427.75
1621,2047.0,-4101448.25
1622,2048.0,-4101456.0
1623,2049.0,-4101478.25
1624,2051.0,-4101573.75
1625,2052.0,-4101601.25
1626,2053.0,-4101729.5
1627,2055.0,-4101757.25
1628,2056.0,-4101788.0
1629,2057.0,-4101812.5
1630,2058.0,-4101826.75
1631,2059.0,-4101843.25
1632,2061.0,-4101952.0
1633,2062.0,-4102007.5
1634,2063.0,-4102164.5
1635,2065.0,-4102184.5
1636,2066.0,-4102214.5
1637,2067.0,-4102232.25
1638,2068.0,-4102256.5
1639,2070.0,-4102350.5
1640,2071.0,-4102389.75
1641,2072.0,-4102504.25
1642,2074.0,-4102538.75
1643,2075.0,-4102560.75
1644,2076.0,-4102582.0
1645,2077.0,-4102605.0
1646,2078.0,-4102612.25
1647,2080.0,-4102725.0
1648,2081.0,-4102875.25
1649,2082.0,-4103025.75
1650,2084.0,-4103040.25
1651,2085.0,-4103079.75
1652,2087.0,-4103120.75
1653,2088.0,-4103166.75
1654,2089.0,-4103218.75
1655,2090.0,-4103233.0
1656,2091.0,-4103285.5
1657,2093.0,-4103337.25
1658,2094.0,-4103352.0
1659,2095.0,-4103407.5
1660,2097.0,-4103455.5
1661,2098.0,-4103491.25
1662,2099.0,-4103541.0
1663,2100.0,-4103547.75
1664,2101.0,-4103602.0
1665,2103.0,-4103657.75
1666,2104.0,-4103659.75
1667,2105.0,-4103728.5
1668,2107.0,-4103755.75
1669,2108.0,-4103786.0
1670,2109.0,-4103824.5
1671,2110.0,-4103841.5
1672,2111.0,-4103890.0
1673,2113.0,-4103956.0
1674,2114.0,-4103968.0
1675,2115.0,-4104077.25
1676,2117.0,-4104096.25
1677,2118.0,-4104126.75
1678,2119.0,-4104151.75
1679,2120.0,-4104159.75
1680,2121.0,-4104182.25
1681,2123.0,-4104279.5
1682,2124.0,-4104328.25
1683,2125.0,-4104466.0
1684,2127.0,-4104498.5
1685,2128.0,-4104535.75
1686,2129.0,-4104548.0
1687,2130.0,-4104571.5
1688,2132.0,-4104641.75
1689,2133.0,-4104678.0
1690,2134.0,-4104789.75
1691,2136.0,-4104822.5
1692,2137.0,-4104836.0
1693,2138.0,-4104869.25
1694,2139.0,-4104897.0
1695,2140.0,-4104911.75
1696,2142.0,-4105002.25
1697,2143.0,-4105071.0
1698,2144.0,-4105197.0
1699,2146.0,-4105222.0
1700,2147.0,-4105259.75
1701,2149.0,-4105290.0
1702,2150.0,-4105371.25
1703,2151.0,-4105420.0
1704,2152.0,-4105450.75
1705,2153.0,-4105525.75
1706,2155.0,-4105558.25
1707,2156.0,-4105583.75
1708,2157.0,-4105620.25
1709,2159.0,-4105661.0
1710,2160.0,-4105704.25
1711,2161.0,-4105753.0
1712,2162.0,-4105764.0
1713,2163.0,-4105819.5
1714,2165.0,-4105864.0
1715,2166.0,-4105887.5
1716,2167.0,-4105933.25
1717,2169.0,-4105971.75
1718,2170.0,-4105995.25
1719,2171.0,-4106041.5
1720,2173.0,-4106079.25
1721,2174.0,-4106113.75
1722,2175.0,-4106141.25
1723,2176.0,-4106145.75
1724,2177.0,-4106192.75
1725,2179.0,-4106246.25
1726,2180.0,-4106294.5
1727,2181.0,-4106350.5
1728,2183.0,-4106384.5
1729,2184.0,-4106399.5
1730,2185.0,-4106437.25
1731,2186.0,-4106458.5
1732,2187.0,-4106479.75
1733,2188.0,-4106486.5
1734,2189.0,-4106506.25
1735,2191.0,-4106622.75
1736,2193.0,-4106655.0
1737,2194.0,-4106703.75
1738,2195.0,-4106719.75
1739,2196.0,-4106771.25
1740,2198.0,-4106808.75
1741,2199.0,-4106835.25
1742,2200.0,-4106864.0
1743,2201.0,-4106873.75
1744,2202.0,-4106930.25
1745,2204.0,-4106980.5
1746,2205.0,-4106994.5
1747,2206.0,-4107076.25
1748,2208.0,-4107108.25
1749,2209.0,-4107118.0
1750,2210.0,-4107157.25
1751,2212.0,-4107195.75
1752,2213.0,-4107238.5
1753,2214.0,-4107294.75
1754,2216.0,-4107322.75
1755,2217.0,-4107343.0
1756,2218.0,-4107378.25
1757,2219.0,-4107416.25
1758,2220.0,-4107444.75
1759,2221.0,-4107451.0
1760,2222.0,-4107472.5
1761,2224.0,-4107565.0
1762,2225.0,-4107578.5
1763,2226.0,-4107708.0
1764,2228.0,-4107738.0
1765,2229.0,-4107746.5
1766,2230.0,-4107765.25
1767,2231.0,-4107775.0
1768,2233.0,-4107857.5
1769,2234.0,-4107919.75
1770,2235.0,-4108028.5
1771,2237.0,-4108060.0
1772,2238.0,-4108092.25
1773,2239.0,-4108103.75
1774,2240.0,-4108123.75
1775,2242.0,-4108191.25
1776,2243.0,-4108266.5
1777,2244.0,-4108362.0
1778,2246.0,-4108384.25
1779,2247.0,-4108411.5
1780,2248.0,-4108436.25
1781,2249.0,-4108452.25
1782,2250.0,-4108464.75
1783,2251.0,-4108474.5
1784,2253.0,-4108587.5
1785,2255.0,-4108626.5
1786,2256.0,-4108669.75
1787,2257.0,-4108677.75
1788,2258.0,-4108721.0
1789,2260.0,-4108764.0
1790,2261.0,-4108799.5
1791,2262.0,-4108842.0
1792,2264.0,-4108875.0
1793,2265.0,-4108904.0
1794,2266.0,-4108946.0
1795,2267.0,-4108957.75
1796,2268.0,-4109004.75
1797,2270.0,-4109046.25
1798,2271.0,-4109091.0
1799,2272.0,-4109146.75
1800,2274.0,-4109176.75
1801,2275.0,-4109202.25
1802,2276.0,-4109227.0
1803,2277.0,-4109237.5
1804,2278.0,-4109262.75
1805,2280.0,-4109321.25
1806,2281.0,-4109385.0
1807,2282.0,-4109461.0
1808,2284.0,-4109499.25
1809,2285.0,-4109523.0
1810,2286.0,-4109550.5
1811,2287.0,-4109574.0
1812,2288.0,-4109588.75
1813,2289.0,-4109594.25
1814,2291.0,-4109686.5
1815,2292.0,-4109744.75
1816,2293.0,-4109872.25
1817,2295.0,-4109884.75
1818,2296.0,-4109892.75
1819,2297.0,-4109904.5
1820,2298.0,-4109922.5
1821,2300.0,-4110000.5
1822,2301.0,-4110066.25
1823,2302.0,-4110169.5
1824,2304.0,-4110199.25
1825,2305.0,-4110223.5
1826,2306.0,-4110240.25
1827,2307.0,-4110263.25
1828,2308.0,-4110273.0
1829,2309.0,-4110278.25
1830,2311.0,-4110393.5
1831,2313.0,-4110431.0
1832,2314.0,-4110470.75
1833,2315.0,-4110476.25
1834,2316.0,-4110524.5
1835,2318.0,-4110574.25
1836,2319.0,-4110592.75
1837,2320.0,-4110635.75
1838,2322.0,-4110666.0
1839,2323.0,-4110696.0
1840,2324.0,-4110733.75
1841,2325.0,-4110746.25
1842,2326.0,-4110785.5
1843,2328.0,-4110847.5
1844,2329.0,-4110859.25
1845,2330.0,-4110911.0
1846,2332.0,-4110950.0
1847,2333.0,-4110965.25
1848,2334.0,-4111006.5
1849,2335.0,-4111009.25
1850,2336.0,-4111046.5
1851,2338.0,-4111104.25
1852,2339.0,-4111137.25
1853,2340.0,-4111227.5
1854,2342.0,-4111264.75
1855,2343.0,-4111289.5
1856,2344.0,-4111305.25
1857,2345.0,-4111324.25
1858,2346.0,-4111333.0
1859,2348.0,-4111408.5
1860,2349.0,-4111495.75
1861,2350.0,-4111600.0
1862,2352.0,-4111628.25
1863,2353.0,-4111655.25
1864,2354.0,-4111666.0
1865,2355.0,-4111697.0
1866,2357.0,-4111754.0
1867,2358.0,-4111804.0
1868,2359.0,-4111884.5
1869,2361.0,-4111913.5
1870,2362.0,-4111933.5
1871,2363.0,-4111957.5
1872,2364.0,-4111976.5
1873,2365.0,-4111992.25
1874,2367.0,-4112062.75
1875,2368.0,-4112122.0
1876,2369.0,-4112215.75
1877,2371.0,-4112233.0
1878,2372.0,-4112254.0
1879,2373.0,-4112264.0
1880,2374.0,-4112287.0
1881,2375.0,-4112292.75
1882,2376.0,-4112299.0
1883,2378.0,-4112408.25
1884,2379.0,-4112431.0
1885,2380.0,-4112573.75
1886,2382.0,-4112595.25
1887,2383.0,-4112612.5
1888,2385.0,-4112664.5
1889,2386.0,-4112714.75
1890,2387.0,-4112783.0
1891,2389.0,-4112805.75
1892,2390.0,-4112831.75
1893,2391.0,-4112852.25
1894,2392.0,-4112870.0
1895,2393.0,-4112883.5
1896,2394.0,-4112891.5
1897,2395.0,-4112894.5
1898,2397.0,-4112992.75
1899,2398.0,-4113022.5
1900,2399.0,-4113164.75
1901,2401.0,-4113172.25
1902,2402.0,-4113196.75
1903,2403.0,-4113201.0
1904,2404.0,-4113220.5
1905,2406.0,-4113310.5
1906,2407.0,-4113338.5
1907,2408.0,-4113455.75
1908,2410.0,-4113491.25
1909,2411.0,-4113508.75
1910,2412.0,-4113512.0
1911,2413.0,-4113530.0
1912,2415.0,-4113595.5
1913,2416.0,-4113638.75
1914,2417.0,-4113731.75
1915,2419.0,-4113751.0
1916,2420.0,-4113775.75
1917,2421.0,-4113799.5
1918,2422.0,-4113815.75
1919,2423.0,-4113817.5
1920,2424.0,-4113825.75
1921,2426.0,-4113938.0
1922,2427.0,-4113957.75
1923,2428.0,-4114112.0
1924,2430.0,-4114133.5
1925,2431.0,-4114162.0
1926,2433.0,-4114206.75
1927,2434.0,-4114236.25
1928,2435.0,-4114298.0
1929,2437.0,-4114326.75
1930,2438.0,-4114354.25
1931,2439.0,-4114373.5
1932,2440.0,-4114389.75
1933,2441.0,-4114415.25
1934,2442.0,-4114418.5
1935,2443.0,-4114434.0
1936,2445.0,-4114534.5
1937,2447.0,-4114566.0
1938,2448.0,-4114608.75
1939,2449.0,-4114622.25
1940,2450.0,-4114672.0
1941,2452.0,-4114704.0
1942,2453.0,-4114735.0
1943,2454.0,-4114777.25
1944,2456.0,-4114800.0
1945,2457.0,-4114832.25
1946,2458.0,-4114861.0
1947,2459.0,-4114868.75
1948,2460.0,-4114910.25
1949,2462.0,-4114944.0
1950,2463.0,-4114970.0
1951,2464.0,-4115032.75
1952,2466.0,-4115059.0
1953,2467.0,-4115075.0
1954,2468.0,-4115106.75
1955,2469.0,-4115113.75
1956,2470.0,-4115142.0
1957,2472.0,-4115205.25
1958,2473.0,-4115235.25
1959,2474.0,-4115316.0
1960,2476.0,-4115340.25
1961,2477.0,-4115363.75
1962,2478.0,-4115377.5
1963,2479.0,-4115403.25
1964,2480.0,-4115412.0
1965,2481.0,-4115412.25
1966,2483.0,-4115501.75
1967,2484.0,-4115556.75
1968,2485.0,-4115680.5
1969,2487.0,-4115701.25
1970,2488.0,-4115715.5
1971,2489.0,-4115727.5
1972,2490.0,-4115748.75
1973,2492.0,-4115813.25
1974,2493.0,-4115848.25
1975,2494.0,-4115947.0
1976,2496.0,-4115965.75
1977,2497.0,-4115989.75
1978,2498.0,-4115995.0
1979,2499.0,-4116001.25
1980,2500.0,-4116004.0
1981,2501.0,-4116009.5
1982,2503.0,-4116131.25
1983,2505.0,-4116164.75
1984,2506.0,-4116214.5
1985,2507.0,-4116216.75
1986,2508.0,-4116267.0
1987,2510.0,-4116313.5
1988,2511.0,-4116330.5
1989,2512.0,-4116369.25
1990,2514.0,-4116404.0
1991,2515.0,-4116431.25
1992,2516.0,-4116475.0
1993,2518.0,-4116502.5
1994,2519.0,-4116529.0
1995,2520.0,-4116558.0
1996,2521.0,-4116568.75
1997,2522.0,-4116605.25
1998,2524.0,-4116639.75
1999,2525.0,-4116654.75
2000,2526.0,-4116703.75
2001,2527.0,-4116707.25
2002,2528.0,-4116759.0
2003,2530.0,-4116803.0
2004,2532.0,-4116826.5
2005,2533.0,-4116852.25
2006,2534.0,-4116869.25
2007,2535.0,-4116893.5
2008,2536.0,-4116924.5
2009,2537.0,-4116929.0
2010,2538.0,-4116941.75
2011,2539.0,-4116944.75
2012,2540.0,-4116945.25
2013,2542.0,-4117079.5
2014,2544.0,-4117123.5
2015,2545.0,-4117180.5
2016,2547.0,-4117196.75
2017,2548.0,-4117213.5
2018,2549.0,-4117240.75
2019,2550.0,-4117264.25
2020,2551.0,-4117288.75
2021,2552.0,-4117289.0
2022,2553.0,-4117302.25
2023,2555.0,-4117389.25
2024,2556.0,-4117394.5
2025,2557.0,-4117504.75
2026,2559.0,-4117514.0
2027,2560.0,-4117529.75
2028,2561.0,-4117538.25
2029,2562.0,-4117556.5
2030,2564.0,-4117625.25
2031,2565.0,-4117657.75
2032,2566.0,-4117751.75
2033,2568.0,-4117785.25
2034,2569.0,-4117811.25
2035,2570.0,-4117821.5
2036,2571.0,-4117838.0
2037,2573.0,-4117899.0
2038,2574.0,-4117976.25
2039,2575.0,-4118058.25
2040,2577.0,-4118071.75
2041,2578.0,-4118103.75
2042,2579.0,-4118111.75
2043,2580.0,-4118132.0
2044,2582.0,-4118184.5
2045,2583.0,-4118226.75
2046,2584.0,-4118288.75
2047,2586.0,-4118313.0
2048,2587.0,-4118331.75
2049,2588.0,-4118367.75
2050,2589.0,-4118390.75
2051,2590.0,-4118397.75
2052,2591.0,-4118399.5
2053,2593.0,-4118488.75
2054,2594.0,-4118556.0
2055,2595.0,-4118651.25
2056,2597.0,-4118675.75
2057,2598.0,-4118700.75
2058,2600.0,-4118736.0
2059,2601.0,-4118780.75
2060,2602.0,-4118824.25
2061,2603.0,-4118825.25
2062,2604.0,-4118876.75
2063,2606.0,-4118921.25
2064,2607.0,-4118921.75
2065,2608.0,-4118967.0
2066,2610.0,-4119005.5
2067,2611.0,-4119022.25
2068,2612.0,-4119069.5
2069,2614.0,-4119096.0
2070,2615.0,-4119109.5
2071,2616.0,-4119129.5
2072,2617.0,-4119144.75
2073,2618.0,-4119182.5
2074,2620.0,-4119216.25
2075,2621.0,-4119243.25
2076,2622.0,-4119286.0
2077,2624.0,-4119316.5
2078,2625.0,-4119337.5
2079,2626.0,-4119372.5
2080,2627.0,-4119376.0
2081,2628.0,-4119406.25
2082,2630.0,-4119451.0
2083,2631.0,-4119467.25
2084,2632.0,-4119526.0
2085,2634.0,-4119547.25
2086,2635.0,-4119562.0
2087,2636.0,-4119599.0
2088,2637.0,-4119611.75
2089,2638.0,-4119633.25
2090,2640.0,-4119688.5
2091,2641.0,-4119735.25
2092,2642.0,-4119801.25
2093,2644.0,-4119829.0
2094,2645.0,-4119849.5
2095,2646.0,-4119859.25
2096,2647.0,-4119866.25
2097,2648.0,-4119878.0
2098,2649.0,-4119879.0
2099,2651.0,-4119969.0
2100,2652.0,-4120016.75
2101,2653.0,-4120139.75
2102,2655.0,-4120156.0
2103,2656.0,-4120189.0
2104,2658.0,-4120221.75
2105,2659.0,-4120261.0
2106,2660.0,-4120311.0
2107,2661.0,-4120313.5
2108,2662.0,-4120365.0
2109,2664.0,-4120395.0
2110,2665.0,-4120398.25
2111,2666.0,-4120443.0
2112,2668.0,-4120481.25
2113,2669.0,-4120488.25
2114,2670.0,-4120532.0
2115,2672.0,-4120560.5
2116,2673.0,-4120575.5
2117,2674.0,-4120605.5
2118,2675.0,-4120613.75
2119,2676.0,-4120652.0
2120,2678.0,-4120684.75
2121,2679.0,-4120696.0
2122,2680.0,-4120744.75
2123,2682.0,-4120779.75
2124,2683.0,-4120795.25
2125,2684.0,-4120835.25
2126,2685.0,-4120837.25
2127,2686.0,-4120865.0
2128,2688.0,-4120912.0
2129,2689.0,-4120934.0
2130,2690.0,-4121005.0
2131,2692.0,-4121028.0
2132,2693.0,-4121052.25
2133,2694.0,-4121064.75
2134,2695.0,-4121071.0
2135,2696.0,-4121089.25
2136,2698.0,-4121152.5
2137,2699.0,-4121176.0
2138,2700.0,-4121252.5
2139,2702.0,-4121265.0
2140,2703.0,-4121287.5
2141,2704.0,-4121311.25
2142,2705.0,-4121330.5
2143,2707.0,-4121384.0
2144,2708.0,-4121466.5
2145,2709.0,-4121537.75
2146,2711.0,-4121559.0
2147,2712.0,-4121577.75
2148,2713.0,-4121594.25
2149,2714.0,-4121613.0
2150,2715.0,-4121625.0
2151,2716.0,-4121636.0
2152,2718.0,-4121707.5
2153,2719.0,-4121710.25
2154,2720.0,-4121804.75
2155,2722.0,-4121828.0
2156,2723.0,-4121844.75
2157,2724.0,-4121849.75
2158,2725.0,-4121860.25
2159,2726.0,-4121863.25
2160,2728.0,-4121958.5
2161,2729.0,-4121992.0
2162,2730.0,-4122122.0
2163,2732.0,-4122135.25
2164,2733.0,-4122157.0
2165,2735.0,-4122198.75
2166,2736.0,-4122239.0
2167,2737.0,-4122286.0
2168,2739.0,-4122290.5
2169,2740.0,-4122320.25
2170,2741.0,-4122342.5
2171,2742.0,-4122345.0
2172,2743.0,-4122360.0
2173,2744.0,-4122376.75
2174,2746.0,-4122442.5
