,Step,em_decoy
0,0.0,3209569536.0
1,1.0,217863712.0
2,2.0,51522640.0
3,3.0,7748461.5
4,4.0,-166740.46875
5,5.0,-1860705.25
6,6.0,-2339330.0
7,7.0,-2612983.0
8,8.0,-2683053.75
9,9.0,-2772010.0
10,10.0,-2921940.0
11,11.0,-2985345.5
12,12.0,-3110558.75
13,13.0,-3186986.0
14,14.0,-3204897.0
15,15.0,-3314462.25
16,16.0,-3314928.75
17,18.0,-3324424.5
18,20.0,-3332159.25
19,21.0,-3363792.75
20,22.0,-3385745.0
21,23.0,-3403657.75
22,24.0,-3413812.75
23,26.0,-3430632.25
24,27.0,-3437958.75
25,28.0,-3450132.5
26,30.0,-3463349.25
27,32.0,-3472327.5
28,33.0,-3480516.5
29,34.0,-3486987.25
30,35.0,-3493545.0
31,36.0,-3495328.0
32,37.0,-3497365.25
33,39.0,-3520382.75
34,41.0,-3526578.5
35,42.0,-3533061.0
36,43.0,-3536598.0
37,44.0,-3542825.25
38,45.0,-3544198.0
39,46.0,-3548480.0
40,48.0,-3563092.5
41,50.0,-3569581.25
42,51.0,-3575786.25
43,52.0,-3577560.75
44,53.0,-3584568.25
45,55.0,-3590739.25
46,56.0,-3594176.5
47,57.0,-3600861.0
48,59.0,-3605458.5
49,60.0,-3609304.75
50,61.0,-3614661.0
51,62.0,-3615481.5
52,63.0,-3621656.5
53,65.0,-3626816.5
54,66.0,-3628874.25
55,67.0,-3634513.5
56,69.0,-3638637.0
57,70.0,-3641292.0
58,71.0,-3646353.5
59,73.0,-3649667.0
60,74.0,-3652540.75
61,75.0,-3655871.75
62,76.0,-3657453.0
63,77.0,-3660279.5
64,78.0,-3660355.25
65,79.0,-3661593.25
66,81.0,-3671356.0
67,83.0,-3674311.25
68,84.0,-3678490.5
69,86.0,-3681206.5
70,87.0,-3683497.75
71,88.0,-3686229.75
72,89.0,-3687493.5
73,90.0,-3689697.5
74,91.0,-3689967.75
75,92.0,-3690711.75
76,94.0,-3699141.5
77,96.0,-3702849.0
78,97.0,-3706291.25
79,98.0,-3706547.5
80,99.0,-3710960.5
81,101.0,-3713431.75
82,102.0,-3714698.5
83,103.0,-3717059.75
84,104.0,-3717339.5
85,105.0,-3719050.5
86,107.0,-3724030.25
87,108.0,-3725189.0
88,109.0,-3732364.5
89,111.0,-3733698.0
90,112.0,-3735553.25
91,113.0,-3735945.5
92,114.0,-3737927.5
93,116.0,-3741381.25
94,117.0,-3742297.25
95,118.0,-3746200.5
96,120.0,-3748002.5
97,121.0,-3748841.5
98,122.0,-3750972.75
99,124.0,-3752975.75
100,125.0,-3754393.0
101,126.0,-3756517.0
102,127.0,-3756615.75
103,128.0,-3758613.0
104,130.0,-3761357.75
105,131.0,-3761895.75
106,132.0,-3765779.75
107,134.0,-3767039.25
108,135.0,-3768157.5
109,136.0,-3769022.5
110,137.0,-3769942.0
111,139.0,-3772694.25
112,140.0,-3775203.5
113,141.0,-3778276.0
114,143.0,-3779510.5
115,144.0,-3780319.5
116,145.0,-3781691.5
117,146.0,-3781724.5
118,147.0,-3783255.25
119,149.0,-3785747.5
120,150.0,-3785945.25
121,151.0,-3788817.0
122,153.0,-3790182.5
123,154.0,-3790564.0
124,155.0,-3792223.5
125,157.0,-3793714.75
126,158.0,-3794478.25
127,159.0,-3796074.0
128,161.0,-3797344.75
129,162.0,-3798327.0
130,163.0,-3799912.0
131,165.0,-3800942.75
132,166.0,-3801879.0
133,167.0,-3802913.5
134,168.0,-3803464.25
135,169.0,-3804483.5
136,170.0,-3804505.5
137,171.0,-3805340.5
138,173.0,-3808116.75
139,174.0,-3808168.25
140,175.0,-3811618.25
141,177.0,-3812462.5
142,178.0,-3813012.5
143,179.0,-3813728.25
144,180.0,-3813822.0
145,181.0,-3814249.5
146,183.0,-3817331.0
147,185.0,-3818545.75
148,186.0,-3819689.75
149,187.0,-3820047.25
150,188.0,-3821318.5
151,190.0,-3822450.0
152,191.0,-3823136.75
153,192.0,-3824536.0
154,194.0,-3825389.0
155,195.0,-3826091.25
156,196.0,-3826967.0
157,197.0,-3827353.25
158,198.0,-3828174.0
159,200.0,-3829549.0
160,201.0,-3830643.0
161,202.0,-3832433.0
162,204.0,-3833145.25
163,205.0,-3833798.25
164,206.0,-3834409.0
165,207.0,-3834946.75
166,208.0,-3835320.0
167,209.0,-3835590.5
168,211.0,-3837742.0
169,212.0,-3839167.75
170,213.0,-3841871.5
171,215.0,-3842426.5
172,216.0,-3843024.75
173,217.0,-3843377.75
174,218.0,-3843758.75
175,219.0,-3843779.0
176,221.0,-3846158.0
177,222.0,-3847623.5
178,223.0,-3850593.25
179,225.0,-3851054.0
180,226.0,-3851592.5
181,227.0,-3851824.5
182,228.0,-3852131.25
183,230.0,-3853924.25
184,231.0,-3854945.5
185,232.0,-3857380.0
186,234.0,-3857817.25
187,235.0,-3858452.0
188,236.0,-3858620.75
189,237.0,-3859182.5
190,239.0,-3860454.25
191,240.0,-3860968.5
192,241.0,-3862584.0
193,243.0,-3863125.75
194,244.0,-3863523.25
195,245.0,-3864026.25
196,246.0,-3864201.5
197,247.0,-3864556.5
198,249.0,-3866070.5
199,250.0,-3866601.5
200,251.0,-3868548.25
201,253.0,-3869012.75
202,254.0,-3869415.25
203,255.0,-3869760.5
204,256.0,-3869952.25
205,257.0,-3870096.75
206,259.0,-3871876.75
207,260.0,-3872409.0
208,261.0,-3874728.75
209,263.0,-3875091.0
210,264.0,-3875488.75
211,265.0,-3875703.5
212,266.0,-3875896.0
213,268.0,-3877383.0
214,269.0,-3878261.75
215,270.0,-3880332.5
216,272.0,-3880658.25
217,273.0,-3881169.25
218,274.0,-3881264.5
219,275.0,-3881747.5
220,277.0,-3882795.75
221,278.0,-3883094.25
222,279.0,-3884436.75
223,281.0,-3884857.0
224,282.0,-3885172.0
225,283.0,-3885579.5
226,284.0,-3885678.75
227,285.0,-3885986.25
228,287.0,-3887252.5
229,288.0,-3887465.5
230,289.0,-3889103.5
231,291.0,-3889499.5
232,292.0,-3889787.0
233,293.0,-3890092.5
234,294.0,-3890176.5
235,295.0,-3890315.0
236,297.0,-3891857.0
237,298.0,-3891985.75
238,299.0,-3893978.5
239,301.0,-3894301.25
240,302.0,-3894609.25
241,303.0,-3894760.25
242,304.0,-3894916.0
243,306.0,-3896205.75
244,307.0,-3896812.0
245,308.0,-3898489.0
246,310.0,-3898781.0
247,311.0,-3899141.5
248,312.0,-3899286.75
249,313.0,-3899546.25
250,315.0,-3900558.0
251,316.0,-3901166.75
252,317.0,-3902488.5
253,319.0,-3902821.0
254,320.0,-3903173.25
255,321.0,-3903347.0
256,322.0,-3903652.5
257,323.0,-3903662.25
258,324.0,-3903777.5
259,326.0,-3905251.5
260,328.0,-3905805.25
261,329.0,-3906363.75
262,330.0,-3906451.0
263,331.0,-3907084.0
264,333.0,-3907588.0
265,334.0,-3907808.5
266,335.0,-3908390.0
267,337.0,-3908799.0
268,338.0,-3909118.25
269,339.0,-3909583.25
270,340.0,-3909652.75
271,341.0,-3910171.5
272,343.0,-3910760.5
273,344.0,-3910977.0
274,345.0,-3911724.75
275,347.0,-3912083.0
276,348.0,-3912347.75
277,349.0,-3912727.5
278,350.0,-3912832.25
279,351.0,-3913187.5
280,353.0,-3913912.75
281,354.0,-3914243.25
282,355.0,-3915191.5
283,357.0,-3915498.0
284,358.0,-3915766.5
285,359.0,-3916036.5
286,360.0,-3916217.75
287,361.0,-3916377.75
288,362.0,-3916382.75
289,364.0,-3917615.0
290,365.0,-3918434.0
291,366.0,-3920053.75
292,368.0,-3920246.25
293,369.0,-3920561.75
294,370.0,-3920623.25
295,371.0,-3920859.5
296,373.0,-3921750.5
297,374.0,-3921955.5
298,375.0,-3923128.0
299,377.0,-3923405.75
300,378.0,-3923645.0
301,379.0,-3923827.25
302,380.0,-3924016.75
303,381.0,-3924020.75
304,383.0,-3925101.75
305,384.0,-3925997.0
306,385.0,-3927374.75
307,387.0,-3927579.0
308,388.0,-3927873.75
309,389.0,-3927960.5
310,390.0,-3928216.5
311,392.0,-3928956.0
312,393.0,-3929229.0
313,394.0,-3930158.0
314,396.0,-3930430.75
315,397.0,-3930652.75
316,398.0,-3930852.75
317,399.0,-3931008.0
318,400.0,-3931086.5
319,402.0,-3931990.25
320,403.0,-3932655.25
321,404.0,-3933828.0
322,406.0,-3934057.75
323,407.0,-3934317.5
324,408.0,-3934424.75
325,409.0,-3934648.75
326,411.0,-3935321.25
327,412.0,-3935693.5
328,413.0,-3936571.0
329,415.0,-3936807.0
330,416.0,-3937055.5
331,417.0,-3937243.25
332,418.0,-3937430.5
333,419.0,-3937485.5
334,420.0,-3937520.0
335,422.0,-3938577.25
336,423.0,-3938712.75
337,424.0,-3940146.5
338,426.0,-3940296.5
339,427.0,-3940542.25
340,428.0,-3940578.5
341,429.0,-3940738.75
342,431.0,-3941570.5
343,432.0,-3941717.0
344,433.0,-3942821.75
345,435.0,-3943022.0
346,436.0,-3943246.0
347,437.0,-3943362.0
348,438.0,-3943488.0
349,440.0,-3944200.25
350,441.0,-3944663.0
351,442.0,-3945592.75
352,444.0,-3945813.75
353,445.0,-3946042.5
354,446.0,-3946180.0
355,447.0,-3946355.5
356,448.0,-3946356.0
357,449.0,-3946399.25
358,451.0,-3947451.5
359,453.0,-3947800.5
360,454.0,-3948187.5
361,455.0,-3948245.0
362,456.0,-3948701.25
363,458.0,-3949026.0
364,459.0,-3949178.25
365,460.0,-3949570.75
366,462.0,-3949857.25
367,463.0,-3950049.75
368,464.0,-3950396.5
369,465.0,-3950423.75
370,466.0,-3950785.25
371,468.0,-3951205.75
372,469.0,-3951305.75
373,470.0,-3951818.5
374,472.0,-3952069.0
375,473.0,-3952250.0
376,474.0,-3952525.75
377,475.0,-3952546.5
378,476.0,-3952826.5
379,478.0,-3953340.75
380,479.0,-3953462.5
381,480.0,-3954139.25
382,482.0,-3954363.25
383,483.0,-3954531.0
384,484.0,-3954728.75
385,485.0,-3954814.25
386,486.0,-3954958.75
387,488.0,-3955598.5
388,489.0,-3955864.25
389,490.0,-3956735.75
390,492.0,-3956911.0
391,493.0,-3957118.5
392,494.0,-3957230.5
393,495.0,-3957357.5
394,496.0,-3957367.25
395,498.0,-3958173.0
396,499.0,-3958955.75
397,500.0,-3960012.25
398,502.0,-3960167.5
399,503.0,-3960374.0
400,504.0,-3960423.25
401,505.0,-3960604.25
402,507.0,-3961180.75
403,508.0,-3961347.0
404,509.0,-3962084.0
405,511.0,-3962276.75
406,512.0,-3962450.25
407,513.0,-3962583.5
408,514.0,-3962689.25
409,515.0,-3962749.25
410,517.0,-3963449.5
411,518.0,-3963907.5
412,519.0,-3964814.5
413,521.0,-3964960.5
414,522.0,-3965168.5
415,523.0,-3965244.0
416,524.0,-3965401.0
417,526.0,-3965921.75
418,527.0,-3966177.75
419,528.0,-3966846.5
420,530.0,-3967038.75
421,531.0,-3967220.0
422,532.0,-3967349.5
423,533.0,-3967452.75
424,534.0,-3967493.25
425,535.0,-3967507.0
426,537.0,-3968350.75
427,538.0,-3968413.5
428,539.0,-3969519.75
429,541.0,-3969662.25
430,542.0,-3969836.0
431,543.0,-3969861.5
432,544.0,-3969997.0
433,546.0,-3970640.5
434,547.0,-3970686.75
435,548.0,-3971555.0
436,550.0,-3971697.0
437,551.0,-3971871.25
438,552.0,-3971952.5
439,553.0,-3972060.25
440,555.0,-3972616.75
441,556.0,-3972948.0
442,557.0,-3973667.75
443,559.0,-3973822.25
444,560.0,-3973988.25
445,561.0,-3974102.25
446,562.0,-3974228.75
447,564.0,-3974677.0
448,565.0,-3975037.0
449,566.0,-3975628.25
450,568.0,-3975790.0
451,569.0,-3975967.75
452,570.0,-3976083.75
453,571.0,-3976219.25
454,572.0,-3976270.75
455,573.0,-3976327.25
456,575.0,-3977014.5
457,576.0,-3977081.0
458,577.0,-3977995.5
459,579.0,-3978127.5
460,580.0,-3978282.25
461,581.0,-3978346.5
462,582.0,-3978464.0
463,584.0,-3979009.25
464,585.0,-3979177.75
465,586.0,-3979910.0
466,588.0,-3980067.75
467,589.0,-3980227.0
468,590.0,-3980302.75
469,591.0,-3980415.75
470,593.0,-3980881.25
471,594.0,-3981201.5
472,595.0,-3981796.0
473,597.0,-3981951.0
474,598.0,-3982106.5
475,599.0,-3982217.0
476,600.0,-3982343.0
477,601.0,-3982363.25
478,602.0,-3982405.5
479,604.0,-3983117.75
480,606.0,-3983424.0
481,607.0,-3983671.75
482,608.0,-3983706.75
483,609.0,-3984032.0
484,611.0,-3984263.5
485,612.0,-3984373.25
486,613.0,-3984638.5
487,615.0,-3984839.25
488,616.0,-3985007.25
489,617.0,-3985239.75
490,618.0,-3985262.75
491,619.0,-3985547.0
492,621.0,-3985816.5
493,622.0,-3985911.5
494,623.0,-3986248.25
495,625.0,-3986436.0
496,626.0,-3986565.0
497,627.0,-3986764.0
498,628.0,-3986801.5
499,629.0,-3987025.25
500,631.0,-3987365.25
501,632.0,-3987465.5
502,633.0,-3987897.25
503,635.0,-3988069.75
504,636.0,-3988186.0
505,637.0,-3988344.0
506,638.0,-3988396.75
507,639.0,-3988517.75
508,641.0,-3988945.5
509,642.0,-3989114.0
510,643.0,-3989681.75
511,645.0,-3989823.75
512,646.0,-3989955.0
513,647.0,-3990072.5
514,648.0,-3990151.0
515,649.0,-3990201.0
516,651.0,-3990733.25
517,652.0,-3991115.25
518,653.0,-3991792.5
519,655.0,-3991924.25
520,656.0,-3992073.75
521,657.0,-3992130.5
522,658.0,-3992261.75
523,660.0,-3992638.25
524,661.0,-3992858.75
525,662.0,-3993351.75
526,664.0,-3993501.75
527,665.0,-3993619.0
528,666.0,-3993723.75
529,667.0,-3993835.25
530,668.0,-3993868.25
531,669.0,-3993877.5
532,671.0,-3994512.5
533,672.0,-3994581.75
534,673.0,-3995419.5
535,675.0,-3995517.5
536,676.0,-3995658.0
537,677.0,-3995674.0
538,678.0,-3995781.75
539,680.0,-3996262.0
540,681.0,-3996321.0
541,682.0,-3996971.5
542,684.0,-3997079.5
543,685.0,-3997214.0
544,686.0,-3997286.0
545,687.0,-3997362.5
546,689.0,-3997785.25
547,690.0,-3998048.5
548,691.0,-3998601.75
549,693.0,-3998715.0
550,694.0,-3998856.0
551,695.0,-3998950.0
552,696.0,-3999044.5
553,697.0,-3999054.5
554,698.0,-3999082.25
555,700.0,-3999707.25
556,702.0,-3999913.0
557,703.0,-4000146.0
558,704.0,-4000157.5
559,705.0,-4000447.0
560,707.0,-4000636.75
561,708.0,-4000724.75
562,709.0,-4000957.25
563,711.0,-4001135.75
564,712.0,-4001250.75
565,713.0,-4001451.25
566,714.0,-4001457.0
567,715.0,-4001705.75
568,717.0,-4001940.5
569,718.0,-4001995.0
570,719.0,-4002286.0
571,721.0,-4002463.75
572,722.0,-4002559.25
573,723.0,-4002736.5
574,724.0,-4002748.75
575,725.0,-4002928.5
576,727.0,-4003242.5
577,728.0,-4003278.0
578,729.0,-4003674.75
579,731.0,-4003811.25
580,732.0,-4003927.5
581,733.0,-4004054.25
582,734.0,-4004081.5
583,735.0,-4004168.0
584,737.0,-4004549.0
585,738.0,-4004674.75
586,739.0,-4005182.75
587,741.0,-4005289.5
588,742.0,-4005421.75
589,743.0,-4005501.75
590,744.0,-4005570.0
591,745.0,-4005587.5
592,747.0,-4006069.5
593,748.0,-4006357.5
594,749.0,-4006984.0
595,751.0,-4007084.0
596,752.0,-4007207.25
597,753.0,-4007243.75
598,754.0,-4007355.0
599,756.0,-4007708.5
600,757.0,-4007822.25
601,758.0,-4008270.0
602,760.0,-4008379.25
603,761.0,-4008497.25
604,762.0,-4008587.0
605,763.0,-4008659.0
606,764.0,-4008686.25
607,766.0,-4009132.0
608,767.0,-4009499.25
609,768.0,-4010082.75
610,770.0,-4010168.75
611,771.0,-4010300.25
612,772.0,-4010334.75
613,773.0,-4010455.75
614,775.0,-4010772.25
615,776.0,-4010871.75
616,777.0,-4011283.5
617,779.0,-4011389.75
618,780.0,-4011487.5
619,781.0,-4011581.5
620,782.0,-4011658.0
621,783.0,-4011707.0
622,785.0,-4012093.75
623,786.0,-4012363.5
624,787.0,-4012871.75
625,789.0,-4012970.0
626,790.0,-4013083.0
627,791.0,-4013120.75
628,792.0,-4013223.5
629,794.0,-4013511.0
630,795.0,-4013694.25
631,796.0,-4014096.5
632,798.0,-4014188.5
633,799.0,-4014304.75
634,800.0,-4014391.0
635,801.0,-4014468.25
636,802.0,-4014496.25
637,803.0,-4014522.75
638,805.0,-4014993.5
639,806.0,-4015053.25
640,807.0,-4015668.75
641,809.0,-4015759.25
642,810.0,-4015859.25
643,811.0,-4015870.75
644,812.0,-4015964.0
645,814.0,-4016328.5
646,815.0,-4016397.0
647,816.0,-4016877.25
648,818.0,-4016974.25
649,819.0,-4017069.0
650,820.0,-4017132.75
651,821.0,-4017200.75
652,823.0,-4017515.25
653,824.0,-4017743.75
654,825.0,-4018159.0
655,827.0,-4018259.75
656,828.0,-4018381.75
657,829.0,-4018430.0
658,830.0,-4018512.5
659,831.0,-4018519.75
660,832.0,-4018540.5
661,834.0,-4019010.5
662,836.0,-4019184.0
663,837.0,-4019367.0
664,838.0,-4019395.25
665,839.0,-4019608.25
666,841.0,-4019753.75
667,842.0,-4019826.25
668,843.0,-4020006.5
669,845.0,-4020147.5
670,846.0,-4020235.0
671,847.0,-4020400.25
672,848.0,-4020420.0
673,849.0,-4020606.5
674,851.0,-4020789.5
675,852.0,-4020832.0
676,853.0,-4021065.75
677,855.0,-4021182.25
678,856.0,-4021266.0
679,857.0,-4021403.0
680,859.0,-4021536.25
681,860.0,-4021682.0
682,861.0,-4021857.5
683,862.0,-4021903.75
684,863.0,-4022101.5
685,865.0,-4022254.0
686,866.0,-4022310.25
687,867.0,-4022492.25
688,869.0,-4022618.25
689,870.0,-4022722.75
690,871.0,-4022864.5
691,873.0,-4022978.25
692,874.0,-4023103.0
693,875.0,-4023239.0
694,876.0,-4023296.5
695,877.0,-4023437.5
696,879.0,-4023587.75
697,880.0,-4023689.0
698,881.0,-4023878.75
699,883.0,-4023994.5
700,884.0,-4024088.0
701,885.0,-4024206.25
702,886.0,-4024248.5
703,887.0,-4024373.75
704,889.0,-4024552.75
705,890.0,-4024683.5
706,891.0,-4024926.25
707,893.0,-4025024.5
708,894.0,-4025101.5
709,895.0,-4025202.25
710,896.0,-4025274.0
711,897.0,-4025341.5
712,899.0,-4025558.75
713,900.0,-4025783.0
714,901.0,-4026083.75
715,903.0,-4026176.0
716,904.0,-4026281.75
717,905.0,-4026342.25
718,906.0,-4026416.0
719,907.0,-4026460.25
720,908.0,-4026499.75
721,910.0,-4026846.0
722,911.0,-4026985.0
723,912.0,-4027460.0
724,914.0,-4027529.5
725,915.0,-4027633.25
726,916.0,-4027650.5
727,917.0,-4027722.25
728,919.0,-4027997.25
729,920.0,-4028097.0
730,921.0,-4028452.5
731,923.0,-4028545.75
732,924.0,-4028624.5
733,925.0,-4028681.25
734,926.0,-4028745.0
735,927.0,-4028747.0
736,929.0,-4029084.0
737,930.0,-4029421.25
738,931.0,-4029857.75
739,933.0,-4029921.5
740,934.0,-4030032.75
741,935.0,-4030048.0
742,936.0,-4030140.75
743,938.0,-4030380.5
744,939.0,-4030458.0
745,940.0,-4030772.5
746,942.0,-4030860.25
747,943.0,-4030930.5
748,944.0,-4031003.0
749,945.0,-4031060.25
750,946.0,-4031085.5
751,948.0,-4031390.5
752,949.0,-4031611.0
753,950.0,-4032015.25
754,952.0,-4032078.25
755,953.0,-4032178.75
756,954.0,-4032212.25
757,955.0,-4032294.25
758,957.0,-4032522.75
759,958.0,-4032634.5
760,959.0,-4032940.25
761,961.0,-4033006.0
762,962.0,-4033078.75
763,963.0,-4033141.5
764,964.0,-4033200.75
765,965.0,-4033218.25
766,966.0,-4033235.5
767,968.0,-4033613.75
768,969.0,-4033682.25
769,970.0,-4034196.75
770,972.0,-4034245.75
771,973.0,-4034330.0
772,975.0,-4034483.25
773,976.0,-4034642.75
774,977.0,-4034839.25
775,979.0,-4034940.75
776,980.0,-4035024.5
777,981.0,-4035105.0
778,982.0,-4035168.75
779,983.0,-4035225.75
780,984.0,-4035262.75
781,985.0,-4035276.0
782,987.0,-4035622.0
783,988.0,-4035712.75
784,989.0,-4036175.25
785,991.0,-4036209.25
786,992.0,-4036306.5
787,993.0,-4036331.0
788,994.0,-4036401.25
789,996.0,-4036661.25
790,997.0,-4036711.5
791,998.0,-4037044.5
792,1000.0,-4037115.5
793,1001.0,-4037190.25
794,1002.0,-4037247.0
795,1003.0,-4037282.25
796,1004.0,-4037284.25
797,1006.0,-4037609.0
798,1007.0,-4037798.25
799,1008.0,-4038227.25
800,1010.0,-4038274.75
801,1011.0,-4038358.75
802,1012.0,-4038366.0
803,1013.0,-4038435.75
804,1015.0,-4038679.75
805,1016.0,-4038731.5
806,1017.0,-4039047.75
807,1019.0,-4039121.75
808,1020.0,-4039181.0
809,1021.0,-4039233.75
810,1022.0,-4039279.0
811,1023.0,-4039295.25
812,1025.0,-4039587.0
813,1026.0,-4039784.0
814,1027.0,-4040180.75
815,1029.0,-4040240.25
816,1030.0,-4040326.0
817,1031.0,-4040336.5
818,1032.0,-4040418.5
819,1034.0,-4040621.75
820,1035.0,-4040688.75
821,1036.0,-4040974.25
822,1038.0,-4041041.5
823,1039.0,-4041117.25
824,1040.0,-4041158.25
825,1041.0,-4041191.25
826,1042.0,-4041205.5
827,1044.0,-4041471.0
828,1045.0,-4041653.0
829,1046.0,-4042018.75
830,1048.0,-4042074.5
831,1049.0,-4042163.5
832,1050.0,-4042188.5
833,1051.0,-4042252.75
834,1053.0,-4042448.25
835,1054.0,-4042528.5
836,1055.0,-4042788.75
837,1057.0,-4042857.0
838,1058.0,-4042935.0
839,1059.0,-4042982.25
840,1060.0,-4043038.5
841,1061.0,-4043056.0
842,1062.0,-4043071.25
843,1064.0,-4043398.5
844,1065.0,-4043424.25
845,1066.0,-4043866.75
846,1068.0,-4043908.75
847,1069.0,-4043981.75
848,1070.0,-4043992.75
849,1071.0,-4044036.25
850,1073.0,-4044294.5
851,1074.0,-4044317.5
852,1075.0,-4044651.0
853,1077.0,-4044729.75
854,1078.0,-4044778.75
855,1079.0,-4044809.5
856,1080.0,-4044844.75
857,1082.0,-4045079.25
858,1083.0,-4045217.0
859,1084.0,-4045502.5
860,1086.0,-4045554.25
861,1087.0,-4045618.75
862,1088.0,-4045656.0
863,1089.0,-4045731.25
864,1091.0,-4045920.5
865,1092.0,-4046038.5
866,1093.0,-4046283.75
867,1095.0,-4046355.5
868,1096.0,-4046425.25
869,1097.0,-4046469.25
870,1098.0,-4046529.5
871,1099.0,-4046549.75
872,1100.0,-4046570.75
873,1102.0,-4046843.25
874,1103.0,-4046897.0
875,1104.0,-4047258.75
876,1106.0,-4047291.75
877,1107.0,-4047367.25
878,1108.0,-4047390.0
879,1109.0,-4047431.25
880,1111.0,-4047659.75
881,1112.0,-4047726.0
882,1113.0,-4048023.0
883,1115.0,-4048098.25
884,1116.0,-4048174.0
885,1117.0,-4048199.25
886,1118.0,-4048247.75
887,1120.0,-4048433.75
888,1121.0,-4048560.75
889,1122.0,-4048797.75
890,1124.0,-4048850.75
891,1125.0,-4048920.5
892,1126.0,-4048970.0
893,1127.0,-4049019.5
894,1129.0,-4049177.25
895,1130.0,-4049387.75
896,1131.0,-4049588.25
897,1133.0,-4049659.0
898,1134.0,-4049717.5
899,1135.0,-4049761.0
900,1136.0,-4049814.0
901,1137.0,-4049832.0
902,1138.0,-4049871.75
903,1140.0,-4050105.25
904,1141.0,-4050158.25
905,1142.0,-4050473.25
906,1144.0,-4050519.25
907,1145.0,-4050574.75
908,1146.0,-4050612.0
909,1147.0,-4050661.5
910,1149.0,-4050849.5
911,1150.0,-4050979.25
912,1151.0,-4051240.0
913,1153.0,-4051288.0
914,1154.0,-4051351.75
915,1155.0,-4051381.75
916,1156.0,-4051437.5
917,1158.0,-4051600.75
918,1159.0,-4051724.75
919,1160.0,-4051928.0
920,1162.0,-4051989.5
921,1163.0,-4052056.0
922,1164.0,-4052100.5
923,1165.0,-4052162.25
924,1166.0,-4052189.75
925,1167.0,-4052193.5
926,1169.0,-4052450.5
927,1170.0,-4052528.25
928,1171.0,-4052863.75
929,1173.0,-4052910.5
930,1174.0,-4052963.75
931,1175.0,-4052973.25
932,1176.0,-4053028.0
933,1178.0,-4053223.75
934,1179.0,-4053277.5
935,1180.0,-4053524.5
936,1182.0,-4053584.25
937,1183.0,-4053631.5
938,1184.0,-4053676.75
939,1185.0,-4053701.75
940,1186.0,-4053704.25
941,1188.0,-4053943.75
942,1189.0,-4054066.25
943,1190.0,-4054395.25
944,1192.0,-4054435.0
945,1193.0,-4054505.5
946,1194.0,-4054512.75
947,1195.0,-4054565.25
948,1197.0,-4054755.0
949,1198.0,-4054816.5
950,1199.0,-4055053.25
951,1201.0,-4055102.25
952,1202.0,-4055163.0
953,1203.0,-4055190.0
954,1204.0,-4055220.5
955,1205.0,-4055228.0
956,1206.0,-4055230.0
957,1208.0,-4055521.0
958,1210.0,-4055617.25
959,1211.0,-4055725.0
960,1212.0,-4055744.0
961,1213.0,-4055877.0
962,1215.0,-4055967.5
963,1216.0,-4056006.5
964,1217.0,-4056095.5
965,1219.0,-4056193.5
966,1220.0,-4056255.25
967,1221.0,-4056353.5
968,1223.0,-4056426.0
969,1224.0,-4056484.0
970,1225.0,-4056567.5
971,1226.0,-4056580.0
972,1227.0,-4056677.75
973,1229.0,-4056776.75
974,1230.0,-4056829.0
975,1231.0,-4056956.0
976,1233.0,-4057021.0
977,1234.0,-4057087.5
978,1235.0,-4057154.5
979,1236.0,-4057164.75
980,1237.0,-4057240.0
981,1239.0,-4057362.25
982,1240.0,-4057434.25
983,1241.0,-4057588.5
984,1243.0,-4057653.5
985,1244.0,-4057702.25
986,1245.0,-4057766.25
987,1246.0,-4057794.0
988,1247.0,-4057840.25
989,1249.0,-4057986.25
990,1250.0,-4058094.25
991,1251.0,-4058281.5
992,1253.0,-4058333.25
993,1254.0,-4058400.0
994,1255.0,-4058442.25
995,1256.0,-4058489.75
996,1257.0,-4058502.5
997,1258.0,-4058510.25
998,1260.0,-4058742.0
999,1261.0,-4058829.0
1000,1262.0,-4059128.75
1001,1264.0,-4059185.75
1002,1265.0,-4059257.75
1003,1267.0,-4059348.75
1004,1268.0,-4059445.0
1005,1269.0,-4059570.75
1006,1271.0,-4059624.75
1007,1272.0,-4059682.0
1008,1273.0,-4059735.0
1009,1274.0,-4059786.75
1010,1275.0,-4059842.0
1011,1276.0,-4059850.0
1012,1277.0,-4059877.0
1013,1279.0,-4060064.75
1014,1280.0,-4060154.25
1015,1281.0,-4060413.25
1016,1283.0,-4060473.0
1017,1284.0,-4060531.5
1018,1285.0,-4060541.25
1019,1286.0,-4060562.75
1020,1288.0,-4060729.25
1021,1289.0,-4060826.5
1022,1290.0,-4061058.25
1023,1292.0,-4061108.5
1024,1293.0,-4061172.75
1025,1294.0,-4061190.0
1026,1295.0,-4061240.75
1027,1297.0,-4061368.0
1028,1298.0,-4061504.0
1029,1299.0,-4061684.0
1030,1301.0,-4061726.5
1031,1302.0,-4061795.75
1032,1303.0,-4061836.25
1033,1304.0,-4061869.0
1034,1305.0,-4061873.25
1035,1306.0,-4061887.25
1036,1308.0,-4062101.0
1037,1309.0,-4062192.0
1038,1310.0,-4062474.0
1039,1312.0,-4062512.0
1040,1313.0,-4062599.25
1041,1314.0,-4062605.0
1042,1315.0,-4062645.0
1043,1317.0,-4062794.25
1044,1318.0,-4062835.0
1045,1319.0,-4063045.25
1046,1321.0,-4063110.5
1047,1322.0,-4063136.25
1048,1323.0,-4063172.0
1049,1324.0,-4063217.25
1050,1326.0,-4063358.5
1051,1327.0,-4063586.0
1052,1328.0,-4063787.0
1053,1330.0,-4063848.5
1054,1331.0,-4063912.0
1055,1332.0,-4063934.0
1056,1333.0,-4063984.75
1057,1335.0,-4064094.5
1058,1336.0,-4064187.25
1059,1337.0,-4064331.0
1060,1339.0,-4064382.5
1061,1340.0,-4064420.0
1062,1341.0,-4064466.75
1063,1342.0,-4064502.5
1064,1343.0,-4064548.5
1065,1345.0,-4064681.0
1066,1346.0,-4064825.0
1067,1347.0,-4065012.25
1068,1349.0,-4065048.25
1069,1350.0,-4065103.5
1070,1351.0,-4065141.5
1071,1352.0,-4065183.0
1072,1353.0,-4065192.0
1073,1354.0,-4065211.25
1074,1356.0,-4065413.5
1075,1357.0,-4065471.0
1076,1358.0,-4065736.25
1077,1360.0,-4065775.75
1078,1361.0,-4065827.25
1079,1362.0,-4065839.5
1080,1363.0,-4065878.5
1081,1365.0,-4066040.25
1082,1366.0,-4066089.5
1083,1367.0,-4066279.0
1084,1369.0,-4066328.0
1085,1370.0,-4066381.0
1086,1371.0,-4066425.5
1087,1372.0,-4066447.0
1088,1373.0,-4066463.5
1089,1375.0,-4066660.5
1090,1376.0,-4066776.25
1091,1377.0,-4067031.5
1092,1379.0,-4067062.25
1093,1380.0,-4067125.75
1094,1381.0,-4067141.0
1095,1382.0,-4067178.0
1096,1384.0,-4067324.5
1097,1385.0,-4067380.5
1098,1386.0,-4067574.75
1099,1388.0,-4067611.25
1100,1389.0,-4067661.0
1101,1390.0,-4067706.0
1102,1391.0,-4067750.0
1103,1393.0,-4067867.25
1104,1394.0,-4068013.25
1105,1395.0,-4068180.25
1106,1397.0,-4068214.5
1107,1398.0,-4068265.25
1108,1399.0,-4068289.5
1109,1400.0,-4068341.5
1110,1401.0,-4068368.5
1111,1402.0,-4068386.25
1112,1404.0,-4068580.25
1113,1405.0,-4068629.0
1114,1406.0,-4068884.25
1115,1408.0,-4068916.25
1116,1409.0,-4068976.25
1117,1410.0,-4068989.75
1118,1411.0,-4069027.75
1119,1413.0,-4069171.5
1120,1414.0,-4069217.5
1121,1415.0,-4069414.75
1122,1417.0,-4069458.0
1123,1418.0,-4069500.0
1124,1419.0,-4069526.0
1125,1420.0,-4069552.0
1126,1421.0,-4069565.25
1127,1423.0,-4069758.75
1128,1424.0,-4069873.25
1129,1425.0,-4070125.25
1130,1427.0,-4070176.5
1131,1428.0,-4070221.5
1132,1429.0,-4070230.25
1133,1430.0,-4070274.75
1134,1432.0,-4070413.75
1135,1433.0,-4070461.25
1136,1434.0,-4070639.25
1137,1436.0,-4070686.25
1138,1437.0,-4070723.25
1139,1438.0,-4070761.75
1140,1439.0,-4070797.5
1141,1440.0,-4070804.75
1142,1441.0,-4070808.75
1143,1443.0,-4071047.25
1144,1445.0,-4071117.5
1145,1446.0,-4071210.75
1146,1447.0,-4071216.0
1147,1448.0,-4071324.25
1148,1450.0,-4071392.0
1149,1451.0,-4071424.5
1150,1452.0,-4071508.25
1151,1454.0,-4071569.25
1152,1455.0,-4071608.5
1153,1456.0,-4071688.25
1154,1457.0,-4071691.75
1155,1458.0,-4071772.0
1156,1460.0,-4071855.75
1157,1461.0,-4071887.5
1158,1462.0,-4072000.75
1159,1464.0,-4072069.5
1160,1465.0,-4072107.25
1161,1466.0,-4072169.75
1162,1467.0,-4072173.25
1163,1468.0,-4072248.25
1164,1470.0,-4072361.5
1165,1471.0,-4072389.0
1166,1472.0,-4072531.5
1167,1474.0,-4072580.25
1168,1475.0,-4072631.0
1169,1476.0,-4072663.75
1170,1477.0,-4072691.5
1171,1478.0,-4072722.0
1172,1479.0,-4072726.75
1173,1481.0,-4072935.0
1174,1482.0,-4073061.75
1175,1483.0,-4073332.25
1176,1485.0,-4073357.0
1177,1486.0,-4073417.5
1178,1487.0,-4073423.0
1179,1488.0,-4073471.25
1180,1490.0,-4073625.5
1181,1491.0,-4073635.75
1182,1492.0,-4073836.0
1183,1494.0,-4073860.0
1184,1495.0,-4073908.0
1185,1496.0,-4073946.5
1186,1497.0,-4073961.75
1187,1499.0,-4074095.5
1188,1500.0,-4074239.25
1189,1501.0,-4074401.0
1190,1503.0,-4074457.25
1191,1504.0,-4074515.0
1192,1505.0,-4074546.25
1193,1506.0,-4074575.75
1194,1507.0,-4074578.5
1195,1508.0,-4074591.25
1196,1510.0,-4074799.75
1197,1512.0,-4074876.25
1198,1513.0,-4074954.0
1199,1514.0,-4074967.25
1200,1515.0,-4075057.0
1201,1517.0,-4075121.75
1202,1518.0,-4075154.5
1203,1519.0,-4075231.75
1204,1521.0,-4075289.25
1205,1522.0,-4075334.25
1206,1523.0,-4075403.25
1207,1524.0,-4075404.0
1208,1525.0,-4075497.5
1209,1527.0,-4075584.0
1210,1528.0,-4075600.75
1211,1529.0,-4075693.25
1212,1531.0,-4075754.75
1213,1532.0,-4075788.25
1214,1533.0,-4075849.0
1215,1535.0,-4075908.0
1216,1536.0,-4075974.75
1217,1537.0,-4076044.75
1218,1538.0,-4076062.0
1219,1539.0,-4076146.75
1220,1541.0,-4076217.5
1221,1542.0,-4076249.5
1222,1543.0,-4076336.0
1223,1545.0,-4076387.5
1224,1546.0,-4076432.0
1225,1547.0,-4076495.0
1226,1548.0,-4076506.5
1227,1549.0,-4076570.0
1228,1551.0,-4076656.5
1229,1552.0,-4076699.25
1230,1553.0,-4076802.25
1231,1555.0,-4076855.25
1232,1556.0,-4076898.0
1233,1557.0,-4076944.5
1234,1558.0,-4076961.75
1235,1559.0,-4077007.25
1236,1561.0,-4077111.5
1237,1562.0,-4077183.5
1238,1563.0,-4077326.75
1239,1565.0,-4077376.0
1240,1566.0,-4077423.0
1241,1567.0,-4077458.5
1242,1568.0,-4077472.0
1243,1569.0,-4077496.0
1244,1570.0,-4077507.5
1245,1572.0,-4077690.0
1246,1573.0,-4077744.75
1247,1574.0,-4077963.25
1248,1576.0,-4077997.75
1249,1577.0,-4078038.5
1250,1578.0,-4078052.75
1251,1579.0,-4078079.75
1252,1580.0,-4078081.25
1253,1582.0,-4078299.75
1254,1583.0,-4078477.0
1255,1584.0,-4078744.25
1256,1586.0,-4078767.5
1257,1587.0,-4078812.5
1258,1589.0,-4078897.0
1259,1590.0,-4078964.25
1260,1591.0,-4079070.25
1261,1593.0,-4079122.75
1262,1594.0,-4079161.75
1263,1595.0,-4079204.75
1264,1596.0,-4079243.25
1265,1597.0,-4079280.5
1266,1598.0,-4079296.75
1267,1599.0,-4079297.25
1268,1601.0,-4079476.25
1269,1602.0,-4079524.25
1270,1603.0,-4079767.5
1271,1605.0,-4079793.0
1272,1606.0,-4079838.0
1273,1607.0,-4079845.0
1274,1608.0,-4079872.0
1275,1610.0,-4080026.5
1276,1611.0,-4080046.25
1277,1612.0,-4080215.75
1278,1614.0,-4080264.75
1279,1615.0,-4080294.5
1280,1616.0,-4080331.5
1281,1617.0,-4080335.5
1282,1618.0,-4080349.75
1283,1620.0,-4080522.0
1284,1621.0,-4080579.0
1285,1622.0,-4080798.0
1286,1624.0,-4080834.25
1287,1625.0,-4080885.75
1288,1626.0,-4080892.75
1289,1627.0,-4080923.25
1290,1629.0,-4081056.0
1291,1630.0,-4081092.25
1292,1631.0,-4081273.0
1293,1633.0,-4081303.5
1294,1634.0,-4081349.5
1295,1635.0,-4081376.5
1296,1636.0,-4081407.25
1297,1638.0,-4081521.75
1298,1639.0,-4081601.75
1299,1640.0,-4081741.25
1300,1642.0,-4081780.25
1301,1643.0,-4081812.75
1302,1644.0,-4081855.5
1303,1645.0,-4081880.5
1304,1646.0,-4081888.5
1305,1647.0,-4081894.5
1306,1649.0,-4082088.0
1307,1650.0,-4082130.75
1308,1651.0,-4082362.5
1309,1653.0,-4082378.5
1310,1654.0,-4082420.0
1311,1655.0,-4082433.0
1312,1656.0,-4082470.75
1313,1658.0,-4082604.75
1314,1659.0,-4082617.75
1315,1660.0,-4082790.75
1316,1662.0,-4082826.0
1317,1663.0,-4082857.5
1318,1664.0,-4082879.75
1319,1665.0,-4082899.25
1320,1666.0,-4082914.25
1321,1668.0,-4083081.5
1322,1669.0,-4083128.25
1323,1670.0,-4083350.0
1324,1672.0,-4083369.75
1325,1673.0,-4083419.75
1326,1674.0,-4083429.5
1327,1675.0,-4083451.5
1328,1677.0,-4083581.0
1329,1678.0,-4083629.25
1330,1679.0,-4083796.75
1331,1681.0,-4083834.5
1332,1682.0,-4083876.75
1333,1683.0,-4083906.0
1334,1684.0,-4083926.0
1335,1686.0,-4084035.75
1336,1687.0,-4084119.75
1337,1688.0,-4084258.0
1338,1690.0,-4084303.5
1339,1691.0,-4084344.0
1340,1692.0,-4084377.25
1341,1693.0,-4084412.0
1342,1694.0,-4084413.75
1343,1695.0,-4084419.75
1344,1697.0,-4084595.0
1345,1698.0,-4084607.75
1346,1699.0,-4084829.0
1347,1701.0,-4084869.5
1348,1702.0,-4084913.5
1349,1704.0,-4084980.0
1350,1705.0,-4085061.5
1351,1706.0,-4085152.75
1352,1708.0,-4085212.75
1353,1709.0,-4085245.25
1354,1710.0,-4085287.0
1355,1711.0,-4085314.75
1356,1712.0,-4085348.0
1357,1714.0,-4085419.0
1358,1715.0,-4085548.0
1359,1716.0,-4085661.0
1360,1718.0,-4085699.75
1361,1719.0,-4085733.5
1362,1720.0,-4085767.5
1363,1721.0,-4085787.25
1364,1722.0,-4085818.25
1365,1723.0,-4085835.5
1366,1725.0,-4085968.0
1367,1726.0,-4086046.5
1368,1727.0,-4086224.0
1369,1729.0,-4086262.75
1370,1730.0,-4086298.5
1371,1731.0,-4086314.5
1372,1732.0,-4086348.0
1373,1734.0,-4086440.5
1374,1735.0,-4086502.75
1375,1736.0,-4086630.5
1376,1738.0,-4086662.0
1377,1739.0,-4086709.75
1378,1740.0,-4086748.25
1379,1741.0,-4086772.0
1380,1742.0,-4086794.25
1381,1744.0,-4086919.0
1382,1745.0,-4086981.0
1383,1746.0,-4087134.25
1384,1748.0,-4087166.0
1385,1749.0,-4087207.0
1386,1750.0,-4087228.75
1387,1751.0,-4087275.5
1388,1753.0,-4087364.5
1389,1754.0,-4087458.5
1390,1755.0,-4087592.0
1391,1757.0,-4087620.75
1392,1758.0,-4087658.75
1393,1759.0,-4087697.75
1394,1760.0,-4087733.0
1395,1762.0,-4087813.75
1396,1763.0,-4087893.5
1397,1764.0,-4088001.25
1398,1766.0,-4088034.75
1399,1767.0,-4088073.25
1400,1768.0,-4088102.5
1401,1769.0,-4088133.75
1402,1770.0,-4088161.0
1403,1771.0,-4088171.75
1404,1773.0,-4088298.0
1405,1774.0,-4088400.0
1406,1775.0,-4088580.25
1407,1777.0,-4088602.0
1408,1778.0,-4088644.75
1409,1779.0,-4088655.5
1410,1780.0,-4088705.0
1411,1782.0,-4088806.75
1412,1783.0,-4088837.0
1413,1784.0,-4088966.25
1414,1786.0,-4088997.5
1415,1787.0,-4089020.25
1416,1788.0,-4089054.5
1417,1789.0,-4089058.75
1418,1790.0,-4089083.0
1419,1792.0,-4089202.0
1420,1793.0,-4089292.25
1421,1794.0,-4089442.75
1422,1796.0,-4089489.75
1423,1797.0,-4089521.0
1424,1798.0,-4089542.0
1425,1799.0,-4089567.0
1426,1800.0,-4089578.25
1427,1801.0,-4089585.25
1428,1803.0,-4089773.5
1429,1805.0,-4089815.25
1430,1806.0,-4089882.25
1431,1807.0,-4089890.25
1432,1808.0,-4089973.0
1433,1810.0,-4090031.25
1434,1811.0,-4090049.25
1435,1812.0,-4090108.5
1436,1814.0,-4090157.25
1437,1815.0,-4090192.5
1438,1816.0,-4090260.5
1439,1817.0,-4090261.75
1440,1818.0,-4090327.75
1441,1820.0,-4090398.5
1442,1821.0,-4090403.75
1443,1822.0,-4090482.75
1444,1824.0,-4090522.75
1445,1825.0,-4090551.25
1446,1826.0,-4090601.25
1447,1827.0,-4090613.75
1448,1828.0,-4090665.75
1449,1830.0,-4090761.5
1450,1831.0,-4090766.75
1451,1832.0,-4090870.5
1452,1834.0,-4090906.5
1453,1835.0,-4090936.5
1454,1836.0,-4090978.75
1455,1837.0,-4090982.5
1456,1838.0,-4091021.5
1457,1840.0,-4091127.25
1458,1841.0,-4091127.75
1459,1842.0,-4091270.5
1460,1844.0,-4091299.25
1461,1845.0,-4091330.25
1462,1846.0,-4091355.0
1463,1847.0,-4091371.75
1464,1848.0,-4091379.0
1465,1850.0,-4091501.5
1466,1851.0,-4091548.5
1467,1852.0,-4091724.25
1468,1854.0,-4091759.0
1469,1855.0,-4091789.25
1470,1856.0,-4091809.25
1471,1857.0,-4091840.75
1472,1859.0,-4091954.0
1473,1860.0,-4092017.25
1474,1861.0,-4092155.5
1475,1863.0,-4092193.25
1476,1864.0,-4092237.5
1477,1865.0,-4092254.75
1478,1866.0,-4092291.25
1479,1868.0,-4092375.5
1480,1869.0,-4092420.0
1481,1870.0,-4092534.0
1482,1872.0,-4092576.0
1483,1873.0,-4092611.75
1484,1874.0,-4092634.0
1485,1875.0,-4092658.5
1486,1876.0,-4092680.75
1487,1878.0,-4092784.0
1488,1879.0,-4092899.5
1489,1880.0,-4093025.75
1490,1882.0,-4093062.25
1491,1883.0,-4093100.5
1492,1884.0,-4093133.25
1493,1885.0,-4093147.0
1494,1886.0,-4093157.0
1495,1887.0,-4093163.75
1496,1889.0,-4093315.5
1497,1891.0,-4093363.0
1498,1892.0,-4093422.5
1499,1893.0,-4093437.5
1500,1894.0,-4093505.75
1501,1896.0,-4093547.25
1502,1897.0,-4093583.25
1503,1898.0,-4093634.25
1504,1900.0,-4093679.75
1505,1901.0,-4093717.5
1506,1902.0,-4093778.0
1507,1904.0,-4093806.25
1508,1905.0,-4093849.0
1509,1906.0,-4093889.75
1510,1907.0,-4093917.0
1511,1908.0,-4093968.5
1512,1910.0,-4094014.75
1513,1911.0,-4094068.0
1514,1912.0,-4094136.25
1515,1914.0,-4094174.25
1516,1915.0,-4094201.25
1517,1916.0,-4094249.25
1518,1917.0,-4094272.0
1519,1918.0,-4094311.5
1520,1919.0,-4094321.25
1521,1920.0,-4094348.25
1522,1922.0,-4094470.5
1523,1923.0,-4094484.0
1524,1924.0,-4094653.75
1525,1926.0,-4094672.0
1526,1927.0,-4094704.25
1527,1928.0,-4094706.0
1528,1929.0,-4094729.5
1529,1931.0,-4094829.0
1530,1932.0,-4094896.25
1531,1933.0,-4095039.75
1532,1935.0,-4095076.0
1533,1936.0,-4095106.75
1534,1937.0,-4095139.0
1535,1938.0,-4095157.25
1536,1939.0,-4095168.25
1537,1941.0,-4095286.5
1538,1942.0,-4095413.75
1539,1943.0,-4095570.75
1540,1945.0,-4095584.25
1541,1946.0,-4095636.75
1542,1947.0,-4095639.5
1543,1948.0,-4095673.5
1544,1950.0,-4095767.75
1545,1951.0,-4095808.25
1546,1952.0,-4095922.0
1547,1954.0,-4095955.5
1548,1955.0,-4095990.75
1549,1956.0,-4096022.5
1550,1957.0,-4096049.75
1551,1958.0,-4096055.5
1552,1959.0,-4096060.5
1553,1961.0,-4096218.0
1554,1962.0,-4096232.5
1555,1963.0,-4096432.25
1556,1965.0,-4096444.5
1557,1966.0,-4096473.75
1558,1967.0,-4096477.5
1559,1968.0,-4096509.25
1560,1970.0,-4096625.5
1561,1971.0,-4096640.25
1562,1972.0,-4096808.5
1563,1974.0,-4096841.25
1564,1975.0,-4096863.0
1565,1976.0,-4096883.75
1566,1977.0,-4096901.75
1567,1979.0,-4097001.5
1568,1980.0,-4097048.75
1569,1981.0,-4097183.5
1570,1983.0,-4097214.0
1571,1984.0,-4097248.75
1572,1985.0,-4097273.0
1573,1986.0,-4097306.0
1574,1988.0,-4097401.75
1575,1989.0,-4097470.75
1576,1990.0,-4097595.25
1577,1992.0,-4097616.0
1578,1993.0,-4097647.25
1579,1994.0,-4097671.5
1580,1995.0,-4097698.0
1581,1996.0,-4097709.5
1582,1997.0,-4097739.25
1583,1999.0,-4097862.0
1584,2001.0,-4097914.5
1585,2002.0,-4097960.5
1586,2003.0,-4097967.25
1587,2004.0,-4098019.5
1588,2006.0,-4098072.75
1589,2007.0,-4098099.25
1590,2008.0,-4098145.0
1591,2009.0,-4098148.75
1592,2010.0,-4098211.25
1593,2012.0,-4098271.0
1594,2013.0,-4098289.0
1595,2014.0,-4098363.75
1596,2016.0,-4098412.75
1597,2017.0,-4098431.5
1598,2018.0,-4098476.5
1599,2019.0,-4098484.25
1600,2020.0,-4098535.25
1601,2022.0,-4098610.5
1602,2023.0,-4098619.75
1603,2024.0,-4098709.5
1604,2026.0,-4098741.5
1605,2027.0,-4098773.5
1606,2028.0,-4098805.0
1607,2029.0,-4098813.75
1608,2030.0,-4098836.75
1609,2032.0,-4098934.5
1610,2033.0,-4098953.25
1611,2034.0,-4099073.75
1612,2036.0,-4099105.0
1613,2037.0,-4099132.25
1614,2038.0,-4099160.5
1615,2039.0,-4099167.25
1616,2040.0,-4099177.25
1617,2042.0,-4099310.5
1618,2044.0,-4099358.25
1619,2045.0,-4099414.0
1620,2047.0,-4099436.25
1621,2048.0,-4099461.5
1622,2049.0,-4099490.25
1623,2050.0,-4099522.0
1624,2051.0,-4099558.25
1625,2052.0,-4099571.75
1626,2053.0,-4099610.25
1627,2055.0,-4099683.5
1628,2056.0,-4099730.5
1629,2057.0,-4099830.0
1630,2059.0,-4099848.25
1631,2060.0,-4099879.25
1632,2061.0,-4099905.75
1633,2062.0,-4099929.25
1634,2063.0,-4099965.5
1635,2065.0,-4100041.5
1636,2066.0,-4100120.5
1637,2067.0,-4100240.5
1638,2069.0,-4100267.25
1639,2070.0,-4100293.0
1640,2071.0,-4100313.0
1641,2072.0,-4100331.5
1642,2073.0,-4100354.0
1643,2074.0,-4100362.25
1644,2076.0,-4100503.0
1645,2078.0,-4100556.5
1646,2079.0,-4100600.0
1647,2080.0,-4100615.0
1648,2081.0,-4100675.0
1649,2083.0,-4100718.75
1650,2084.0,-4100745.5
1651,2085.0,-4100794.25
1652,2087.0,-4100846.25
1653,2088.0,-4100877.5
1654,2089.0,-4100929.0
1655,2091.0,-4100966.25
1656,2092.0,-4101003.0
1657,2093.0,-4101041.75
1658,2094.0,-4101060.75
1659,2095.0,-4101095.25
1660,2096.0,-4101101.75
1661,2097.0,-4101144.75
1662,2099.0,-4101223.75
1663,2100.0,-4101226.5
1664,2101.0,-4101350.5
1665,2103.0,-4101384.75
1666,2104.0,-4101409.25
1667,2105.0,-4101439.0
1668,2106.0,-4101441.5
1669,2107.0,-4101450.5
1670,2109.0,-4101569.75
1671,2110.0,-4101621.5
1672,2111.0,-4101771.0
1673,2113.0,-4101794.75
1674,2114.0,-4101834.25
1675,2115.0,-4101843.0
1676,2116.0,-4101875.25
1677,2118.0,-4101969.25
1678,2119.0,-4101986.25
1679,2120.0,-4102106.0
1680,2122.0,-4102130.5
1681,2123.0,-4102168.25
1682,2124.0,-4102197.5
1683,2125.0,-4102202.0
1684,2126.0,-4102210.75
1685,2128.0,-4102323.25
1686,2129.0,-4102376.25
1687,2130.0,-4102520.75
1688,2132.0,-4102544.5
1689,2133.0,-4102573.5
1690,2134.0,-4102591.75
1691,2135.0,-4102621.5
1692,2137.0,-4102707.75
1693,2138.0,-4102755.25
1694,2139.0,-4102872.0
1695,2141.0,-4102898.75
1696,2142.0,-4102927.25
1697,2143.0,-4102941.5
1698,2144.0,-4102958.0
1699,2145.0,-4102958.25
1700,2146.0,-4102969.25
1701,2148.0,-4103108.0
1702,2150.0,-4103157.0
1703,2151.0,-4103206.0
1704,2152.0,-4103215.75
1705,2153.0,-4103263.0
1706,2155.0,-4103317.75
1707,2156.0,-4103334.5
1708,2157.0,-4103375.75
1709,2159.0,-4103425.0
1710,2160.0,-4103447.75
1711,2161.0,-4103502.25
1712,2162.0,-4103504.0
1713,2163.0,-4103550.75
1714,2165.0,-4103610.25
1715,2166.0,-4103639.5
1716,2167.0,-4103710.75
1717,2169.0,-4103735.5
1718,2170.0,-4103757.75
1719,2171.0,-4103785.75
1720,2172.0,-4103795.75
1721,2173.0,-4103834.75
1722,2175.0,-4103905.75
1723,2176.0,-4103961.75
1724,2177.0,-4104052.75
1725,2179.0,-4104082.0
1726,2180.0,-4104115.5
1727,2181.0,-4104144.75
1728,2182.0,-4104160.0
1729,2183.0,-4104170.5
1730,2184.0,-4104172.5
1731,2186.0,-4104298.0
1732,2187.0,-4104339.5
1733,2188.0,-4104504.0
1734,2190.0,-4104524.5
1735,2191.0,-4104547.25
1736,2192.0,-4104555.5
1737,2193.0,-4104576.0
1738,2195.0,-4104681.75
1739,2196.0,-4104694.5
1740,2197.0,-4104820.5
1741,2199.0,-4104852.0
1742,2200.0,-4104871.0
1743,2201.0,-4104884.75
1744,2202.0,-4104911.75
1745,2204.0,-4104988.75
1746,2205.0,-4105051.75
1747,2206.0,-4105161.75
1748,2208.0,-4105194.75
1749,2209.0,-4105216.0
1750,2210.0,-4105249.5
1751,2211.0,-4105270.0
1752,2212.0,-4105274.25
1753,2213.0,-4105281.5
1754,2215.0,-4105402.5
1755,2216.0,-4105418.5
1756,2217.0,-4105588.0
1757,2219.0,-4105606.25
1758,2220.0,-4105635.75
1759,2221.0,-4105645.0
1760,2222.0,-4105663.5
1761,2224.0,-4105751.75
1762,2225.0,-4105752.5
1763,2226.0,-4105888.25
1764,2228.0,-4105920.25
1765,2229.0,-4105935.5
1766,2230.0,-4105958.75
1767,2231.0,-4105971.0
1768,2233.0,-4106060.0
1769,2234.0,-4106172.25
1770,2235.0,-4106294.0
1771,2237.0,-4106316.75
1772,2238.0,-4106356.0
1773,2239.0,-4106365.5
1774,2240.0,-4106403.25
1775,2242.0,-4106474.5
1776,2243.0,-4106497.75
1777,2244.0,-4106573.75
1778,2246.0,-4106614.0
1779,2247.0,-4106636.25
1780,2248.0,-4106662.0
1781,2249.0,-4106670.5
1782,2250.0,-4106689.5
1783,2252.0,-4106768.5
1784,2253.0,-4106816.5
1785,2254.0,-4106932.75
1786,2256.0,-4106955.75
1787,2257.0,-4106988.5
1788,2258.0,-4107001.5
1789,2259.0,-4107014.5
1790,2260.0,-4107016.75
1791,2261.0,-4107017.75
1792,2263.0,-4107144.25
1793,2264.0,-4107169.0
1794,2265.0,-4107348.75
1795,2267.0,-4107367.5
1796,2268.0,-4107404.0
1797,2269.0,-4107412.0
1798,2270.0,-4107434.5
1799,2272.0,-4107528.5
1800,2274.0,-4107558.25
1801,2275.0,-4107596.25
1802,2276.0,-4107608.5
1803,2277.0,-4107655.75
1804,2279.0,-4107692.25
1805,2280.0,-4107722.75
1806,2281.0,-4107776.5
1807,2282.0,-4107777.75
1808,2283.0,-4107836.0
1809,2285.0,-4107880.25
1810,2286.0,-4107890.25
1811,2287.0,-4107940.0
1812,2289.0,-4107972.5
1813,2290.0,-4108002.25
1814,2291.0,-4108052.25
1815,2293.0,-4108088.75
1816,2294.0,-4108134.5
1817,2295.0,-4108173.5
1818,2297.0,-4108201.75
1819,2298.0,-4108226.5
1820,2299.0,-4108263.0
1821,2300.0,-4108293.75
1822,2301.0,-4108327.5
1823,2303.0,-4108356.75
1824,2304.0,-4108390.5
1825,2305.0,-4108440.25
1826,2306.0,-4108441.75
1827,2307.0,-4108518.25
1828,2309.0,-4108562.25
1829,2310.0,-4108581.5
1830,2311.0,-4108643.25
1831,2313.0,-4108673.75
1832,2314.0,-4108689.5
1833,2315.0,-4108731.25
1834,2316.0,-4108736.0
1835,2317.0,-4108766.75
1836,2319.0,-4108824.75
1837,2320.0,-4108836.25
1838,2321.0,-4108921.0
1839,2323.0,-4108953.5
1840,2324.0,-4108983.75
1841,2325.0,-4109020.25
1842,2327.0,-4109058.0
1843,2328.0,-4109104.25
1844,2329.0,-4109156.75
1845,2331.0,-4109185.5
1846,2332.0,-4109203.0
1847,2333.0,-4109224.5
1848,2334.0,-4109236.75
1849,2335.0,-4109263.5
1850,2336.0,-4109278.0
1851,2337.0,-4109292.75
1852,2339.0,-4109388.75
1853,2340.0,-4109429.5
1854,2341.0,-4109562.5
1855,2343.0,-4109591.5
1856,2344.0,-4109614.75
1857,2345.0,-4109629.25
1858,2346.0,-4109663.0
1859,2348.0,-4109735.0
1860,2349.0,-4109761.75
1861,2350.0,-4109855.75
1862,2352.0,-4109878.5
1863,2353.0,-4109896.0
1864,2354.0,-4109926.25
1865,2355.0,-4109948.75
1866,2356.0,-4109961.25
1867,2358.0,-4110050.25
1868,2359.0,-4110112.0
1869,2360.0,-4110223.25
1870,2362.0,-4110244.25
1871,2363.0,-4110271.5
1872,2364.0,-4110281.25
1873,2365.0,-4110295.25
1874,2367.0,-4110368.75
1875,2368.0,-4110418.0
1876,2369.0,-4110514.25
1877,2371.0,-4110555.0
1878,2372.0,-4110577.5
1879,2373.0,-4110599.75
1880,2374.0,-4110617.75
1881,2376.0,-4110678.25
1882,2377.0,-4110731.75
1883,2378.0,-4110815.25
1884,2380.0,-4110835.0
1885,2381.0,-4110870.0
1886,2382.0,-4110885.0
1887,2383.0,-4110903.5
1888,2384.0,-4110916.0
1889,2385.0,-4110929.25
1890,2387.0,-4111026.75
1891,2388.0,-4111085.75
1892,2389.0,-4111217.5
1893,2391.0,-4111234.5
1894,2392.0,-4111261.0
1895,2393.0,-4111261.75
1896,2394.0,-4111284.75
1897,2396.0,-4111355.5
1898,2397.0,-4111375.0
1899,2398.0,-4111468.75
1900,2400.0,-4111498.5
1901,2401.0,-4111516.0
1902,2402.0,-4111536.25
1903,2403.0,-4111559.0
1904,2404.0,-4111561.75
1905,2406.0,-4111652.5
1906,2407.0,-4111698.25
1907,2408.0,-4111815.25
1908,2410.0,-4111832.5
1909,2411.0,-4111860.0
1910,2412.0,-4111876.75
1911,2413.0,-4111891.25
1912,2415.0,-4111963.0
1913,2416.0,-4112013.75
1914,2417.0,-4112106.75
1915,2419.0,-4112140.0
1916,2420.0,-4112172.25
1917,2421.0,-4112186.25
1918,2422.0,-4112218.5
1919,2424.0,-4112276.25
1920,2425.0,-4112327.5
1921,2426.0,-4112407.5
1922,2428.0,-4112428.5
1923,2429.0,-4112450.0
1924,2430.0,-4112466.25
1925,2431.0,-4112479.75
1926,2432.0,-4112490.75
1927,2433.0,-4112507.5
1928,2435.0,-4112602.5
1929,2436.0,-4112655.75
1930,2437.0,-4112781.25
1931,2439.0,-4112803.0
1932,2440.0,-4112821.5
1933,2441.0,-4112831.5
1934,2442.0,-4112838.75
1935,2444.0,-4112912.25
1936,2445.0,-4112927.5
1937,2446.0,-4113025.0
1938,2448.0,-4113042.25
1939,2449.0,-4113057.75
1940,2450.0,-4113082.75
1941,2451.0,-4113096.0
1942,2452.0,-4113105.5
1943,2454.0,-4113191.75
1944,2455.0,-4113243.75
1945,2456.0,-4113353.5
1946,2458.0,-4113373.75
1947,2459.0,-4113398.0
1948,2460.0,-4113417.5
1949,2461.0,-4113445.75
1950,2463.0,-4113516.5
1951,2464.0,-4113551.5
1952,2465.0,-4113646.5
1953,2467.0,-4113671.75
1954,2468.0,-4113689.75
1955,2469.0,-4113701.0
1956,2470.0,-4113726.0
1957,2472.0,-4113784.25
1958,2473.0,-4113837.25
1959,2474.0,-4113917.75
1960,2476.0,-4113943.75
1961,2477.0,-4113972.75
1962,2478.0,-4113988.0
1963,2479.0,-4114007.5
1964,2480.0,-4114024.75
1965,2481.0,-4114027.75
1966,2483.0,-4114111.0
1967,2484.0,-4114163.75
1968,2485.0,-4114292.25
1969,2487.0,-4114316.0
1970,2488.0,-4114341.0
1971,2489.0,-4114355.0
1972,2490.0,-4114384.5
1973,2492.0,-4114449.5
1974,2493.0,-4114459.25
1975,2494.0,-4114554.75
1976,2496.0,-4114578.0
1977,2497.0,-4114588.25
1978,2498.0,-4114622.0
1979,2500.0,-4114661.5
1980,2501.0,-4114750.5
1981,2502.0,-4114811.0
1982,2504.0,-4114836.25
1983,2505.0,-4114868.25
1984,2506.0,-4114887.25
1985,2507.0,-4114910.25
1986,2508.0,-4114932.5
1987,2509.0,-4114950.0
1988,2511.0,-4115022.75
1989,2512.0,-4115061.75
1990,2513.0,-4115154.0
1991,2515.0,-4115183.0
1992,2516.0,-4115210.0
1993,2517.0,-4115221.75
1994,2518.0,-4115253.0
1995,2520.0,-4115307.25
1996,2521.0,-4115340.5
1997,2522.0,-4115419.25
1998,2524.0,-4115444.5
1999,2525.0,-4115468.5
2000,2526.0,-4115486.0
2001,2527.0,-4115508.25
2002,2528.0,-4115518.0
2003,2529.0,-4115518.5
2004,2531.0,-4115613.75
2005,2532.0,-4115673.25
2006,2533.0,-4115805.0
2007,2535.0,-4115825.0
2008,2536.0,-4115851.5
2009,2538.0,-4115895.25
2010,2539.0,-4115923.0
2011,2540.0,-4115976.25
2012,2542.0,-4115999.75
2013,2543.0,-4116013.75
2014,2544.0,-4116039.5
2015,2545.0,-4116063.0
2016,2546.0,-4116096.25
2017,2548.0,-4116142.75
2018,2549.0,-4116184.75
2019,2550.0,-4116243.75
2020,2552.0,-4116269.0
2021,2553.0,-4116288.75
2022,2554.0,-4116310.25
2023,2555.0,-4116332.0
2024,2556.0,-4116340.0
2025,2557.0,-4116346.5
2026,2558.0,-4116357.75
2027,2560.0,-4116458.5
2028,2561.0,-4116483.25
2029,2562.0,-4116613.25
2030,2564.0,-4116626.0
2031,2565.0,-4116650.5
2032,2566.0,-4116652.0
2033,2567.0,-4116665.5
2034,2569.0,-4116735.75
2035,2570.0,-4116763.75
2036,2571.0,-4116872.25
2037,2573.0,-4116884.75
2038,2574.0,-4116906.75
2039,2575.0,-4116918.25
2040,2576.0,-4116941.0
2041,2578.0,-4117006.25
2042,2579.0,-4117058.0
2043,2580.0,-4117142.5
2044,2582.0,-4117165.0
2045,2583.0,-4117190.5
2046,2584.0,-4117214.0
2047,2585.0,-4117228.75
2048,2586.0,-4117232.25
2049,2587.0,-4117235.75
2050,2589.0,-4117343.5
2051,2591.0,-4117384.5
2052,2592.0,-4117425.5
2053,2594.0,-4117444.25
2054,2595.0,-4117466.5
2055,2596.0,-4117495.25
2056,2597.0,-4117513.75
2057,2598.0,-4117547.25
2058,2599.0,-4117551.25
2059,2600.0,-4117565.75
2060,2601.0,-4117566.5
2061,2603.0,-4117657.25
