,0,1,2
0,0.0,0.0,1.158640863410926
1,1.0,50.0,0.8478800773832436
2,2.0,100.0,0.7627090539405005
3,3.0,150.0,0.7880769333203891
4,4.0,200.0,1.06626577806145
5,5.0,250.0,1.2673364763881154
6,6.0,300.0,1.3252112267188292
7,7.0,350.0,1.4117663814100663
8,8.0,400.0,1.531262481503916
9,9.0,450.0,1.3816596078556982
10,10.0,500.0,1.483039011901114
11,11.0,550.0,1.547359740798135
12,12.0,600.0,1.5418890680110093
13,13.0,650.0,1.4173790542299454
14,14.0,700.0,1.4087002290632635
15,15.0,750.0,1.4843328540225766
16,16.0,800.0,1.5745426603761694
17,17.0,850.0,1.5643034488313705
18,18.0,900.0,1.5772360657291817
19,19.0,950.0,1.4492528583544881
20,20.0,1000.0,1.4582286597148306
21,21.0,1050.0,1.4230806980057826
22,22.0,1100.0,1.565742806484956
23,23.0,1150.0,1.5853227344368679
24,24.0,1200.0,1.570432916037635
25,25.0,1250.0,1.5182621776825216
26,26.0,1300.0,1.516050994252667
27,27.0,1350.0,1.401064590124962
28,28.0,1400.0,1.326478807871705
29,29.0,1450.0,1.4220599005142833
30,30.0,1500.0,1.2594190663906106
31,31.0,1550.0,1.4231272652914717
32,32.0,1600.0,1.4650094144538768
33,33.0,1650.0,1.3159757031731454
34,34.0,1700.0,1.644610279441613
35,35.0,1750.0,1.4057569444347502
36,36.0,1800.0,1.6152403558524466
37,37.0,1850.0,1.5626248786880508
38,38.0,1900.0,1.5566492224533548
39,39.0,1950.0,1.385914072029046
40,40.0,2000.0,1.5953777404364973
41,41.0,2050.0,1.6980787220823843
42,42.0,2100.0,1.4494959290487284
43,43.0,2150.0,1.4917793318568437
44,44.0,2200.0,1.5445340679880801
45,45.0,2250.0,1.473024607861584
46,46.0,2300.0,1.2396487899331385
47,47.0,2350.0,1.418812915218791
48,48.0,2400.0,1.467120909741635
49,49.0,2450.0,1.403236464379269
50,50.0,2500.0,1.2736404866319977
51,51.0,2550.0,1.2384468689171553
52,52.0,2600.0,1.3856833712485352
53,53.0,2650.0,1.2087125539654513
54,54.0,2700.0,1.2519658785556043
55,55.0,2750.0,1.3253372973979574
56,56.0,2800.0,1.2173052377468223
57,57.0,2850.0,1.2505948029559886
58,58.0,2900.0,1.2880148595780216
59,59.0,2950.0,1.1423167876997082
60,60.0,3000.0,1.3213435071896689
61,61.0,3050.0,1.2859149243199317
62,62.0,3100.0,1.119380455691166
63,63.0,3150.0,1.1597567807099358
64,64.0,3200.0,1.3413624569086136
65,65.0,3250.0,1.4133309530280063
66,66.0,3300.0,1.4651969144610597
67,67.0,3350.0,1.3918187433601128
68,68.0,3400.0,1.5352705179197814
69,69.0,3450.0,1.264763341290571
70,70.0,3500.0,1.3039873006466987
71,71.0,3550.0,1.2792990851163812
72,72.0,3600.0,1.1863985627537534
73,73.0,3650.0,1.2202246895440578
74,74.0,3700.0,1.3111112157560327
75,75.0,3750.0,1.2698350978221635
76,76.0,3800.0,1.4982955572799552
77,77.0,3850.0,1.5362712105272813
78,78.0,3900.0,1.563683484275508
79,79.0,3950.0,1.6206461147947084
80,80.0,4000.0,1.465311033202407
81,81.0,4050.0,1.4528005895528617
82,82.0,4100.0,1.5909477126449516
83,83.0,4150.0,1.5596403991759837
84,84.0,4200.0,1.5539176465012678
85,85.0,4250.0,1.5699914805527355
86,86.0,4300.0,1.415806619027934
87,87.0,4350.0,1.5930437167940668
88,88.0,4400.0,1.4714947246101395
89,89.0,4450.0,1.6726945762402892
90,90.0,4500.0,1.5358610593140039
91,91.0,4550.0,1.5701806689978777
92,92.0,4600.0,1.430017009827587
93,93.0,4650.0,1.620328187953504
94,94.0,4700.0,1.4744850094130704
95,95.0,4750.0,1.5601706776601407
96,96.0,4800.0,1.4849331206429834
97,97.0,4850.0,1.5526121872319185
98,98.0,4900.0,1.268534701513675
99,99.0,4950.0,1.4338473389496418
100,100.0,5000.0,1.5900147870716086
101,101.0,5050.0,1.7211052877574193
102,102.0,5100.0,1.3361468049628413
103,103.0,5150.0,1.251347297290277
104,104.0,5200.0,1.262273870665273
105,105.0,5250.0,1.37509345996837
106,106.0,5300.0,1.4112306625492193
107,107.0,5350.0,1.288192116902194
108,108.0,5400.0,1.4591151858664106
109,109.0,5450.0,1.253616570662405
110,110.0,5500.0,1.6318031260024493
111,111.0,5550.0,1.475403857037952
112,112.0,5600.0,1.8167996316144175
113,113.0,5650.0,1.631824689918019
114,114.0,5700.0,1.4046061317247243
115,115.0,5750.0,1.6756540338220813
116,116.0,5800.0,1.6527572205552536
117,117.0,5850.0,1.3433157489852563
118,118.0,5900.0,1.4137149550348471
119,119.0,5950.0,1.4237870784701347
120,120.0,6000.0,1.1864586305820983
121,121.0,6050.0,1.4303536252721958
122,122.0,6100.0,1.3134642548836073
123,123.0,6150.0,1.318142871525876
124,124.0,6200.0,1.4212221051631788
125,125.0,6250.0,1.3069542501701465
126,126.0,6300.0,1.1496112378171142
127,127.0,6350.0,1.276983710572307
128,128.0,6400.0,1.4428203507879787
129,129.0,6450.0,1.2769566616180208
130,130.0,6500.0,1.3250528721946364
131,131.0,6550.0,1.3486671785055535
132,132.0,6600.0,1.2430230547727583
133,133.0,6650.0,1.2546617389358226
134,134.0,6700.0,1.376038301186181
135,135.0,6750.0,1.1947956762441267
136,136.0,6800.0,1.3870695660480492
137,137.0,6850.0,1.230237757449792
138,138.0,6900.0,1.3595203465857726
139,139.0,6950.0,1.3141637089130738
140,140.0,7000.0,1.3687599329771833
141,141.0,7050.0,1.1960766250836912
142,142.0,7100.0,1.241944892701955
143,143.0,7150.0,1.1597685426469748
144,144.0,7200.0,1.3702267505827095
145,145.0,7250.0,1.0966648683543234
146,146.0,7300.0,1.2930630857338803
147,147.0,7350.0,1.4604312327986202
148,148.0,7400.0,1.3570870221811613
149,149.0,7450.0,1.257216735652643
150,150.0,7500.0,1.3089580928229787
151,151.0,7550.0,0.831630879759464
152,152.0,7600.0,1.250595137900607
153,153.0,7650.0,1.4781573669037227
154,154.0,7700.0,1.3614353101254604
155,155.0,7750.0,1.168115147469025
156,156.0,7800.0,1.2312858798438968
157,157.0,7850.0,1.303679432858489
158,158.0,7900.0,1.5014653890208067
159,159.0,7950.0,1.2542711006880378
160,160.0,8000.0,1.2037277929574675
161,161.0,8050.0,1.311306550949163
162,162.0,8100.0,1.504784114017999
163,163.0,8150.0,1.3762762361386223
164,164.0,8200.0,1.4257379111179553
165,165.0,8250.0,1.3094502699118793
166,166.0,8300.0,1.3756375661102098
167,167.0,8350.0,1.256575045415602
168,168.0,8400.0,1.3861548450733319
169,169.0,8450.0,1.399815751476178
170,170.0,8500.0,1.4379426516311642
171,171.0,8550.0,1.2547084930089385
172,172.0,8600.0,1.305633075006884
173,173.0,8650.0,1.4792028388920386
174,174.0,8700.0,1.5765357802222861
175,175.0,8750.0,1.544039625264792
176,176.0,8800.0,1.4686247624106048
177,177.0,8850.0,1.5824742138994135
178,178.0,8900.0,1.4156981059698626
179,179.0,8950.0,1.272903083367295
180,180.0,9000.0,1.2432059268552658
181,181.0,9050.0,1.2095056838204972
182,182.0,9100.0,1.2701816928132224
183,183.0,9150.0,1.1575229974577277
184,184.0,9200.0,1.1225407068074893
185,185.0,9250.0,1.3766863365695836
186,186.0,9300.0,1.2489127146495975
187,187.0,9350.0,1.3389852299568195
188,188.0,9400.0,1.2031468600167532
189,189.0,9450.0,0.9827401592274395
190,190.0,9500.0,0.8890525912393105
191,191.0,9550.0,1.286395029688496
192,192.0,9600.0,1.2574698972202483
193,193.0,9650.0,1.4142942141560877
194,194.0,9700.0,1.0392410938052226
195,195.0,9750.0,1.1431097599634887
196,196.0,9800.0,1.3126321606040874
197,197.0,9850.0,1.3923644572962788
198,198.0,9900.0,1.376992955684128
199,199.0,9950.0,1.255373314314873
200,200.0,10000.0,1.2320002013268374
201,201.0,10050.0,1.337663125511383
202,202.0,10100.0,1.2546914724003908
203,203.0,10150.0,1.3164846524954767
204,204.0,10200.0,1.2188203929776051
205,205.0,10250.0,1.2474877349559108
206,206.0,10300.0,1.094172414021943
207,207.0,10350.0,1.0120043365028242
208,208.0,10400.0,1.2794590320610701
209,209.0,10450.0,1.1960649986522376
210,210.0,10500.0,1.1398169645235479
211,211.0,10550.0,1.3572930898898679
212,212.0,10600.0,1.1782172549450938
213,213.0,10650.0,1.2219774139231445
214,214.0,10700.0,1.250301897719734
215,215.0,10750.0,1.1860617380402911
216,216.0,10800.0,0.741969553677109
217,217.0,10850.0,0.9704491905691023
218,218.0,10900.0,1.2526978101028678
219,219.0,10950.0,1.328833142081009
220,220.0,11000.0,1.3170910672035643
221,221.0,11050.0,1.2988997667986673
222,222.0,11100.0,1.1613509089270553
223,223.0,11150.0,1.2594642197227552
224,224.0,11200.0,1.3303298950547278
225,225.0,11250.0,1.265708471561784
226,226.0,11300.0,1.5250906740224714
227,227.0,11350.0,1.6804041123722855
228,228.0,11400.0,1.358722245297402
229,229.0,11450.0,1.2906207821684914
230,230.0,11500.0,1.5682722720423445
231,231.0,11550.0,1.5000843107413213
232,232.0,11600.0,1.5527131224421407
233,233.0,11650.0,1.5554621172862442
234,234.0,11700.0,1.559588865465231
235,235.0,11750.0,1.1482323157252277
236,236.0,11800.0,1.277515561635778
237,237.0,11850.0,1.2907329881057987
238,238.0,11900.0,1.2751005714818402
239,239.0,11950.0,1.3962768993354435
240,240.0,12000.0,1.182613997291949
241,241.0,12050.0,1.2427677006638285
242,242.0,12100.0,1.2844436046906595
243,243.0,12150.0,1.1248911005590982
244,244.0,12200.0,1.3305231631957333
245,245.0,12250.0,1.3423848343862155
246,246.0,12300.0,1.4074237364498121
247,247.0,12350.0,1.5008257140272352
248,248.0,12400.0,1.377554068374863
249,249.0,12450.0,1.2016331503351605
250,250.0,12500.0,0.8003594135725801
251,251.0,12550.0,1.1570139790639986
252,252.0,12600.0,1.4895174579706512
253,253.0,12650.0,1.6241548404815949
254,254.0,12700.0,1.5484211828756222
255,255.0,12750.0,1.4994457531313437
256,256.0,12800.0,1.4928522319409379
257,257.0,12850.0,1.3982662420755758
258,258.0,12900.0,1.5251377297505941
259,259.0,12950.0,0.9826483883515283
260,260.0,13000.0,1.1415936080287483
261,261.0,13050.0,1.3515654561077242
262,262.0,13100.0,1.246133537580118
263,263.0,13150.0,1.1715105905061969
264,264.0,13200.0,1.2148686562436188
265,265.0,13250.0,1.3303645908197677
266,266.0,13300.0,1.1612752533046282
267,267.0,13350.0,1.205303933605613
268,268.0,13400.0,1.1922062560224849
269,269.0,13450.0,1.2773589525158917
270,270.0,13500.0,1.3245003844426217
271,271.0,13550.0,1.3447969389343088
272,272.0,13600.0,1.258651604016004
273,273.0,13650.0,1.4172274330361239
274,274.0,13700.0,1.5741891772262908
275,275.0,13750.0,1.5977895624753409
276,276.0,13800.0,1.5247569170115494
277,277.0,13850.0,1.5821376216865557
278,278.0,13900.0,1.6104333269488784
279,279.0,13950.0,1.3431126643271734
280,280.0,14000.0,1.2126020379349756
281,281.0,14050.0,1.2354868904703373
282,282.0,14100.0,1.4202874782219408
283,283.0,14150.0,1.2177514982602338
284,284.0,14200.0,1.470254714866866
285,285.0,14250.0,1.5573771776023584
286,286.0,14300.0,1.569959316854365
287,287.0,14350.0,1.1562953064510963
288,288.0,14400.0,1.4963143129188707
289,289.0,14450.0,1.233984153172698
290,290.0,14500.0,1.5930353530020334
291,291.0,14550.0,1.3193071705381438
292,292.0,14600.0,1.1958694181548848
293,293.0,14650.0,1.3856607732890962
294,294.0,14700.0,1.2270618159263489
295,295.0,14750.0,1.2544582962213222
296,296.0,14800.0,0.9269591882315079
297,297.0,14850.0,1.3969604441647918
298,298.0,14900.0,1.327225932538261
299,299.0,14950.0,1.1228063631312104
300,300.0,15000.0,1.4724104496931785
301,301.0,15050.0,1.2707149422612047
302,302.0,15100.0,1.3291261498309688
303,303.0,15150.0,1.604146364250448
304,304.0,15200.0,1.518653580745369
305,305.0,15250.0,1.507845691990208
306,306.0,15300.0,1.2504949898595663
307,307.0,15350.0,1.2699029878584789
308,308.0,15400.0,1.1972372546896406
309,309.0,15450.0,1.245232276837733
310,310.0,15500.0,1.299864117798266
311,311.0,15550.0,1.2667672217767612
312,312.0,15600.0,1.4324839158578897
313,313.0,15650.0,0.9692828229535592
314,314.0,15700.0,1.2856592983705684
315,315.0,15750.0,1.223327170967311
316,316.0,15800.0,1.283298197722148
317,317.0,15850.0,1.4125246081244573
318,318.0,15900.0,1.5954738072252646
319,319.0,15950.0,1.5641063155995165
320,320.0,16000.0,1.6413821104244237
321,321.0,16050.0,1.2315110638991982
322,322.0,16100.0,1.29492705309859
323,323.0,16150.0,1.4142311571083104
324,324.0,16200.0,1.6155119994881553
325,325.0,16250.0,1.3499243722539673
326,326.0,16300.0,1.5364344360207236
327,327.0,16350.0,1.4238884233699578
328,328.0,16400.0,1.6172428278703381
329,329.0,16450.0,1.270880920744423
330,330.0,16500.0,1.5357311580597133
331,331.0,16550.0,1.2419932087356083
332,332.0,16600.0,1.3311570210385304
333,333.0,16650.0,1.188485540829467
334,334.0,16700.0,1.1481981787886242
335,335.0,16750.0,1.3407487891320768
336,336.0,16800.0,1.2500485178857825
337,337.0,16850.0,1.2296320243139627
338,338.0,16900.0,1.425413079814524
339,339.0,16950.0,1.340147032422693
340,340.0,17000.0,1.3417320806361013
341,341.0,17050.0,1.203481587218563
342,342.0,17100.0,1.3565443083527846
343,343.0,17150.0,1.3140600183580897
344,344.0,17200.0,1.29199727143043
345,345.0,17250.0,1.0743688442347834
346,346.0,17300.0,1.177214056121557
347,347.0,17350.0,1.2605117281451954
348,348.0,17400.0,1.3159553840362281
349,349.0,17450.0,1.1575727652353733
350,350.0,17500.0,1.2147628439714333
351,351.0,17550.0,1.3935890381621407
352,352.0,17600.0,1.2898102063287746
353,353.0,17650.0,1.2022892191904755
354,354.0,17700.0,0.9888103690953778
355,355.0,17750.0,1.2900194494200805
356,356.0,17800.0,1.1428286817654343
357,357.0,17850.0,1.3161261589624007
358,358.0,17900.0,0.9160280281667609
359,359.0,17950.0,1.2871053340742222
360,360.0,18000.0,1.2142271535696416
361,361.0,18050.0,1.360554496884241
362,362.0,18100.0,0.9954030667003683
363,363.0,18150.0,1.234707306289532
364,364.0,18200.0,1.4028633577238587
365,365.0,18250.0,1.2468438605907781
366,366.0,18300.0,1.4675002756509343
367,367.0,18350.0,1.3391957828511003
368,368.0,18400.0,1.4523169725716294
369,369.0,18450.0,1.3696074674597654
370,370.0,18500.0,1.2998443694696848
371,371.0,18550.0,1.1936220727409819
372,372.0,18600.0,1.2736350593059247
373,373.0,18650.0,1.5367708033775545
374,374.0,18700.0,1.4925022518386235
375,375.0,18750.0,1.3928242671685773
376,376.0,18800.0,1.1797543707998506
377,377.0,18850.0,1.5252625973600216
378,378.0,18900.0,1.4663332589511104
379,379.0,18950.0,1.335584907521431
380,380.0,19000.0,1.4030121305246281
381,381.0,19050.0,1.357800194686721
382,382.0,19100.0,1.397905321613813
383,383.0,19150.0,1.5826156777397715
384,384.0,19200.0,1.4763098614668007
385,385.0,19250.0,1.4835351905507799
386,386.0,19300.0,1.4230016996015769
387,387.0,19350.0,1.3206903178194975
388,388.0,19400.0,1.3147472298251064
389,389.0,19450.0,1.2986214728441545
390,390.0,19500.0,1.1368786750519355
391,391.0,19550.0,1.2335541964093555
392,392.0,19600.0,1.079569639023139
393,393.0,19650.0,1.2083703941245827
394,394.0,19700.0,1.2205586022610544
395,395.0,19750.0,1.4489727295674724
396,396.0,19800.0,1.0959840429972012
397,397.0,19850.0,0.8344643909932584
398,398.0,19900.0,1.324332539069125
399,399.0,19950.0,1.2534421720698639
400,400.0,20000.0,1.2715703558166456
401,401.0,20050.0,1.2960109497946628
402,402.0,20100.0,1.0833035218988476
403,403.0,20150.0,1.266304895873386
404,404.0,20200.0,1.1821502596436624
405,405.0,20250.0,1.6019079921844885
406,406.0,20300.0,1.359257391176054
407,407.0,20350.0,1.108369898152724
408,408.0,20400.0,1.2132423213915349
409,409.0,20450.0,1.216186666561674
410,410.0,20500.0,1.2860452772432829
411,411.0,20550.0,1.3241726196916117
412,412.0,20600.0,1.0611027810448972
413,413.0,20650.0,0.9497438319932068
414,414.0,20700.0,1.452669390113087
415,415.0,20750.0,1.4253740899989258
416,416.0,20800.0,1.5900079239023255
417,417.0,20850.0,1.3597147666856717
418,418.0,20900.0,1.1938862509648238
419,419.0,20950.0,1.2266715490064055
420,420.0,21000.0,1.5524633582615321
421,421.0,21050.0,1.3869108466705167
422,422.0,21100.0,1.5060559742288677
423,423.0,21150.0,1.388911255669332
424,424.0,21200.0,1.7059805783591389
425,425.0,21250.0,1.325733875075931
426,426.0,21300.0,1.3359706139715757
427,427.0,21350.0,1.527609551748695
428,428.0,21400.0,1.5294325793295973
429,429.0,21450.0,1.5906196208019854
430,430.0,21500.0,1.3006884909320855
431,431.0,21550.0,1.2923425052699877
432,432.0,21600.0,1.3475669167262188
433,433.0,21650.0,1.3635876536261664
434,434.0,21700.0,1.2407626361671547
435,435.0,21750.0,1.3320994150453849
436,436.0,21800.0,1.3365320308221704
437,437.0,21850.0,1.5743109829043842
438,438.0,21900.0,1.2792648284142993
439,439.0,21950.0,1.4572369979143736
440,440.0,22000.0,1.2691999860041625
441,441.0,22050.0,1.271957378529908
442,442.0,22100.0,1.3804476839834654
443,443.0,22150.0,1.5636730823295752
444,444.0,22200.0,1.516326342744838
445,445.0,22250.0,1.2826314863670518
446,446.0,22300.0,1.308708110950115
447,447.0,22350.0,1.3381216386726127
448,448.0,22400.0,1.337051358408161
449,449.0,22450.0,1.2189336760576588
450,450.0,22500.0,1.2763308560575979
451,451.0,22550.0,1.7321924492823328
452,452.0,22600.0,1.6331400601872883
453,453.0,22650.0,1.3413248120859296
454,454.0,22700.0,1.289414093620654
455,455.0,22750.0,1.048469150190549
456,456.0,22800.0,0.9928845529837397
457,457.0,22850.0,1.3888369621483352
458,458.0,22900.0,1.263378685837678
459,459.0,22950.0,1.1648720860434356
460,460.0,23000.0,1.3749921772245755
461,461.0,23050.0,1.347305088078901
462,462.0,23100.0,1.2955273561919645
463,463.0,23150.0,1.1931221683167081
464,464.0,23200.0,1.1433893917212032
465,465.0,23250.0,1.1594966456954976
466,466.0,23300.0,1.3275856719002592
467,467.0,23350.0,1.4396708848368178
468,468.0,23400.0,1.2050458482314614
469,469.0,23450.0,1.2037671499254885
470,470.0,23500.0,1.300277984404987
471,471.0,23550.0,1.2972091425022485
472,472.0,23600.0,1.2224963811789902
473,473.0,23650.0,1.265949733481076
474,474.0,23700.0,1.2467690743485016
475,475.0,23750.0,1.2054537373282854
476,476.0,23800.0,1.282821241220722
477,477.0,23850.0,1.3015262525299618
478,478.0,23900.0,1.2631581979263944
479,479.0,23950.0,1.1898976582612257
480,480.0,24000.0,1.2862928457642098
481,481.0,24050.0,1.4163798741159126
482,482.0,24100.0,1.2376904488188043
483,483.0,24150.0,1.3936383924921305
484,484.0,24200.0,1.4364505815706532
485,485.0,24250.0,1.220318510452912
486,486.0,24300.0,1.2889129808159308
487,487.0,24350.0,1.2242651726996985
488,488.0,24400.0,1.1871494728435221
489,489.0,24450.0,1.2782615430338324
490,490.0,24500.0,1.1156240832217712
491,491.0,24550.0,1.360406410990445
492,492.0,24600.0,1.343513976791063
493,493.0,24650.0,0.9695528635362798
494,494.0,24700.0,1.3582366045252978
495,495.0,24750.0,1.5405153966537448
496,496.0,24800.0,1.2191712956795806
497,497.0,24850.0,1.2223543193245467
498,498.0,24900.0,1.3724966578412823
499,499.0,24950.0,1.2313166603724757
500,500.0,25000.0,1.2961856810724157
501,501.0,25050.0,1.0077951670773748
502,502.0,25100.0,1.4303726546202091
503,503.0,25150.0,1.5113457959443557
504,504.0,25200.0,1.7019111429044032
505,505.0,25250.0,1.8207996083190219
506,506.0,25300.0,1.6924311752097603
507,507.0,25350.0,1.4867082631405097
508,508.0,25400.0,1.2933963636486174
509,509.0,25450.0,1.363341748093932
510,510.0,25500.0,1.2629360370090912
511,511.0,25550.0,1.3862019357731272
512,512.0,25600.0,1.3388260331527515
513,513.0,25650.0,1.1630022676817664
514,514.0,25700.0,1.1437111290754762
515,515.0,25750.0,0.9737244209477212
516,516.0,25800.0,1.2554730601433302
517,517.0,25850.0,0.7994834790504267
518,518.0,25900.0,1.2294903493783274
519,519.0,25950.0,0.6103811873356171
520,520.0,26000.0,0.9461847990217542
521,521.0,26050.0,1.0652060605089584
522,522.0,26100.0,1.3283564491678663
523,523.0,26150.0,1.607919341681349
524,524.0,26200.0,1.4770790387776762
525,525.0,26250.0,1.2535669897298394
526,526.0,26300.0,1.4174656851662184
527,527.0,26350.0,1.795984638760684
528,528.0,26400.0,1.675191943150029
529,529.0,26450.0,1.236447283004616
530,530.0,26500.0,1.410510324199901
531,531.0,26550.0,1.3895496539356478
532,532.0,26600.0,1.153167966724046
533,533.0,26650.0,1.499504444572324
534,534.0,26700.0,1.661994296197514
535,535.0,26750.0,1.5178144016357353
536,536.0,26800.0,1.6292225476780113
537,537.0,26850.0,1.716391369158009
538,538.0,26900.0,1.751537001718758
539,539.0,26950.0,1.6500863373849417
540,540.0,27000.0,1.4865920958558
541,541.0,27050.0,1.6590012515830468
542,542.0,27100.0,1.911408750451652
543,543.0,27150.0,1.6423365589609393
544,544.0,27200.0,1.6349385583304068
545,545.0,27250.0,1.6575237309169764
546,546.0,27300.0,1.5415819076120376
547,547.0,27350.0,1.4690360911993983
548,548.0,27400.0,1.4330065646058268
549,549.0,27450.0,1.5057379662042951
550,550.0,27500.0,1.564998525747543
551,551.0,27550.0,1.2778985040885402
552,552.0,27600.0,1.3550123060075077
553,553.0,27650.0,1.4139023466013552
554,554.0,27700.0,1.4689763815502195
555,555.0,27750.0,1.4952449679494006
556,556.0,27800.0,1.4390614827451598
557,557.0,27850.0,1.432110162398068
558,558.0,27900.0,1.5382632177542834
559,559.0,27950.0,1.590608583310948
560,560.0,28000.0,1.4298344828890603
561,561.0,28050.0,1.5147759770989861
562,562.0,28100.0,1.533498696617963
563,563.0,28150.0,1.4981961323186157
564,564.0,28200.0,1.4793291142492353
565,565.0,28250.0,1.685541692896077
566,566.0,28300.0,1.3592839827447125
567,567.0,28350.0,1.573611571820765
568,568.0,28400.0,1.584573287149731
569,569.0,28450.0,1.645491106831179
570,570.0,28500.0,1.4629212118962356
571,571.0,28550.0,1.619779548351039
572,572.0,28600.0,1.5604812025508108
573,573.0,28650.0,1.5586157961175537
574,574.0,28700.0,1.4639372388225926
575,575.0,28750.0,1.5948801785554991
576,576.0,28800.0,1.6121328256893561
577,577.0,28850.0,1.338665125306295
578,578.0,28900.0,1.5417539187747051
579,579.0,28950.0,1.7541977379156664
580,580.0,29000.0,1.9291369892432504
581,581.0,29050.0,2.014151444911927
582,582.0,29100.0,1.7858231913563463
583,583.0,29150.0,2.1731673119736596
584,584.0,29200.0,1.7143034605652152
585,585.0,29250.0,1.7468701537267037
586,586.0,29300.0,1.2663560689449476
587,587.0,29350.0,1.5559302706234714
588,588.0,29400.0,1.5599453561512353
589,589.0,29450.0,1.8999252089807894
590,590.0,29500.0,1.4896806346365972
591,591.0,29550.0,1.7221863816921352
592,592.0,29600.0,1.1765685121116825
593,593.0,29650.0,1.473197457048002
594,594.0,29700.0,1.9872557089079737
595,595.0,29750.0,1.829961131066517
596,596.0,29800.0,2.131628309991298
597,597.0,29850.0,1.6260952038859875
598,598.0,29900.0,1.3253868151444053
599,599.0,29950.0,1.6822491263323647
600,600.0,30000.0,1.7863267819671595
601,601.0,30050.0,1.508995484358004
602,602.0,30100.0,1.7118561189070025
603,603.0,30150.0,1.6022203995872129
604,604.0,30200.0,1.7045869351795706
605,605.0,30250.0,1.4290477865901876
606,606.0,30300.0,1.5320842279687303
607,607.0,30350.0,1.1860603667509655
608,608.0,30400.0,1.3011180391280235
609,609.0,30450.0,1.7689489761032957
610,610.0,30500.0,1.7333062583933025
611,611.0,30550.0,1.4226195321928516
612,612.0,30600.0,1.2088838118588896
613,613.0,30650.0,1.1213340539652006
614,614.0,30700.0,1.3368748006383409
615,615.0,30750.0,0.9841005151416179
616,616.0,30800.0,1.2893575942446602
617,617.0,30850.0,1.429051914118279
618,618.0,30900.0,1.518826498820246
619,619.0,30950.0,1.6396879769944388
620,620.0,31000.0,1.6287984157705304
621,621.0,31050.0,1.763628838364174
622,622.0,31100.0,1.6433866945894464
623,623.0,31150.0,1.6621871377917532
624,624.0,31200.0,1.5849345992007655
625,625.0,31250.0,1.253486859272771
626,626.0,31300.0,1.4383842718192503
627,627.0,31350.0,1.819963994420962
628,628.0,31400.0,1.1388408727810135
629,629.0,31450.0,1.470621113177412
630,630.0,31500.0,1.5184056934671823
631,631.0,31550.0,1.5143840322886748
632,632.0,31600.0,1.5748496242752446
633,633.0,31650.0,1.6311020296041845
634,634.0,31700.0,1.3382615221600505
635,635.0,31750.0,1.4964156190342306
636,636.0,31800.0,1.1775141862558167
637,637.0,31850.0,1.1475455082196429
638,638.0,31900.0,1.4959328343519753
639,639.0,31950.0,1.3444278956329034
640,640.0,32000.0,1.2359585690535388
641,641.0,32050.0,1.093517080900259
642,642.0,32100.0,1.5759846681894716
643,643.0,32150.0,1.6400543965457883
644,644.0,32200.0,1.4296165896503892
645,645.0,32250.0,1.4184284917590644
646,646.0,32300.0,1.5902594441625635
647,647.0,32350.0,1.4480606246200365
648,648.0,32400.0,1.4212444011244831
649,649.0,32450.0,1.2088672259705713
650,650.0,32500.0,1.2202774715525233
651,651.0,32550.0,1.4224109895308121
652,652.0,32600.0,1.4877931962137927
653,653.0,32650.0,1.7593620911504395
654,654.0,32700.0,1.6294623358798648
655,655.0,32750.0,1.3649045893385594
656,656.0,32800.0,1.5192572193161225
657,657.0,32850.0,1.2100085957471862
658,658.0,32900.0,1.3124242922394418
659,659.0,32950.0,1.3721288296420215
660,660.0,33000.0,1.4624223089640835
661,661.0,33050.0,1.1896705760145705
662,662.0,33100.0,1.4209091672968746
663,663.0,33150.0,1.771740058416908
664,664.0,33200.0,1.9034602011915212
665,665.0,33250.0,1.8743094134057114
666,666.0,33300.0,1.442611409127112
667,667.0,33350.0,1.874227954988816
668,668.0,33400.0,1.8888420904672127
669,669.0,33450.0,1.8229942893373996
670,670.0,33500.0,1.614355813581082
671,671.0,33550.0,1.7022427136171037
672,672.0,33600.0,1.6643627772310687
673,673.0,33650.0,1.5352665816499966
674,674.0,33700.0,1.5527529947730463
675,675.0,33750.0,1.9291603560853843
676,676.0,33800.0,1.5212131571589496
677,677.0,33850.0,1.734900097280082
678,678.0,33900.0,1.8414346770749193
679,679.0,33950.0,1.6651874692437576
680,680.0,34000.0,1.8059501258837671
681,681.0,34050.0,1.9160408148639418
682,682.0,34100.0,1.6921201309802671
683,683.0,34150.0,1.6484892988579265
684,684.0,34200.0,1.8554388189230593
685,685.0,34250.0,1.81536960201663
686,686.0,34300.0,1.8532971869175867
687,687.0,34350.0,1.8454265079296672
688,688.0,34400.0,1.825949249694967
689,689.0,34450.0,1.9217785441706448
690,690.0,34500.0,1.7006641255990491
691,691.0,34550.0,1.716621008652087
692,692.0,34600.0,1.5320944712314744
693,693.0,34650.0,1.861267691910503
694,694.0,34700.0,1.8906951478475182
695,695.0,34750.0,1.6826420385690986
696,696.0,34800.0,1.501413495959571
697,697.0,34850.0,1.8506831648365676
698,698.0,34900.0,1.7410222135423736
699,699.0,34950.0,1.7157553110784038
700,700.0,35000.0,1.7972725910202325
701,701.0,35050.0,1.7801225018550848
702,702.0,35100.0,1.839233422048048
703,703.0,35150.0,1.5480033058713327
704,704.0,35200.0,1.6715780314621325
705,705.0,35250.0,1.7490217802838515
706,706.0,35300.0,1.6027728777933445
707,707.0,35350.0,1.6829646297906555
708,708.0,35400.0,1.8003008322709082
709,709.0,35450.0,1.9571520748513707
710,710.0,35500.0,1.7802219091073204
711,711.0,35550.0,1.691330681987136
712,712.0,35600.0,1.9036139504014102
713,713.0,35650.0,1.8595625455646538
714,714.0,35700.0,1.7132732646721733
715,715.0,35750.0,1.665898378087288
716,716.0,35800.0,1.9090820687343042
717,717.0,35850.0,1.7156234964528676
718,718.0,35900.0,1.753198460194568
719,719.0,35950.0,1.5696034396528342
720,720.0,36000.0,1.6964852527464418
721,721.0,36050.0,1.6395590627641763
722,722.0,36100.0,1.7118607282178908
723,723.0,36150.0,1.8335773452236714
724,724.0,36200.0,1.5817831257900543
725,725.0,36250.0,1.973938388318032
726,726.0,36300.0,1.8883846804065523
727,727.0,36350.0,1.7259976706383002
728,728.0,36400.0,1.4943448628383817
729,729.0,36450.0,1.80242582869846
730,730.0,36500.0,1.482129401747041
731,731.0,36550.0,1.8044816979027232
732,732.0,36600.0,1.6142606372295318
733,733.0,36650.0,1.7611807620906563
734,734.0,36700.0,1.8408523678798905
735,735.0,36750.0,1.9868805326228887
736,736.0,36800.0,1.8346183770996547
737,737.0,36850.0,1.9124740938457068
738,738.0,36900.0,1.6208759556993622
739,739.0,36950.0,1.8360373776323997
740,740.0,37000.0,1.577758470242537
741,741.0,37050.0,1.883686825796922
742,742.0,37100.0,1.8368017084020083
743,743.0,37150.0,1.7003842397173
744,744.0,37200.0,1.7462598470389705
745,745.0,37250.0,1.5396240611270295
746,746.0,37300.0,1.6779462475124673
747,747.0,37350.0,1.656767770665426
748,748.0,37400.0,1.637380191064394
749,749.0,37450.0,1.633604330785073
750,750.0,37500.0,1.6462114898643339
751,751.0,37550.0,1.7856131793941796
752,752.0,37600.0,1.5888520755645925
753,753.0,37650.0,1.705095369358118
754,754.0,37700.0,1.6094050288227382
755,755.0,37750.0,1.785556349029208
756,756.0,37800.0,1.5407348057821737
757,757.0,37850.0,1.8310582319741606
758,758.0,37900.0,1.5508918907123634
759,759.0,37950.0,1.6673854529765098
760,760.0,38000.0,1.4704967858783413
761,761.0,38050.0,1.6459751556133835
762,762.0,38100.0,1.5285014600977171
763,763.0,38150.0,1.5459655518274755
764,764.0,38200.0,1.5385197339066023
765,765.0,38250.0,1.4831343812145028
766,766.0,38300.0,1.523554148467862
767,767.0,38350.0,1.712240203677143
768,768.0,38400.0,1.5639946788017292
769,769.0,38450.0,1.8053186566558592
770,770.0,38500.0,1.81270142025366
771,771.0,38550.0,1.8524654225137283
772,772.0,38600.0,1.725937917436986
773,773.0,38650.0,1.6781000852476937
774,774.0,38700.0,1.5615041675404842
775,775.0,38750.0,1.6744372645900971
776,776.0,38800.0,1.714333907601644
777,777.0,38850.0,1.966502425530698
778,778.0,38900.0,1.9053716651600645
779,779.0,38950.0,1.5394994205459294
780,780.0,39000.0,1.8592239382024935
781,781.0,39050.0,1.8272058067828036
782,782.0,39100.0,1.8236907479424422
783,783.0,39150.0,2.0829804376128007
784,784.0,39200.0,1.7157388606297979
785,785.0,39250.0,2.0576442313829615
786,786.0,39300.0,1.7624744575315063
787,787.0,39350.0,2.0783243977963175
788,788.0,39400.0,1.6323450644532314
789,789.0,39450.0,1.8077232488967685
790,790.0,39500.0,1.5847473755938257
791,791.0,39550.0,1.8415721973454444
792,792.0,39600.0,1.7231246814933947
793,793.0,39650.0,1.7764574850940107
794,794.0,39700.0,1.6462863515067618
795,795.0,39750.0,1.7968432457991346
796,796.0,39800.0,1.7396864774031575
797,797.0,39850.0,1.8768091826387745
798,798.0,39900.0,2.0087106341666656
799,799.0,39950.0,1.817930212811882
800,800.0,40000.0,1.9565235758652801
801,801.0,40050.0,1.9657286871613575
802,802.0,40100.0,1.8911802274368164
803,803.0,40150.0,1.959676232402617
804,804.0,40200.0,1.624491822269811
805,805.0,40250.0,1.747583106526537
806,806.0,40300.0,1.6733186247364629
807,807.0,40350.0,1.4432676775505877
808,808.0,40400.0,1.6994412727997303
809,809.0,40450.0,1.3879749243904091
810,810.0,40500.0,1.5513736562223972
811,811.0,40550.0,1.70452144512875
812,812.0,40600.0,1.8586869128521382
813,813.0,40650.0,1.623459184772495
814,814.0,40700.0,1.2306544498065783
815,815.0,40750.0,1.7457540275073267
816,816.0,40800.0,1.5960823996238902
817,817.0,40850.0,1.7675907400453372
818,818.0,40900.0,1.72319500201126
819,819.0,40950.0,1.9264636451588397
820,820.0,41000.0,1.752510339470177
821,821.0,41050.0,1.7375401318106793
822,822.0,41100.0,1.6683121081312091
823,823.0,41150.0,1.6355200822893412
824,824.0,41200.0,1.7833693112855098
825,825.0,41250.0,1.862628095391466
826,826.0,41300.0,1.978252071284617
827,827.0,41350.0,1.8107510313746469
828,828.0,41400.0,1.9236264047427198
829,829.0,41450.0,1.8040901119633344
830,830.0,41500.0,1.599013780672257
831,831.0,41550.0,1.4194284885394248
832,832.0,41600.0,1.3295051151829251
833,833.0,41650.0,1.4939040064342055
834,834.0,41700.0,1.551298427965096
835,835.0,41750.0,1.6915163976163143
836,836.0,41800.0,1.5631366982874808
837,837.0,41850.0,1.2681089759594875
838,838.0,41900.0,1.4290366328362678
839,839.0,41950.0,1.409170537142229
840,840.0,42000.0,1.3779326910721659
841,841.0,42050.0,1.5816517886282135
842,842.0,42100.0,1.324806257885142
843,843.0,42150.0,1.459720859871486
844,844.0,42200.0,1.482953390041704
845,845.0,42250.0,2.108238180118149
846,846.0,42300.0,1.7942825298535368
847,847.0,42350.0,1.6480486272983736
848,848.0,42400.0,1.785832495241244
849,849.0,42450.0,1.7462522547428272
850,850.0,42500.0,1.618437055662049
851,851.0,42550.0,1.362879394107067
852,852.0,42600.0,1.4843080136634261
853,853.0,42650.0,1.5600336340219572
854,854.0,42700.0,1.1122068489340202
855,855.0,42750.0,1.4265183796134084
856,856.0,42800.0,1.4260453653280265
857,857.0,42850.0,1.8849336645751409
858,858.0,42900.0,1.5758116642601883
859,859.0,42950.0,1.557022995344862
860,860.0,43000.0,1.5269382498022537
861,861.0,43050.0,1.431299856847611
862,862.0,43100.0,1.4211740793808454
863,863.0,43150.0,1.4085690499386807
864,864.0,43200.0,1.508719222255852
865,865.0,43250.0,1.6612673793623511
866,866.0,43300.0,1.1485266639626206
867,867.0,43350.0,1.4368682575443805
868,868.0,43400.0,1.7906992325537603
869,869.0,43450.0,1.2802570949889753
870,870.0,43500.0,1.5819816311069972
871,871.0,43550.0,1.534221645973612
872,872.0,43600.0,1.4216310087479365
873,873.0,43650.0,1.5641723118622013
874,874.0,43700.0,1.3346555624238083
875,875.0,43750.0,1.581907237586775
876,876.0,43800.0,1.4079311862998833
877,877.0,43850.0,1.6914467359704055
878,878.0,43900.0,1.3597272452640428
879,879.0,43950.0,1.4573255305431638
880,880.0,44000.0,1.47874166030589
881,881.0,44050.0,1.3490264648023664
882,882.0,44100.0,1.2367643032534201
883,883.0,44150.0,1.2001891699468454
884,884.0,44200.0,1.2770415510764936
885,885.0,44250.0,1.543908525974247
886,886.0,44300.0,1.3039551125017412
887,887.0,44350.0,1.3126799674847325
888,888.0,44400.0,1.2999896151530481
889,889.0,44450.0,1.1417577622950907
890,890.0,44500.0,1.5109581404644787
891,891.0,44550.0,1.5329540548305007
892,892.0,44600.0,1.6025390301298617
893,893.0,44650.0,1.285896030748918
894,894.0,44700.0,1.3995821682897704
895,895.0,44750.0,1.532056078417354
896,896.0,44800.0,1.8746089539768611
897,897.0,44850.0,1.6311326616718014
898,898.0,44900.0,1.7725380380258091
899,899.0,44950.0,1.9635460900093114
900,900.0,45000.0,1.8953201130109187
901,901.0,45050.0,1.9244570700707075
902,902.0,45100.0,1.7493573018321968
903,903.0,45150.0,1.9549472690023264
904,904.0,45200.0,1.705340626045406
905,905.0,45250.0,1.8847801454717577
906,906.0,45300.0,1.823406410532525
907,907.0,45350.0,1.9543848900678369
908,908.0,45400.0,1.8484657614551017
909,909.0,45450.0,1.9151725629657188
910,910.0,45500.0,1.905013651906311
911,911.0,45550.0,2.0014452901888276
912,912.0,45600.0,1.9149426384911885
913,913.0,45650.0,2.089050422023417
914,914.0,45700.0,1.975389543589762
915,915.0,45750.0,1.9666993125863101
916,916.0,45800.0,2.1031222244754204
917,917.0,45850.0,2.052143855990247
918,918.0,45900.0,1.8472211782567038
919,919.0,45950.0,1.9169080843633797
920,920.0,46000.0,2.0530405043613458
921,921.0,46050.0,1.639128963023544
922,922.0,46100.0,1.8874741225233866
923,923.0,46150.0,1.9301963314944108
924,924.0,46200.0,1.8658321978901296
925,925.0,46250.0,2.0217956497719975
926,926.0,46300.0,2.0595381840134657
927,927.0,46350.0,1.9159655150976969
928,928.0,46400.0,1.9055996728918898
929,929.0,46450.0,2.0003051317550047
930,930.0,46500.0,1.9670165358125418
931,931.0,46550.0,1.8403269894344572
932,932.0,46600.0,1.9433810007155026
933,933.0,46650.0,1.9781113577011424
934,934.0,46700.0,1.8325932865094885
935,935.0,46750.0,1.8586961124993164
936,936.0,46800.0,1.6260603772922602
937,937.0,46850.0,1.6722732628137946
938,938.0,46900.0,1.7590131594291225
939,939.0,46950.0,1.8320169125344556
940,940.0,47000.0,1.5591087483829629
941,941.0,47050.0,1.4463780337795047
942,942.0,47100.0,1.462788411774447
943,943.0,47150.0,1.5257211171045648
944,944.0,47200.0,1.352531496370642
945,945.0,47250.0,1.2385408831939713
946,946.0,47300.0,1.6105772373885605
947,947.0,47350.0,1.7988581714973575
948,948.0,47400.0,1.6305798354910264
949,949.0,47450.0,1.6519362583337096
950,950.0,47500.0,1.7302210915143026
951,951.0,47550.0,1.6656280320773382
952,952.0,47600.0,1.479950280251966
953,953.0,47650.0,1.7485742469161154
954,954.0,47700.0,1.329847991287361
955,955.0,47750.0,1.5771213020644133
956,956.0,47800.0,1.7864870344571793
957,957.0,47850.0,1.4886696275336386
958,958.0,47900.0,1.4616046144863653
959,959.0,47950.0,1.6434084826289184
960,960.0,48000.0,1.609555282390415
961,961.0,48050.0,1.663344555945576
962,962.0,48100.0,1.7514813300616958
963,963.0,48150.0,1.2703217807265408
964,964.0,48200.0,1.810881423092602
965,965.0,48250.0,1.6339801772081208
966,966.0,48300.0,1.9489033003527771
967,967.0,48350.0,1.7203583272813885
968,968.0,48400.0,1.5388913099685018
969,969.0,48450.0,1.4535032295843922
970,970.0,48500.0,1.3595232458207769
971,971.0,48550.0,1.460596255711196
972,972.0,48600.0,1.7958997623614965
973,973.0,48650.0,1.53070775616861
974,974.0,48700.0,1.6901797579684703
975,975.0,48750.0,1.3954021246035753
976,976.0,48800.0,1.5464720940474779
977,977.0,48850.0,1.9178721059582358
978,978.0,48900.0,1.5591079182432266
979,979.0,48950.0,1.8839710107169516
980,980.0,49000.0,1.8302780928077382
981,981.0,49050.0,2.0012287555032473
982,982.0,49100.0,1.6940728158224567
983,983.0,49150.0,1.800587231167954
984,984.0,49200.0,1.8080517563966556
985,985.0,49250.0,1.8770425510127793
986,986.0,49300.0,1.8577689385466094
987,987.0,49350.0,1.6152902318023057
988,988.0,49400.0,1.8583895562389068
989,989.0,49450.0,1.976090296906821
990,990.0,49500.0,1.7753093513231994
991,991.0,49550.0,1.8127740710297733
992,992.0,49600.0,1.6472425929262708
993,993.0,49650.0,1.698835027460579
994,994.0,49700.0,1.916686768986901
995,995.0,49750.0,1.8174988880036278
996,996.0,49800.0,1.8442313856163521
997,997.0,49850.0,1.2556453324456804
998,998.0,49900.0,1.5140568298779653
999,999.0,49950.0,1.3851680333924394
1000,1000.0,50000.0,1.7523529520005225
