0 , 29.4325 , 0.840927 , 0.717865 , 0.626222 , 1.47162 , 1.13202 , 2_var_11.mol2
1 , 25.7517 , 1.11964 , 0.953766 , 0.830699 , 1.9809 , 1.5148 , 2_var_283.mol2
2 , 25.7596 , 0.990756 , 0.757637 , 0.613325 , 1.71731 , 1.11998 , 2_var_275.mol2
3 , 25.7573 , 0.953974 , 0.780524 , 0.660444 , 1.60983 , 1.17079 , 2_var_50.mol2
4 , 25.7498 , 1.11956 , 0.887926 , 0.73571 , 1.83927 , 1.28749 , 2_var_260.mol2
5 , 25.75 , 1.17045 , 1.03 , 0.919642 , 2.14583 , 1.71666 , 2_var_228.mol2
6 , 25.7505 , 0.804703 , 0.660269 , 0.559793 , 1.83932 , 1.22621 , 2_var_277.mol2
7 , 25.743 , 0.735514 , 0.627878 , 0.547723 , 1.28715 , 0.990115 , 2_var_12.mol2
8 , 25.7521 , 0.735775 , 0.6281 , 0.547917 , 1.28761 , 0.990466 , 2_var_5.mol2
9 , 22.0967 , 1.47311 , 1.16298 , 0.960725 , 1.84139 , 1.38104 , 2_var_175.mol2
10 , 22.0966 , 1.22759 , 1.05222 , 0.92069 , 1.69973 , 1.38103 , 2_var_179.mol2
11 , 22.0963 , 1.10482 , 0.883852 , 0.736544 , 1.84136 , 1.29978 , 2_var_95.mol2
12 , 22.0937 , 1.38085 , 1.10468 , 0.92057 , 1.84114 , 1.38085 , 2_var_30.mol2
13 , 22.092 , 1.1046 , 0.88368 , 0.7364 , 1.69938 , 1.22733 , 2_var_72.mol2
14 , 22.0976 , 1.16303 , 0.883906 , 0.712827 , 1.84147 , 1.22765 , 2_var_57.mol2
15 , 22.0917 , 1.38073 , 1.05199 , 0.849681 , 1.69936 , 1.22732 , 2_var_47.mol2
16 , 22.0845 , 1.22692 , 1.05164 , 0.920187 , 1.69881 , 1.38028 , 2_var_105.mol2
17 , 22.0954 , 1.10477 , 0.883817 , 0.736514 , 1.69965 , 1.22752 , 2_var_71.mol2
18 , 22.0967 , 1.38104 , 1.10484 , 0.920696 , 1.69975 , 1.29981 , 2_var_167.mol2
19 , 22.0864 , 1.16244 , 0.920268 , 0.761601 , 1.69896 , 1.22702 , 2_var_59.mol2
20 , 22.0819 , 1.05152 , 0.849304 , 0.712319 , 1.69861 , 1.22677 , 2_var_224.mol2
21 , 22.0708 , 1.00322 , 0.848876 , 0.735692 , 2.45231 , 1.69775 , 2_var_219.mol2
22 , 22.0853 , 1.00388 , 0.883412 , 0.788761 , 1.84044 , 1.47235 , 2_var_200.mol2
23 , 22.0872 , 1.05177 , 0.849506 , 0.712489 , 1.69901 , 1.22706 , 2_var_218.mol2
24 , 22.0827 , 1.05155 , 0.849333 , 0.712344 , 1.69867 , 1.22681 , 2_var_231.mol2
25 , 22.0785 , 1.05136 , 0.817722 , 0.669046 , 1.83988 , 1.22658 , 2_var_217.mol2
26 , 22.0785 , 1.00357 , 0.849175 , 0.735952 , 2.45317 , 1.69835 , 2_var_220.mol2
27 , 22.0809 , 1.29888 , 1.05147 , 0.883236 , 1.47206 , 1.16215 , 2_var_3.mol2
28 , 22.0868 , 1.22704 , 0.920283 , 0.736226 , 1.69898 , 1.16246 , 2_var_36.mol2
29 , 22.0736 , 0.95972 , 0.788341 , 0.668895 , 2.20736 , 1.47157 , 2_var_274.mol2
30 , 22.0774 , 1.00352 , 0.849129 , 0.735912 , 2.00703 , 1.47182 , 2_var_271.mol2
31 , 22.0719 , 1.00327 , 0.848919 , 0.73573 , 2.00654 , 1.47146 , 2_var_227.mol2
32 , 22.0774 , 1.05131 , 0.849131 , 0.712175 , 1.69826 , 1.22652 , 2_var_214.mol2
33 , 22.0884 , 0.849555 , 0.64966 , 0.525915 , 1.47256 , 0.960367 , 2_var_276.mol2
34 , 22.0674 , 1.00306 , 0.848747 , 0.735581 , 2.45194 , 1.69749 , 2_var_221.mol2
35 , 22.0726 , 0.761124 , 0.580858 , 0.46963 , 1.69789 , 1.0033 , 2_var_239.mol2
36 , 22.0855 , 1.10427 , 0.81798 , 0.649573 , 1.38034 , 0.960238 , 2_var_15.mol2
37 , 22.0638 , 1.0029 , 0.817179 , 0.689495 , 2.20638 , 1.47092 , 2_var_272.mol2
38 , 22.0726 , 1.0033 , 0.848945 , 0.735752 , 2.45251 , 1.69789 , 2_var_222.mol2
39 , 22.0687 , 0.959508 , 0.788167 , 0.668748 , 2.00624 , 1.37929 , 2_var_309.mol2
40 , 22.0761 , 1.00346 , 0.817632 , 0.689877 , 1.47174 , 1.1038 , 2_var_264.mol2
41 , 22.0729 , 0.882918 , 0.689779 , 0.565973 , 1.83941 , 1.16173 , 2_var_235.mol2
42 , 22.0768 , 1.10384 , 0.817658 , 0.649316 , 1.57691 , 1.05127 , 2_var_96.mol2
43 , 22.0764 , 0.689886 , 0.566061 , 0.479921 , 1.57688 , 1.05126 , 2_var_279.mol2
44 , 22.098 , 1.1049 , 0.818446 , 0.649942 , 1.4732 , 1.00446 , 2_var_90.mol2
45 , 22.084 , 1.22689 , 0.920167 , 0.736134 , 1.47227 , 1.05162 , 2_var_35.mol2
46 , 22.0706 , 1.00321 , 0.817428 , 0.689705 , 1.69773 , 1.22614 , 2_var_251.mol2
47 , 22.0692 , 1.05091 , 0.848815 , 0.711909 , 1.69763 , 1.22607 , 2_var_238.mol2
48 , 22.0758 , 1.10379 , 0.849068 , 0.689868 , 1.37974 , 1.00344 , 2_var_91.mol2
49 , 22.0732 , 1.05111 , 0.84897 , 0.712039 , 1.69794 , 1.22629 , 2_var_232.mol2
50 , 22.0963 , 0.92068 , 0.712784 , 0.581482 , 1.84136 , 1.16296 , 2_var_173.mol2
51 , 22.0822 , 1.10411 , 0.849316 , 0.690069 , 1.38014 , 1.00374 , 2_var_89.mol2
52 , 22.0867 , 0.883468 , 0.690209 , 0.566325 , 1.47245 , 1.00394 , 2_var_215.mol2
53 , 22.0762 , 1.10381 , 0.849085 , 0.689882 , 1.37976 , 1.00346 , 2_var_68.mol2
54 , 22.0673 , 1.00306 , 0.817308 , 0.689604 , 1.47115 , 1.10337 , 2_var_194.mol2
55 , 22.0974 , 0.960757 , 0.690544 , 0.538961 , 1.29985 , 0.8499 , 2_var_17.mol2
56 , 22.0836 , 0.960158 , 0.817912 , 0.712375 , 1.5774 , 1.22687 , 2_var_284.mol2
57 , 22.0685 , 0.817352 , 0.668742 , 0.565859 , 1.37928 , 1.00311 , 2_var_49.mol2
58 , 22.0732 , 1.00333 , 0.882929 , 0.78833 , 1.83944 , 1.47155 , 2_var_198.mol2
59 , 22.075 , 1.00341 , 0.788394 , 0.649266 , 1.83959 , 1.22639 , 2_var_258.mol2
60 , 22.0709 , 1.051 , 0.848881 , 0.711965 , 1.69776 , 1.22616 , 2_var_98.mol2
61 , 22.0691 , 1.00314 , 0.788181 , 0.64909 , 1.69762 , 1.16153 , 2_var_234.mol2
62 , 22.0677 , 0.959465 , 0.760955 , 0.630506 , 1.57626 , 1.10338 , 2_var_262.mol2
63 , 22.0958 , 1.05218 , 0.761924 , 0.597184 , 1.38099 , 0.920658 , 2_var_63.mol2
64 , 22.0725 , 1.0033 , 0.848943 , 0.735751 , 2.00659 , 1.4715 , 2_var_199.mol2
65 , 22.0818 , 0.960078 , 0.712316 , 0.5662 , 1.22677 , 0.849299 , 2_var_18.mol2
66 , 22.072 , 1.05105 , 0.848922 , 0.711999 , 1.69784 , 1.22622 , 2_var_97.mol2
67 , 22.0807 , 1.22671 , 0.960032 , 0.788598 , 1.5772 , 1.16214 , 2_var_10.mol2
68 , 22.0745 , 0.88298 , 0.735817 , 0.6307 , 1.57675 , 1.16182 , 2_var_162.mol2
69 , 22.0728 , 0.882912 , 0.712026 , 0.596562 , 1.69791 , 1.16173 , 2_var_161.mol2
70 , 22.0735 , 0.919731 , 0.735785 , 0.613154 , 1.69796 , 1.16177 , 2_var_209.mol2
71 , 22.0679 , 0.919497 , 0.735598 , 0.612998 , 1.69753 , 1.16147 , 2_var_207.mol2
72 , 22.0899 , 1.0519 , 0.76172 , 0.597024 , 1.38062 , 0.920412 , 2_var_64.mol2
73 , 22.0729 , 1.22627 , 0.919704 , 0.735763 , 1.69792 , 1.16173 , 2_var_297.mol2
74 , 22.0898 , 0.92041 , 0.736328 , 0.613607 , 1.69922 , 1.16262 , 2_var_174.mol2
75 , 22.0749 , 1.00341 , 0.761204 , 0.613192 , 1.83958 , 1.16184 , 2_var_101.mol2
76 , 22.0695 , 1.00316 , 0.761017 , 0.613042 , 1.83913 , 1.16155 , 2_var_196.mol2
77 , 22.0752 , 0.919799 , 0.712102 , 0.580925 , 1.8396 , 1.16185 , 2_var_163.mol2
78 , 22.0722 , 0.919674 , 0.735739 , 0.613116 , 1.69786 , 1.16169 , 2_var_208.mol2
79 , 22.0747 , 1.10373 , 0.81758 , 0.649255 , 1.47164 , 1.00339 , 2_var_256.mol2
80 , 22.0736 , 1.05112 , 0.848984 , 0.712052 , 1.69797 , 1.22631 , 2_var_203.mol2
81 , 22.0771 , 0.919879 , 0.735904 , 0.613253 , 1.69824 , 1.16195 , 2_var_206.mol2
82 , 22.0753 , 1.10377 , 0.883013 , 0.735844 , 1.83961 , 1.29855 , 2_var_61.mol2
83 , 22.0788 , 1.10394 , 0.817734 , 0.649377 , 1.69837 , 1.10394 , 2_var_248.mol2
84 , 22.0706 , 0.959591 , 0.788235 , 0.668806 , 2.00642 , 1.37941 , 2_var_310.mol2
85 , 22.0814 , 1.16218 , 0.920056 , 0.761426 , 1.47209 , 1.10407 , 2_var_249.mol2
86 , 22.0795 , 1.16208 , 0.817759 , 0.630842 , 1.57711 , 1.00361 , 2_var_306.mol2
87 , 22.0767 , 0.919863 , 0.73589 , 0.613242 , 1.69821 , 1.16193 , 2_var_211.mol2
88 , 22.0765 , 1.16192 , 0.883059 , 0.712144 , 1.57689 , 1.10382 , 2_var_250.mol2
89 , 22.0771 , 0.788468 , 0.56608 , 0.441542 , 1.37982 , 0.817671 , 2_var_153.mol2
90 , 22.0729 , 1.00331 , 0.788318 , 0.649203 , 1.69791 , 1.16173 , 2_var_195.mol2
91 , 22.0759 , 0.817625 , 0.689871 , 0.596645 , 1.22644 , 0.959821 , 2_var_103.mol2
92 , 22.0746 , 0.817579 , 0.689832 , 0.596611 , 1.22637 , 0.959766 , 2_var_104.mol2
93 , 22.0757 , 0.919822 , 0.649286 , 0.501721 , 1.47172 , 0.883029 , 2_var_145.mol2
94 , 22.0776 , 0.689926 , 0.566093 , 0.479948 , 1.57697 , 1.05132 , 2_var_280.mol2
95 , 22.0802 , 0.630862 , 0.460004 , 0.36197 , 1.47201 , 0.788578 , 2_var_25.mol2
96 , 22.0768 , 1.05128 , 0.84911 , 0.712156 , 1.69822 , 1.22649 , 2_var_204.mol2
97 , 22.0703 , 0.613064 , 0.441406 , 0.344848 , 1.47135 , 0.761044 , 2_var_23.mol2
98 , 22.0793 , 0.817752 , 0.581034 , 0.450598 , 1.29878 , 0.788547 , 2_var_166.mol2
99 , 22.0742 , 0.649241 , 0.479874 , 0.38059 , 1.57673 , 0.849008 , 2_var_27.mol2
100 , 22.0728 , 0.630652 , 0.538361 , 0.469634 , 1.10364 , 0.848954 , 2_var_6.mol2
101 , 22.0776 , 0.761298 , 0.58099 , 0.469737 , 1.57697 , 0.959897 , 2_var_246.mol2
102 , 22.0865 , 0.690203 , 0.56632 , 0.480141 , 1.57761 , 1.05174 , 2_var_278.mol2
103 , 18.4154 , 0.969233 , 0.736617 , 0.594046 , 1.53462 , 1.02308 , 2_var_127.mol2
104 , 18.4145 , 1.02303 , 0.876883 , 0.767272 , 1.4165 , 1.15091 , 2_var_41.mol2
105 , 18.4132 , 1.02296 , 0.800576 , 0.657616 , 1.22755 , 0.920663 , 2_var_85.mol2
106 , 18.4129 , 1.22753 , 1.02294 , 0.876804 , 1.41638 , 1.15081 , 2_var_135.mol2
107 , 18.4127 , 1.53439 , 1.31519 , 1.15079 , 1.67388 , 1.41636 , 2_var_117.mol2
108 , 18.4122 , 1.53435 , 1.31516 , 1.15076 , 1.67384 , 1.41632 , 2_var_45.mol2
109 , 18.4092 , 1.02274 , 0.87663 , 0.767052 , 1.31495 , 1.0829 , 2_var_2.mol2
110 , 18.4056 , 1.22704 , 1.02254 , 0.876459 , 1.41582 , 1.15035 , 2_var_53.mol2
111 , 18.4037 , 1.15023 , 0.920187 , 0.766823 , 1.53365 , 1.15023 , 2_var_29.mol2
112 , 18.3983 , 1.22656 , 0.968334 , 0.799928 , 1.5332 , 1.1499 , 2_var_54.mol2
113 , 18.3918 , 0.967992 , 0.766327 , 0.634202 , 1.67199 , 1.14949 , 2_var_242.mol2
114 , 18.4102 , 1.02279 , 0.876676 , 0.767092 , 1.41617 , 1.15064 , 2_var_180.mol2
115 , 18.4039 , 1.02244 , 0.876377 , 0.76683 , 1.31457 , 1.08258 , 2_var_42.mol2
116 , 18.4052 , 1.02251 , 0.87644 , 0.766885 , 1.41579 , 1.15033 , 2_var_81.mol2
117 , 18.4013 , 0.96849 , 0.736053 , 0.593591 , 1.53344 , 1.0223 , 2_var_20.mol2
118 , 18.4011 , 1.22674 , 1.02228 , 0.876243 , 1.41547 , 1.15007 , 2_var_124.mol2
119 , 18.3983 , 1.22655 , 0.968332 , 0.799926 , 1.53319 , 1.14989 , 2_var_178.mol2
120 , 18.3968 , 1.22645 , 0.968253 , 0.799861 , 1.53307 , 1.1498 , 2_var_14.mol2
121 , 18.3957 , 1.22638 , 0.968197 , 0.799815 , 1.53298 , 1.14973 , 2_var_183.mol2
122 , 18.3941 , 1.14963 , 0.875912 , 0.707467 , 1.6722 , 1.14963 , 2_var_152.mol2
123 , 18.4121 , 1.53435 , 1.31515 , 1.15076 , 1.67383 , 1.41632 , 2_var_73.mol2
124 , 18.3943 , 1.53286 , 1.31388 , 1.14964 , 1.67221 , 1.41494 , 2_var_40.mol2
125 , 18.4113 , 0.969015 , 0.736452 , 0.593913 , 1.53427 , 1.02285 , 2_var_58.mol2
126 , 18.4026 , 0.96856 , 0.736105 , 0.593633 , 1.53355 , 1.02237 , 2_var_126.mol2
127 , 18.404 , 1.22693 , 1.02245 , 0.876382 , 1.41569 , 1.15025 , 2_var_84.mol2
128 , 18.4028 , 1.02238 , 0.836493 , 0.707802 , 1.53357 , 1.15018 , 2_var_34.mol2
129 , 18.4007 , 1.22672 , 1.02226 , 0.876226 , 1.41544 , 1.15005 , 2_var_172.mol2
130 , 18.3987 , 1.22658 , 1.02215 , 0.876126 , 1.41528 , 1.14992 , 2_var_190.mol2
131 , 18.3941 , 1.22628 , 1.0219 , 0.875912 , 1.41493 , 1.14963 , 2_var_13.mol2
132 , 18.3938 , 1.14961 , 0.968097 , 0.836083 , 1.53282 , 1.22626 , 2_var_151.mol2
133 , 18.3976 , 1.4152 , 1.14985 , 0.968296 , 1.67251 , 1.31412 , 2_var_253.mol2
134 , 18.4143 , 1.53452 , 1.3153 , 1.15089 , 1.67402 , 1.41648 , 2_var_74.mol2
135 , 18.4086 , 1.53405 , 1.3149 , 1.15054 , 1.67351 , 1.41604 , 2_var_191.mol2
136 , 18.412 , 1.15075 , 0.920602 , 0.767168 , 1.41631 , 1.08306 , 2_var_111.mol2
137 , 18.4007 , 1.15005 , 0.876225 , 0.70772 , 1.53339 , 1.0824 , 2_var_267.mol2
138 , 18.3986 , 1.14991 , 0.876122 , 0.707637 , 1.53321 , 1.08227 , 2_var_143.mol2
139 , 18.4134 , 1.22756 , 1.02297 , 0.87683 , 1.41642 , 1.15084 , 2_var_107.mol2
140 , 18.3946 , 0.875936 , 0.707487 , 0.593376 , 1.41497 , 1.02192 , 2_var_223.mol2
141 , 18.4046 , 1.22697 , 1.02248 , 0.87641 , 1.41574 , 1.15029 , 2_var_108.mol2
142 , 18.3966 , 1.22644 , 1.02203 , 0.876027 , 1.41512 , 1.14979 , 2_var_176.mol2
143 , 18.3938 , 1.22625 , 1.02188 , 0.875894 , 1.41491 , 1.14961 , 2_var_78.mol2
144 , 18.3927 , 1.02182 , 0.836033 , 0.707413 , 1.53273 , 1.14955 , 2_var_33.mol2
145 , 18.4162 , 0.969276 , 0.767343 , 0.635043 , 1.41663 , 1.02312 , 2_var_31.mol2
146 , 18.3963 , 0.766511 , 0.593428 , 0.484113 , 1.53302 , 0.968225 , 2_var_164.mol2
147 , 18.4015 , 1.0223 , 0.800063 , 0.657195 , 1.22676 , 0.920073 , 2_var_82.mol2
148 , 18.4099 , 0.968944 , 0.767081 , 0.634825 , 1.41615 , 1.02277 , 2_var_128.mol2
149 , 18.396 , 1.022 , 0.876001 , 0.766501 , 1.41508 , 1.14975 , 2_var_88.mol2
150 , 18.3943 , 0.968121 , 0.735772 , 0.593364 , 1.53286 , 1.02191 , 2_var_125.mol2
151 , 18.3969 , 1.02205 , 0.799866 , 0.657033 , 1.41515 , 1.02205 , 2_var_56.mol2
152 , 18.4008 , 1.02227 , 0.736032 , 0.575025 , 1.5334 , 0.968464 , 2_var_298.mol2
153 , 18.4 , 1.08235 , 0.87619 , 0.735999 , 1.22667 , 0.96842 , 2_var_114.mol2
154 , 18.3981 , 1.22654 , 1.02212 , 0.8761 , 1.41524 , 1.14988 , 2_var_184.mol2
155 , 18.4065 , 0.968761 , 0.766936 , 0.634705 , 1.41588 , 1.02258 , 2_var_60.mol2
156 , 18.4136 , 1.22757 , 0.969136 , 0.800591 , 1.53447 , 1.15085 , 2_var_132.mol2
157 , 18.4108 , 0.876707 , 0.708109 , 0.593898 , 1.41622 , 1.02282 , 2_var_213.mol2
158 , 18.4036 , 1.22691 , 1.02242 , 0.876363 , 1.41566 , 1.15023 , 2_var_171.mol2
159 , 18.3967 , 0.836216 , 0.657027 , 0.541081 , 1.53306 , 1.02204 , 2_var_252.mol2
160 , 18.4106 , 0.920531 , 0.681875 , 0.541489 , 1.22738 , 0.836847 , 2_var_92.mol2
161 , 18.4089 , 1.22726 , 0.968888 , 0.800386 , 1.84089 , 1.31492 , 2_var_287.mol2
162 , 18.4021 , 1.15013 , 0.920107 , 0.766756 , 1.41555 , 1.08248 , 2_var_268.mol2
163 , 18.4008 , 0.968464 , 0.766701 , 0.634511 , 1.41545 , 1.02227 , 2_var_115.mol2
164 , 18.3989 , 0.968364 , 0.735956 , 0.593513 , 1.53324 , 1.02216 , 2_var_19.mol2
165 , 18.3988 , 1.02215 , 0.876133 , 0.766616 , 1.41529 , 1.14992 , 2_var_187.mol2
166 , 18.4004 , 1.02224 , 0.766682 , 0.613346 , 1.41541 , 0.968441 , 2_var_301.mol2
167 , 18.3978 , 0.6814 , 0.557509 , 0.471738 , 1.08222 , 0.799904 , 2_var_160.mol2
168 , 18.4049 , 0.920245 , 0.707881 , 0.575153 , 1.15031 , 0.836586 , 2_var_67.mol2
169 , 18.3969 , 1.22646 , 1.02205 , 0.876044 , 1.41515 , 1.14981 , 2_var_76.mol2
170 , 18.4031 , 0.920156 , 0.707813 , 0.575098 , 1.1502 , 0.836506 , 2_var_70.mol2
171 , 18.3959 , 0.766495 , 0.613196 , 0.510997 , 1.41507 , 0.968205 , 2_var_210.mol2
172 , 18.407 , 0.766957 , 0.541381 , 0.41834 , 1.22713 , 0.736278 , 2_var_140.mol2
173 , 18.4043 , 0.836558 , 0.736171 , 0.657296 , 1.53369 , 1.22695 , 2_var_202.mol2
174 , 18.4008 , 1.02227 , 0.87623 , 0.766701 , 1.41545 , 1.15005 , 2_var_188.mol2
175 , 18.4003 , 1.15002 , 0.920013 , 0.766677 , 1.4154 , 1.08237 , 2_var_112.mol2
176 , 18.3988 , 1.14993 , 0.876134 , 0.707647 , 1.53323 , 1.08228 , 2_var_168.mol2
177 , 18.4017 , 1.08246 , 0.876273 , 0.73607 , 1.22678 , 0.968513 , 2_var_113.mol2
178 , 18.4005 , 1.08238 , 0.836387 , 0.681501 , 1.41542 , 1.02225 , 2_var_300.mol2
179 , 18.4134 , 1.31524 , 1.02297 , 0.836972 , 1.53445 , 1.15084 , 2_var_282.mol2
180 , 18.3966 , 0.836209 , 0.681356 , 0.574894 , 1.41512 , 1.02203 , 2_var_257.mol2
181 , 18.394 , 0.68126 , 0.557394 , 0.471641 , 1.082 , 0.799739 , 2_var_159.mol2
182 , 18.4016 , 0.92008 , 0.681541 , 0.541223 , 1.22677 , 0.836436 , 2_var_69.mol2
183 , 18.3977 , 0.799899 , 0.613256 , 0.497234 , 1.41521 , 0.919884 , 2_var_261.mol2
184 , 18.4028 , 1.08252 , 0.836492 , 0.681586 , 1.31449 , 0.968569 , 2_var_66.mol2
185 , 18.4134 , 1.08314 , 0.836971 , 0.681976 , 1.31524 , 0.969124 , 2_var_79.mol2
186 , 18.3968 , 0.836217 , 0.707569 , 0.613226 , 1.67243 , 1.22645 , 2_var_201.mol2
187 , 18.4055 , 0.968711 , 0.766896 , 0.634673 , 1.41581 , 1.02253 , 2_var_52.mol2
188 , 18.3956 , 1.02198 , 0.875979 , 0.766482 , 1.41504 , 1.14972 , 2_var_87.mol2
189 , 18.395 , 0.96816 , 0.735802 , 0.593388 , 1.53292 , 1.02195 , 2_var_22.mol2
190 , 18.3943 , 0.875918 , 0.707472 , 0.593364 , 1.41494 , 1.0219 , 2_var_237.mol2
191 , 18.3948 , 0.836125 , 0.656956 , 0.541022 , 1.31391 , 0.919738 , 2_var_193.mol2
192 , 18.405 , 0.920248 , 0.681665 , 0.541322 , 1.15031 , 0.800216 , 2_var_16.mol2
193 , 18.3961 , 1.02201 , 0.799831 , 0.657004 , 1.31401 , 0.968217 , 2_var_243.mol2
194 , 18.4027 , 0.766778 , 0.613423 , 0.511186 , 1.41559 , 0.968562 , 2_var_212.mol2
195 , 18.398 , 0.766584 , 0.593484 , 0.484158 , 1.53317 , 0.968317 , 2_var_205.mol2
196 , 18.4019 , 0.836449 , 0.707765 , 0.613396 , 1.6729 , 1.22679 , 2_var_197.mol2
197 , 18.4003 , 1.08237 , 0.836376 , 0.681492 , 1.31431 , 0.968436 , 2_var_80.mol2
198 , 18.3967 , 1.22645 , 0.919837 , 0.73587 , 1.67243 , 1.1498 , 2_var_289.mol2
199 , 18.4087 , 0.836758 , 0.634782 , 0.511352 , 1.53406 , 0.968878 , 2_var_102.mol2
200 , 18.4046 , 0.736185 , 0.575145 , 0.471914 , 1.22698 , 0.836574 , 2_var_216.mol2
201 , 18.4019 , 0.968519 , 0.766744 , 0.634547 , 1.41553 , 1.02233 , 2_var_32.mol2
202 , 18.4008 , 1.15005 , 0.876229 , 0.707724 , 1.5334 , 1.0824 , 2_var_144.mol2
203 , 18.4003 , 1.08237 , 0.836376 , 0.681491 , 1.31431 , 0.968435 , 2_var_121.mol2
204 , 18.3963 , 0.836197 , 0.657012 , 0.541068 , 1.31402 , 0.919816 , 2_var_263.mol2
205 , 18.3993 , 1.08231 , 0.836333 , 0.681456 , 1.41533 , 1.02218 , 2_var_299.mol2
206 , 18.4019 , 1.02233 , 0.766745 , 0.613396 , 1.31442 , 0.920094 , 2_var_294.mol2
207 , 18.395 , 1.02195 , 0.735801 , 0.574844 , 1.415 , 0.919751 , 2_var_293.mol2
208 , 18.4082 , 1.02268 , 0.800356 , 0.657435 , 1.31487 , 0.968852 , 2_var_9.mol2
209 , 18.4182 , 0.682156 , 0.472262 , 0.361141 , 1.15114 , 0.657793 , 2_var_165.mol2
210 , 18.3963 , 0.79984 , 0.61321 , 0.497198 , 1.4151 , 0.919816 , 2_var_259.mol2
211 , 18.3947 , 0.766447 , 0.593378 , 0.484072 , 1.53289 , 0.968143 , 2_var_170.mol2
212 , 18.4156 , 0.837073 , 0.6577 , 0.541635 , 1.41658 , 0.969242 , 2_var_157.mol2
213 , 18.3984 , 0.799931 , 0.681422 , 0.593497 , 1.5332 , 1.1499 , 2_var_291.mol2
214 , 18.4137 , 0.657633 , 0.472147 , 0.368274 , 1.15086 , 0.68199 , 2_var_154.mol2
215 , 18.3982 , 0.968325 , 0.681414 , 0.525662 , 1.31416 , 0.836281 , 2_var_305.mol2
216 , 18.3967 , 0.968249 , 0.766531 , 0.63437 , 1.41513 , 1.02204 , 2_var_51.mol2
217 , 18.3952 , 1.1497 , 0.919758 , 0.766465 , 1.41501 , 1.08207 , 2_var_226.mol2
218 , 18.4023 , 0.920117 , 0.681568 , 0.541246 , 1.41557 , 0.920117 , 2_var_247.mol2
219 , 18.3983 , 0.799927 , 0.681419 , 0.593494 , 1.53319 , 1.14989 , 2_var_292.mol2
220 , 18.3957 , 1.22638 , 0.968195 , 0.799813 , 1.53298 , 1.14973 , 2_var_308.mol2
221 , 18.4161 , 0.657718 , 0.449173 , 0.341039 , 1.22774 , 0.657718 , 2_var_149.mol2
222 , 18.4003 , 1.02224 , 0.876203 , 0.766678 , 1.3143 , 1.08237 , 2_var_1.mol2
223 , 18.3926 , 1.02181 , 0.799677 , 0.656878 , 1.22617 , 0.919629 , 2_var_86.mol2
224 , 18.4054 , 0.657335 , 0.460134 , 0.353949 , 1.15034 , 0.657335 , 2_var_99.mol2
225 , 18.3969 , 0.799864 , 0.657031 , 0.557481 , 1.83969 , 1.22646 , 2_var_273.mol2
226 , 18.3912 , 0.766302 , 0.593266 , 0.48398 , 1.5326 , 0.96796 , 2_var_169.mol2
227 , 18.3954 , 1.14971 , 0.875973 , 0.707516 , 1.41503 , 1.02197 , 2_var_48.mol2
228 , 18.3952 , 1.1497 , 0.919762 , 0.766468 , 1.41502 , 1.08207 , 2_var_225.mol2
229 , 18.3962 , 0.968222 , 0.766509 , 0.634352 , 1.67238 , 1.14976 , 2_var_241.mol2
230 , 18.3961 , 0.634347 , 0.471694 , 0.37543 , 1.41508 , 0.799829 , 2_var_245.mol2
231 , 18.3943 , 0.76643 , 0.541009 , 0.418053 , 1.22629 , 0.735773 , 2_var_146.mol2
232 , 18.4003 , 0.836377 , 0.634493 , 0.511119 , 1.53336 , 0.968437 , 2_var_233.mol2
233 , 18.4149 , 0.736596 , 0.52614 , 0.40922 , 1.15093 , 0.708265 , 2_var_44.mol2
234 , 18.4049 , 0.657316 , 0.448899 , 0.340831 , 1.22699 , 0.657316 , 2_var_147.mol2
235 , 18.4027 , 0.681581 , 0.484281 , 0.375565 , 1.08251 , 0.657239 , 2_var_156.mol2
236 , 18.4015 , 0.681538 , 0.471834 , 0.360814 , 1.1501 , 0.657197 , 2_var_141.mol2
237 , 18.4005 , 0.836385 , 0.65716 , 0.54119 , 1.41542 , 0.968446 , 2_var_158.mol2
238 , 18.3996 , 0.735985 , 0.574988 , 0.471785 , 1.5333 , 0.968401 , 2_var_236.mol2
239 , 18.4034 , 0.920172 , 0.707825 , 0.575107 , 1.15021 , 0.83652 , 2_var_37.mol2
240 , 18.4023 , 0.920114 , 0.657224 , 0.511174 , 1.15014 , 0.766762 , 2_var_304.mol2
241 , 18.4055 , 0.920275 , 0.707904 , 0.575172 , 1.15034 , 0.836613 , 2_var_38.mol2
242 , 18.3975 , 0.541104 , 0.399946 , 0.317199 , 1.31411 , 0.707597 , 2_var_28.mol2
243 , 18.3992 , 0.766634 , 0.541153 , 0.418164 , 1.22661 , 0.735968 , 2_var_139.mol2
244 , 18.4007 , 0.920037 , 0.73603 , 0.613358 , 1.5334 , 1.0824 , 2_var_62.mol2
245 , 18.4002 , 0.657151 , 0.471801 , 0.368005 , 1.15001 , 0.68149 , 2_var_150.mol2
246 , 18.4024 , 0.968547 , 0.766766 , 0.634565 , 1.41557 , 1.02235 , 2_var_116.mol2
247 , 18.4082 , 0.681783 , 0.472004 , 0.360944 , 1.15051 , 0.657434 , 2_var_155.mol2
248 , 18.4071 , 0.657396 , 0.448953 , 0.340872 , 1.22714 , 0.657396 , 2_var_148.mol2
249 , 18.3882 , 0.525378 , 0.383088 , 0.301446 , 1.22588 , 0.656722 , 2_var_26.mol2
250 , 18.4024 , 0.876306 , 0.613414 , 0.471857 , 1.0825 , 0.707786 , 2_var_295.mol2
251 , 18.4002 , 0.681488 , 0.4718 , 0.360788 , 1.15001 , 0.657149 , 2_var_142.mol2
252 , 18.3951 , 0.510976 , 0.367902 , 0.287424 , 1.22634 , 0.634314 , 2_var_24.mol2
253 , 18.4083 , 0.657439 , 0.460207 , 0.354006 , 1.15052 , 0.657439 , 2_var_100.mol2
254 , 18.3994 , 0.634461 , 0.471779 , 0.375497 , 1.53328 , 0.836335 , 2_var_240.mol2
255 , 14.7327 , 0.982183 , 0.775408 , 0.640554 , 1.22773 , 0.920797 , 2_var_83.mol2
256 , 14.727 , 1.22725 , 1.05193 , 0.920439 , 1.33882 , 1.13285 , 2_var_118.mol2
257 , 14.7265 , 1.22721 , 1.05189 , 0.920404 , 1.33877 , 1.13281 , 2_var_186.mol2
258 , 14.7281 , 0.775164 , 0.589125 , 0.475101 , 1.22734 , 0.818229 , 2_var_21.mol2
259 , 14.725 , 0.981669 , 0.775002 , 0.640219 , 1.22709 , 0.920315 , 2_var_177.mol2
260 , 14.7318 , 1.22765 , 1.05227 , 0.920739 , 1.33926 , 1.13322 , 2_var_93.mol2
261 , 14.7233 , 1.22694 , 1.05167 , 0.920208 , 1.33848 , 1.13256 , 2_var_181.mol2
262 , 14.7242 , 1.22702 , 1.05173 , 0.920262 , 1.33856 , 1.13263 , 2_var_129.mol2
263 , 14.7147 , 1.22622 , 1.05105 , 0.919667 , 1.3377 , 1.1319 , 2_var_109.mol2
264 , 14.7265 , 0.866266 , 0.701263 , 0.589061 , 0.981768 , 0.77508 , 2_var_4.mol2
265 , 14.7284 , 1.22736 , 1.05203 , 0.920523 , 1.33894 , 1.13295 , 2_var_94.mol2
266 , 14.7236 , 1.22697 , 1.05169 , 0.920228 , 1.33851 , 1.13259 , 2_var_119.mol2
267 , 14.7265 , 1.05189 , 0.81814 , 0.669387 , 1.22721 , 0.920408 , 2_var_281.mol2
268 , 14.7295 , 1.13304 , 0.920596 , 0.775239 , 1.33905 , 1.05211 , 2_var_230.mol2
269 , 14.721 , 0.9814 , 0.77479 , 0.640043 , 1.22675 , 0.920063 , 2_var_75.mol2
270 , 14.7295 , 1.13304 , 0.920594 , 0.775237 , 1.33905 , 1.05211 , 2_var_229.mol2
271 , 14.726 , 0.981732 , 0.81811 , 0.701237 , 1.4726 , 1.13277 , 2_var_285.mol2
272 , 14.7237 , 1.22697 , 1.05169 , 0.920229 , 1.33852 , 1.13259 , 2_var_133.mol2
273 , 14.7236 , 1.22696 , 1.05168 , 0.920222 , 1.3385 , 1.13258 , 2_var_39.mol2
274 , 14.7233 , 1.22694 , 1.05166 , 0.920204 , 1.33848 , 1.13256 , 2_var_46.mol2
275 , 14.7233 , 1.22694 , 1.05166 , 0.920204 , 1.33848 , 1.13256 , 2_var_134.mol2
276 , 14.7222 , 0.981479 , 0.774852 , 0.640095 , 1.22685 , 0.920136 , 2_var_136.mol2
277 , 14.7277 , 1.1329 , 0.92048 , 0.775141 , 1.33888 , 1.05198 , 2_var_266.mol2
278 , 14.7226 , 1.13251 , 0.920163 , 0.774874 , 1.33842 , 1.05162 , 2_var_254.mol2
279 , 14.7154 , 1.22628 , 1.0511 , 0.919713 , 1.33776 , 1.13196 , 2_var_110.mol2
280 , 14.7224 , 0.701065 , 0.490746 , 0.377497 , 0.866022 , 0.566245 , 2_var_296.mol2
281 , 14.7215 , 0.981431 , 0.817859 , 0.701022 , 1.13242 , 0.920092 , 2_var_123.mol2
282 , 14.7295 , 0.818308 , 0.613731 , 0.490985 , 1.13304 , 0.775239 , 2_var_302.mol2
283 , 14.7307 , 0.589226 , 0.420876 , 0.327348 , 0.920666 , 0.566564 , 2_var_43.mol2
284 , 14.721 , 1.13239 , 0.920064 , 0.774791 , 1.33828 , 1.0515 , 2_var_265.mol2
285 , 14.7227 , 1.22689 , 1.05162 , 0.920168 , 1.33843 , 1.13251 , 2_var_130.mol2
286 , 14.7225 , 1.22688 , 1.05161 , 0.920158 , 1.33841 , 1.1325 , 2_var_120.mol2
287 , 14.7272 , 0.775117 , 0.613635 , 0.507836 , 1.13286 , 0.818179 , 2_var_7.mol2
288 , 14.726 , 0.98173 , 0.818108 , 0.701236 , 1.33872 , 1.05185 , 2_var_286.mol2
289 , 14.7235 , 0.981564 , 0.774919 , 0.64015 , 1.47235 , 1.05168 , 2_var_288.mol2
290 , 14.7313 , 0.818403 , 0.701488 , 0.613802 , 1.13317 , 0.920703 , 2_var_55.mol2
291 , 14.7255 , 1.22712 , 1.05182 , 0.920341 , 1.33868 , 1.13273 , 2_var_182.mol2
292 , 14.7231 , 0.981538 , 0.774898 , 0.640134 , 1.22692 , 0.920192 , 2_var_307.mol2
293 , 14.7281 , 0.866357 , 0.669458 , 0.545484 , 1.05201 , 0.775162 , 2_var_65.mol2
294 , 14.7242 , 0.86613 , 0.669282 , 0.545341 , 1.05173 , 0.774958 , 2_var_122.mol2
295 , 14.724 , 0.774946 , 0.588959 , 0.474967 , 1.227 , 0.817998 , 2_var_8.mol2
296 , 14.7273 , 0.981818 , 0.818181 , 0.701298 , 1.13287 , 0.920454 , 2_var_189.mol2
297 , 14.7255 , 0.981702 , 0.775028 , 0.640241 , 1.22713 , 0.920346 , 2_var_131.mol2
298 , 14.7231 , 1.22693 , 1.05165 , 0.920194 , 1.33846 , 1.13255 , 2_var_192.mol2
299 , 14.7297 , 0.736484 , 0.545544 , 0.433226 , 0.981979 , 0.669531 , 2_var_255.mol2
300 , 14.7276 , 0.866328 , 0.669435 , 0.545466 , 1.05197 , 0.775135 , 2_var_138.mol2
301 , 14.7263 , 0.981751 , 0.775066 , 0.640272 , 1.22719 , 0.920391 , 2_var_77.mol2
302 , 14.7323 , 0.736614 , 0.50801 , 0.387692 , 0.982152 , 0.613845 , 2_var_303.mol2
303 , 14.7275 , 0.818192 , 0.640325 , 0.525981 , 1.05196 , 0.77513 , 2_var_244.mol2
304 , 14.7212 , 1.22677 , 1.05152 , 0.920077 , 1.33829 , 1.1324 , 2_var_185.mol2
305 , 14.7259 , 0.818105 , 0.701233 , 0.613579 , 1.13276 , 0.920368 , 2_var_106.mol2
306 , 14.7225 , 0.866031 , 0.669205 , 0.545279 , 1.05161 , 0.77487 , 2_var_137.mol2
307 , 14.7225 , 0.64011 , 0.433015 , 0.327167 , 0.77487 , 0.490751 , 2_var_270.mol2
308 , 14.7248 , 0.981653 , 0.73624 , 0.588992 , 1.33862 , 0.9203 , 2_var_290.mol2
309 , 14.7297 , 0.64042 , 0.420847 , 0.313397 , 0.818314 , 0.490988 , 2_var_269.mol2
